context,timestamp,show_episode
"Doctor Who (19 Sep 2015; Twelfth Doctor) - The Magician's Apprentice

(The Planet Karn)
[OHILA] He has asked to see you. His servants seek you everywhere. Willyou go?
[DOCTOR] No.
[OHILA] Why do you always lie?
[DOCTOR] Why do you always assume I'm lying?
[OHILA] It saves time. The truth - will you go?
[DOCTOR] No.
[OHILA] When?
[DOCTOR] Soon.
[OHILA] Why? Did something happen?
[DOCTOR] No.
[OHILA] Was it recent?
[DOCTOR] Yes.
[OHILA] Whatever it was, you owe that creature nothing.
[DOCTOR] He and I've known each other a long time.
[OHILA] You've been enemies for all of it.
[DOCTOR] An enemy's just a friend you don't really know yet. Sorry.What, was that me being cynical again?
[OHILA] Aren't we friends, Doctor?
[DOCTOR] That's different. I don't like you!
[OHILA] (laughs) Which means you can trust me.
[DOCTOR] You know who to give that to?
[DOCTOR] I won't go straight away. I'll hang out for a bit. Probablymeditate on a rock somewhere. Get myself ready.
[OHILA] You are embarking on an enterprise that will end in yourdestruction.
[DOCTOR] You could say that about being born.
[OHILA] Wherever you go, there are people who care enough to find you.
[DOCTOR] Look after the universe for me. I've put a lot of work into it.
[OHILA] Anyone can hide from an enemy, Doctor. No one from a friend.

---------------------------------------

(Doctor's room)
[DOCTOR] How many days have I been here?
[BORS] About three hours.
[DOCTOR] Three hours?
[BORS] Well, nearly.
[DOCTOR] Maybe Clara's right. She keeps telling me I've got Attention Deficiter something or other.
[BORS] What is your journey?
[DOCTOR] You can't come with me, Bors.
[BORS] I'm pledged to your service ever since you saved my life.
[DOCTOR] I didn't save your life. You had a splinter.
[BORS] Where is it you go, and why must you meditate first?
[DOCTOR] Someone I know is very sick. He'll want to see me before(pause) whilethere's still time.
[BORS] An old friend?
[DOCTOR] Someone I've known a very long time.
[BORS] If there is danger, let me ride at your side.
[DOCTOR] You can't help me, not where I'm going. I have to get myselfready. I have to be alone. I have to think. No more distractions.
[BORS] As you wish, Sir Doctor.
[DOCTOR] Urgh. Hang on a minute. (stands up) The water.
[BORS] The water, sir?
[DOCTOR] I don't like it. Ican't meditate properly without decent water.

---------------------------------------

(Outside the castle)
[DOCTOR] We're going to dig a well! Right on, er,this spot. There will be excellent water here.
[BORS] How'd you know?
[DOCTOR] Oh, I'm very good at water.
[DOCTOR] This is definitely a good spot for water.
[BORS] But this is the twelfth place you've made us dig.
[DOCTOR] Well, twelve is my lucky number.
[DOCTOR] Here. No, here. Look at this grass. This iswatery grass. Follow the squelchy.
[BORS] Well, you've all the water you need now and it is the finest inthe land. Your meditation can begin.
[DOCTOR] Yes, I suppose it can. Except.
[BORS] Except?
[DOCTOR] Do you know what thiswell really needs?
[BORS] Nothing. It's perfect.
[DOCTOR] A visitor's centre.
[BORS] Everyone has agreed on the plan for the throne room extension,but we're we're not quite sure what you mean by a sun roof.
[DOCTOR] Look at this coin. You see it?
[BORS] (putting down his armful of scrolls) I see it.
[DOCTOR] Where is it now?
[BORS] There. (pointing to the correct hand.)
[DOCTOR] No, it isn't.
[BORS] Yes, it is. I saw it.
[DOCTOR] Are you sure? I'm really a very good magician.
[BORS] What is it you dread?
[DOCTOR] Why would I dread anything?
[BORS] You're always making jokes. You never sit still, like you'rerunning in fear of days to come.
[DOCTOR] I thought you were an idiot.
[BORS] I know. I thought that too.
[DOCTOR] Good. I was worried I would have to break it to you

---------------------------------------

(Doctor's room)
[BORS] Are you sure?
[DOCTOR] I've been avoiding it. One last night, then I have to go.
[BORS] Do you wish to be alone?
[DOCTOR] I have to prepare myself.
[BORS] But why? You've never explained.
[DOCTOR] I did something wrong. I let somebody down when I should havebeen brave enough and strong enough to do better. Tomorrow I pay theprice. Tonight, I make myself ready.
[BORS] Goodbye, Magician. You have widened my mind.
[DOCTOR] You do realise you're still an idiot.
[BORS] Yeah.
[DOCTOR] Good. I have to be quiet now. Quiet as the grave.
[BORS] I do not believe you are capable of silence.
[DOCTOR] Oh? Oh, well, we'll see about that, shall we?
[BORS] We shall, Sir Doctor.
[DOCTOR] No more distractions. Got to focus. No more distractions. Bors!
[DOCTOR] Are you any good with a broadsword?
[BORS] Yes.
[DOCTOR] Fancy a friendly?
[BORS] Enough, Magician! I do not believe that you will meditate. It isnotin your nature. If this is to be your last night here then we shallcelebrate. There shall be revels. But first past, tell me your story.Tellme how you came to this place and why now you are compelled to leaveit. Iwill not depart this room until you do so.
[DOCTOR] (standing) I suppose I do owe you.
[BORS] I have served you loyally, Sir Doctor.
[DOCTOR] Yes. Yes, you have.
[BORS] Then begin your tale.
[DOCTOR] Well, a little while ago, a very long way from here, I waslooking for a bookshop. Instead, I found a battlefield. Story of mylife. I've seen many battlefields. But this one will be different. Thisone will be my last.

---------------------------------------

(Battlefield)
[SOLDIER] Spread out! Get down!
[SOLDIER] What's wrong?
[KANZO] Was that a child?
[KANZO] Hey! You there, stop! Stop running!
[KANZO] It's okay. I'm not going to hurt you. Just don't run.
[SOLDIER] Kanzo?
[KANZO] I'll catch up.
[SOLDIER] There are clam drones two miles away.
[KANZO] I know. I'll be fine. Just go.
[KANZO] What are you doing out here, huh? Did you get lost?
[KANZO] Stay still. Stay absolutely still.
[KANZO] I'm just scanning the ground. I think we've got company. Do youknow what hand mines are?
[KANZO] Well, in that case you know you've got to stand absolutelystill. Right?
[KANZO] Have you ever seen a hand mine? (nod) Where?
[KANZO] Okay. It's okay. Everything's going to be fine
[BOY] Help me! Someone, please! Help me! Help me!
[DOCTOR [OC]] Your chances of survival are about one in a thousand. Sohere's what you do. You forget the thousand, and you concentrate on theone. Pick it up. I said, pick it up!
[DOCTOR [OC]] I'm straight ahead of you, about fifty feet. Can you seeme?
[DOCTOR] The device in your hand is creating an acoustic corridor, sothat we can talk. Do you understand?
[BOY] Who are you?
[DOCTOR] Oh, I'm just a passer-by. I was looking for a bookshop. How doyou think I'm doing?
[BOY] This isn't a bookshop.
[DOCTOR] No, this is a war. A very old one, going by the mix oftechnology. Which war is this? I get them all muddled up.
[BOY] It's just the war.
[DOCTOR] Where am I? What planet is this?
[BOY] I don't understand.
[DOCTOR] Well, neither do I. I try never to understand. It's called anopen mind. Now, you have got to make a choice.
[BOY] A choice?
[DOCTOR] Yes, you have got to decide that you're going to live. Survivalis just a choice. Choose it now.
[BOY] If I move, they'll get me.
[DOCTOR] I told you, you have one chance in a thousand. But one is allyou ever need. What's your name? Come on, faith in the future.Introduce yourself! Tell me the name of the boy who isn't going to dietoday.
[BOY] Davros. My name is Davros. Hello? Are you still there? Please,you've got to help me. You said I could survive. You said you'd helpme. Help me!

---------------------------------------

(The Maldovarium)
[SINGER] Father, why are all the women weeping?
[COLONY SARFF] We are Colony Sarff. We bring harm.
[COLONY SARFF] Where is the Doctor? (looking round) Where is the Doctor?
[COLONY SARFF] Where is the Doctor!

---------------------------------------

(The Shadow Proclamation)
[SHADOW ARCHITECT] Deploy the under-regiment across both sectors. Thatnumber of suicide moons cannot be ignored.
[SHADOW ARCHITECT] Apparently we have a security breach. I won't ask howyou got in here, but I will demand to know your business, Colony Sarff.
[COLONY SARFF] Where is the Doctor?
[SHADOW ARCHITECT] I've no idea. He's not our concern, and he'scertainly not your employer's.
[COLONY SARFF] The Doctor is required.
[SHADOW ARCHITECT] For what? Colony Sarff, you need to tell me. Whatdoes Davros want with the Doctor?

---------------------------------------

(Karn)
[OHILA] Welcome, Colony Sarff. We are the Sisterhood of Karn. If you donot leave our world immediately, we will take your skin.
[COLONY SARFF] Where is the Doctor?
[OHILA] Where he always is. Right behind you, and one step ahead. Treadcarefully when you seek the Doctor, Colony Sarff, or he will be thelast thing you find.
[COLONY] Davros, creator of the Daleks, dark Lord of Skaro.
[OHILA] What of him?
[COLONY SARFF] Davros is dying.
[OHILA] Davros is ancient. He should have been dust centuries ago.
[COLONY SARFF] He has a message for the Doctor.
[OHILA] Then you will give it to me.
[OHILA] Your powers mean nothing here. Give me the message and leave.
[COLONY SARFF] Tell the Doctor, Davros knows. Davros remembers. Tell himhe must face Davros one last time.
[COLONY SARFF] (leaving) Davros knows. Davros remembers.
[OHILA] Doctor? What have you done?

---------------------------------------

(Davros' room)
[DAVROS] Doctor. Doctor. Doctor.
[COLONY SARFF] You are dreaming, Lord Davros.
[DAVROS] No. I am anticipating.
[COLONY SARFF] He cannot be found.
[DAVROS] Of course he can. He has a weakness. If you seek the Doctor,first seek his friends.

---------------------------------------

(Classroom)
[RYAN] Will I get it back after school?
[CHILDREN] Urgh!
[CLARA] How will you know which one's yours?
[CLARA] Fine, then. Right. Now, where was I? Jane Austen. Amazingwriter, brilliant comic observer, and strictly among ourselves, aphenomenal kisser.
[ALISON] Miss? Miss?
[RYAN] Miss?
[ALISON] Is she okay?
[CLARA] Everybody turn on their phones. News websites and Twitter.
[RYAN] Twitter?
[CLARA] Hashtag, #ThePlanesHaveStopped
[BBC NEWSREADER] Reports are coming in of planes hanging apparentlymotionless in the sky.
[TV NEWSREADER] Footage of passenger jets, which have seemingly come toa complete standstill in mid-air.

---------------------------------------

(Classroom)
[MR DUNLOP] Miss Oswald, a call at the office.
[CLARA] Yeah, that would probably be UNIT.
[MR DUNLOP] They're telling me you're needed. They were going to put methrough to the Prime Minister.
[CLARA] Mister Dunlop, sorry. I have to take the rest of the day offowing to a, er, personal crisis.

---------------------------------------

(Outside the school)
[CLARA] Yes. Yes, yes, yes, I'm coming. No, don't send a helicopter.Think it through.
[NEWSREADER [OC]] Attempts at communications withthe planes, with pilots, crew, passengers, all have failed.
[NEWSREADER [OC]] Family members with candlelight vigils around the world.Meanwhile, reports are coming in from Caracas, Tel Aviv, Beijing. Itseems no corner of the planet is unaffected.

---------------------------------------

(UNIT HQ)
[KATE] The planes aren't responding. No, none ofthem. It's radio silence. I've got to go. Tell the President I'll callhim back.
[KATE] He's not answering his phone. Have you tried?
[CLARA] We don't know enough yet. He doesn't appreciate gossip.
[KATE] Gossip?
[CLARA] How many planes?
[JAC] 4,165 aircraft currently airborne.
[KATE] That's a lot of passengers.
[CLARA] That's a lot of fuel.
[KATE] Oh, dear God. Yes, it is.
[CLARA] Okay, so, what could you do with 4,000 flying bombs?
[JAC] Ah, well, 439 nuclear power stations currently active.
[KATE] What else?
[CLARA] I dunno. Er, fault lines. Earthquake, a tsunami?
[JAC] Running simulations now.
[KATE] So this is an attack?
[CLARA] What kind of an attack advertises? Why show somebody what youcan do? Why not just do it? What's actually happened to the planes?What are the pilots saying?
[KATE] We, we can't contact them.
[JAC] The planes haven't stopped. They're actually frozen. Like, frozenin time. Pardon my sci-fi, but this is beyond any human technology.
[KATE] Okay, so we need the Doctor.
[CLARA] Kate, we can't just phone the Doctor and bleat, he'll goScottish. Come on. What have we got? What do we know? It's not anattack, it's not an invasion, because, well, that doesn't come with afair warning. So, somebody needs our attention. Somebody who needs toput a gun to our heads to make us listen. Oh.
[KATE] Oh?
[MIKE] We've got a message. The Doctor channel.
[CLARA] Sorry, what?
[KATE] He never uses it. I doubt he remembers it even exists.
[CLARA] Then who is it?
[MIKE] Decrypting. We're getting text through, I think.
[CLARA] Texting? Definitely not the Doctor.
[TEXT] You so fine.
[KATE] Have you got any more?
[MIKE] Coming.
[TEXT] You blow my mind. Hey Missy, you so fine, you so fine, you blowmy mind! Hey Missy!!!
[MISSY [on monitor]] Today, I shall be talking to you out of (suddenly 3D)the square window!
[KATE] What the hell was that? How did she do that?
[JAC] Dunno. Some sort of psychic projection, or something.
[KATE] Oh great, thanks.
[MISSY [on monitor]] Okay, cutting to the chase. Not dead, back, bigsurprise, never mind. I'm in a lovely little square in one of your, oh,I don't know, hot countries. There's a light breeze coming from theeast, this coffee is a buzz-monster in my brain, and I'm going to needeight snipers.
[KATE] Eight what?
[MISSY [on monitor]] Three for each heart, and two for my brain stem. You'llhave to switch me off fast, before I can regenerate. How fast can youget here? Ooo, I'll need to arrange you a flight corridor.
[KATE] Why do you need snipers?
[MISSY [monitor]] Because it's the only way she'll feel safe enough totalk to me. Shall we say four o'clock?

---------------------------------------

(Mediterranean plaza)
[MISSY] Oh, saucy.
[MISSY] Go on, then.
[MISSY] How's your boyfriend? Still tremendously dead, I expect.
[CLARA] Still dead, yeah. How come you're still alive?
[MISSY] Death is for other people, dear. Would you like to sit in theshade? I know how you humans burn.
[MISSY] Better? I expect you've tried to contact him by now. Well, youshould know, I can't find him either. No one can.
[CLARA] That happens, now and then.
[MISSY] Not like this.
[MISSY] It's a confession dial.
[CLARA] A what?
[MISSY] In your terms, a will. The Last Will and Testament of the TimeLord known as the Doctor, to be delivered, according to ancienttradition, to his closest friend, on the eve of his final day.
[MISSY] Ah, ah! What are you doing?
[CLARA] You said. I thought.
[MISSY] No, no, no, no, no. It was delivered to me.
[CLARA] You?
[MISSY] Well of course it was sent to me. What have you got to do withit? I'm his friend. You're just
[CLARA] I'm just what?
[MISSY] See that couple over there?
[MISSY] You're the puppy.
[CLARA] Since when do you care about the Doctor?
[MISSY] Since always. Since the Cloister Wars. Since the night he stolethe moon and the President's wife. Since he was a little girl. One ofthose was a lie. Can you guess which one?
[CLARA] He's not your friend. You keep trying to kill him.
[MISSY] He keeps trying to kill me. It's sort of our texting. We've beenat it for ages.
[CLARA] Mmm. Must be love.
[MISSY] Oh, don't be disgusting. We're Time Lords, not animals. Try,nano-brain, to rise above the reproductive frenzy of your noisy littlefood chain, and contemplate friendship. A friendship older than yourcivilisation, and infinitely more complex.
[CLARA] So the Doctor is your bezzy mate and I'm supposed to believethat you've turned good?
[MISSY] Good?
[SOLDIER [OC]] Man down!
[CLARA] (sotto) No!
[SOLDIER [OC]] Man down!

---------------------------------------

(UNIT HQ)
[KATE] Don't shoot her. Do not shoot her!

---------------------------------------

(Mediterranean plaza)
[MISSY] By the ring on his finger, he was married,and I, I think I detected some baby leakage on his jacket, so he had afamily. No, I've not turned good.

---------------------------------------

(UNIT HQ)
[KATE] Nobody fire!

---------------------------------------

(Mediterranean plaza)
[MISSY] Ooh, wow, I'm on a roll. Thanks for bringingspares.
[CLARA] Stop it. Just stop it. Don't shoot anybody else!
[MISSY] Oi, you, sweaty one, on your knees. Let's have a goodbye selfiefor your kids.
[CLARA] Missy, nobody else!
[MISSY] Say something nice.
[CLARA] No.
[MISSY] I'll kill everyone in this square.
[CLARA] Start with me. Then what, hey? You camehere for my help.
[MISSY] Because the Doctor is in danger.
[CLARA] Make me believe you.
[MISSY] How?
[CLARA] Release the planes.
[MISSY] The planes are keeping me alive. I mean, there's one, two,three, four, five, six, seven, eight naughty little snipers ready tokill me.
[CLARA] Yeah. On my command.
[CLARA] Your best friend is in danger. Show me you care. Make me believe.

---------------------------------------

(UNIT HQ)
[JAC] The planes! The planes are all moving again.

---------------------------------------

(Mediterranean plaza)
[MISSY] It's only a basic Time Stop. Parlour trick.Couldn't have done anything with them anyway.
[CLARA] What does it say?
[MISSY] What does what say?
[CLARA] His confession.
[MISSY] It will only open when he's dead.
[CLARA] Then it won't open, will it?
[MISSY] Question. If the Doctor has one last night to live, if he'scertain he's facing the end of his life, where, in all of space andtime, would he go?
[CLARA] Here.
[MISSY] Well, yes, Earth, obviously! But where? When?

---------------------------------------

(UNIT HQ)
[JAC] The algorithm generates probabilities based oncrisis points, anomalies, anachronisms, keywords.
[KATE] Such as?
[JAC] Blue box, Doctor.
[JAC] There we go. San Martino, Troy, multiples for New York,

---------------------------------------

(Mediterranean plaza)
(UNIT HQ)
[KATE] But which one is theone? Where is he now?

---------------------------------------

(Mediterranean plaza)
[CLARA] How's a Time Lord supposed to die?
[MISSY] Meditation. Repentance and acceptance.

---------------------------------------

(UNIT HQ)
[MISSY [on screen]] Contemplation of the absolute.
[CLARA [on screen]] Great, thanks. Change the algorithm. Eliminate thecrisis points. Where is the Doctor making the most noise, but thereisn't any crisis?

---------------------------------------

(Mediterranean plaza)
[CLARA] (sighs) We're looking for a party.
[CLARA] There he is. ""Do not go gentle into that good night.""
[MISSY] You go, girl!

---------------------------------------

(Castle ramparts)
[MISSY] Whoo, whoo whoo! Mummy, do it again! Vortex manipulators. Yoursis slaved to mine. Cheap and nasty time travel.
[BORS] Face me, Magician! Face me!
[MISSY] You probably want to throw up, don't you? Pick a local.According to you, this is where the Doctor is.
[CLARA] Okay, how do we find him? How do we know what we're looking for?
[MISSY] Anachronisms. The slightest, tiniest
[MISSY] Anachronisms.

---------------------------------------

(Castle courtyard)
[BORS] Dude! What is that?
[DOCTOR] You said you wanted an axe fight.
[DOCTOR] Oh, come on. In a few hundred years, that'll be really funny.It's a slow burner.
[BORS] A musical instrument is not an axe.
[DOCTOR] Yes, and a daffodil is not a broadsword, but I still won thelast round!
[DOCTOR] What do you think of my tank? Don't worry, it isn't loaded.
[BORS] I don't like it.
[DOCTOR] No, neither do I. I bought it for my fish.
[BORS] Your fish?
[DOCTOR] I may have ordered online!
[DOCTOR] Oh, come on. Fish? Tank? Honestly, this stuff will be hilariousin a very few hundred years. Do please stick around.
[CLARA] What's the matter with him? He's never like this.
[MISSY] Oh, you really are new, aren't you?
[CLARA] Wait, hang on. Did he just hear that? He doesn't know we'rehere, does he?
[DOCTOR] Now, you lot. I have been here all day, and it's been a greatday!
[BORS] You've been here for three weeks.
[DOCTOR] Three weeks? It must be nearly bedtime. Well, we've partied.
[DOCTOR] Yes! I helped you dig a well, with a first-class,child-friendly visitor's centre! I've given you some top-notch mathstuition in a fun but relevant way. And I have also introduced the word""dude"" several centuries early. Let me hear you!
[ALL] Dude!
[DOCTOR] Are you a Renaissance?
[ALL] Dude!
[DOCTOR] Are you a Medieval?
[ALL] Dude!
[DOCTOR] I am a dragon-slaying?
[ALL] Dude!
[DOCTOR] We are all the young?
[ALL] Dudes!
[DOCTOR] I like it. But I've got some sad news for you, dudes. Tonight,I'm going to have to leave you.
[DOCTOR] But before I do, I'd like you to meet a couple of friends ofmine.
[CLARA] How did you know I was here? Did you see me?
[DOCTOR] When do I not see you?
[CLARA] What, one face in all of that crowd?
[DOCTOR] There was a crowd, too?
[CLARA] Wow, we're doing charm as well, now, are we? Which one of us isdying?
[CLARA] Okay. And we're doing hugging now, too. I can't keep up.
[DOCTOR] Well, you know what they say. Hugging is a great way to hideyour face.
[CLARA] Okay, look. I guessed a party, but not like this. What is this?This isn't you.
[DOCTOR] I spent all day yesterday in a bow tie, the day before in along scarf. It's my party, and all of me is invited.
[MISSY] What the hell are you up to, man?
[DOCTOR] It's the wicked stepmother! Everyone hiss!
[MISSY] Apparently, you think you're going to die tomorrow.
[DOCTOR] Well, I've got some good news about that.
[MISSY] Oh, yeah?
[DOCTOR] It's still today!
[MISSY] Oh, that's very good.
[DOCTOR] Bors. Is it a marble again? Did you swallow one of the marblesI gave you? Don't swallow marbles!
[COLONY SARFF] Doctor. Your friends have led me to you. You will come.
[DOCTOR] Says you and whose army?
[DOCTOR] Nobody dies here. Not one person, not one of my friends, do youunderstand?
[COLONY SARFF] Davros, creator of the Daleks, dark lord of Skaro, isdying.
[DOCTOR] So I hear.
[COLONY SARFF] He would speak with you again on the last night of hislife.
[DOCTOR] Then you will harm nobody in this place. Not one person. Are wevery, very clear?
[COLONY SARFF] Are you so dangerous, little man?
[DOCTOR] You want to know how dangerous I am? Davros sent you.You knowhow stupid you are? Huh! You came!
[DOCTOR] Is that supposed to frighten me? Snake nest in a dress? Now,explain, politely. Davros is my arch-enemy. Why would I want to talk tohim?
[MISSY] No, wait, hang on a minute. Davros is yourarch-enemy now?
[DOCTOR] Hush!
[MISSY] I'll scratch his eye out.
[COLONY SARFF] Davros knows. Davros remembers.
[CLARA] That's yours.
[DOCTOR] Er, it was.
[CLARA] Was?
[DOCTOR] I don't have a screwdriver any more.
[MISSY] Ooo. Never seen that before. Doctor, thelook on your face. Whatis that?
[CLARA] Shame. You're ashamed. Doctor? What have you done?
[YOUNG DAVROS [memory]] Please, you've got to help me. You said I couldsurvive! You said you'd help me! Help me!
[DOCTOR] Is your ship in orbit?
[MISSY] It's a trap.
[COLONY SARFF] Prepare yourself for teleport.
[MISSY] Doctor, listen to me. I know traps, traps are my flirting. Thisis a trap.
[DOCTOR] I am prepared.
[MISSY] You sent me your confession dial. You threw yourself athree week party. You know what this is.
[DOCTOR] Yes. Goodbye. (sotto) Goodbye, Clara.
[CLARA] We're coming with him. Both of us, her and me.
[ DOCTOR] No! No, no, no. Under no circumstances! What are you doing now?
[COLONY SARFF] Voting. We are a democracy. It is agreed.
[DOCTOR] No, no, no! I forbid it, no! No! No! No! No!

---------------------------------------

(Castle)
[BORS] Inform High Command. It is located. The Tardis is located.
[DALEK [OC]] The Tardis will be procured.
[DALEKS [OC]] Procure the Tardis. Procure the Tardis. Procure. Procure.

---------------------------------------

(Sarff's spaceship)
[DOCTOR] Davros is the child of war, a war thatwouldn't end. A thousand years of fighting, till nobody could rememberwhy. So Davros, he created a new kind of warrior, one that wouldn'tbother with that question. A mutant in a tank that would never, everstop. And they never did.
[CLARA] The Daleks?
[DOCTOR] How scared must you be to seal every one of your own kindinside a tank? (a pause) Davros made the Daleks, but who made Davros?
[MISSY] Okay, great. Coming out of hyperspace.
[DOCTOR] So that's where he ended up.
[CLARA] What is that?
[DOCTOR] I don't know. A hospital?

---------------------------------------

(Empty room)
[CLARA] How long have we been waiting?
[DOCTOR] Who knows? It's always the way with hospitals.
[COLONY SARFF] You will come. You will stay.
[MISSY] Fair enough.
[CLARA] Doctor. You sent Missy your confession dial.
[DOCTOR] Well, we've known each other a long time. She's one of my ownpeople.
[CLARA] My point is, we both saw her die on Earth, ages ago. Andobviously you knew that wasn't real. Or worse, hoped it wasn't. Eitherway, I think you've been lying.
[DOCTOR] I'm sorry.
[CLARA] Don't apologise. Make it up to me. There, see? Ha. Now you haveto come back.
[DOCTOR] (sotto) Gravity.
[MISSY] I know.
[CLARA] Gravity?
[MISSY] Oh, yeah. You know what's wrong with the gravity in here?
[CLARA] No.
[MISSY] Nothing. It's perfect. But this is a space station, so thegravity should be artificial, all coppery-smelling round the edges, atiny bit sexy. (American) But this feels real, man. (normal Scottish)Like a planet.
[CLARA] How can you and the Doctor be friends?
[MISSY] Why shouldn't we be?
[CLARA] You spend all your time fighting.
[MISSY] Exactly.
[MISSY] You know what this airlock is? I'll tell you. It's pants.
[CLARA] What do you mean?
[MISSY] I mean that today might be the day.
[CLARA] What day?
[MISSY] The day I kill you.
[CLARA] What are you doing? Are you opening it?
[MISSY] Yeah, course.
[CLARA] Missy, we'll get sucked out!
[MISSY] You and me together, off we go. Let's make jam!

---------------------------------------

(Davros' room)
[DAVROS] Doctor?
[DAVROS] Doctor.
[DOCTOR] Davros.
[DAVROS] I approve of your new face, Doctor. So much more like mine.Colony Sarff, untie our guest's hands.
[DAVROS] You may leave us.
[DAVROS] You came, then.
[DOCTOR] Clearly.
[DAVROS] Did you suspect a trap?
[DOCTOR] I still do.
[DAVROS] Then why are you here? Did you miss our conversations?
[DOCTOR 4 [Genesis of the Daleks]] If you had created a virus in yourlaboratory
[DOCTOR 5 [Resurrection of the Daleks]] I'm not here as your prisoner,Davros...
[DOCTOR 7 [Remembrance of the Daleks]] Unimaginable power! Unlimitedrice pudding!
[DOCTOR 10 [Stolen Earth]] Everything we saw. Everything we lost.
[DOCTOR 6 [Revelation of the Daleks]] But did you bother to tell anyonethey might be eating their own relatives?
[DOCTOR] Yes, yes, yes, okay, you've made your point.
[DAVROS] Have I?
[DOCTOR 4 [on screen]] If someone who knew the future pointed out achild to you, and told you that that child would grow up totally evil,to be a ruthless dictator who would destroy millions of lives, couldyou then kill that child?
[DOCTOR] I get the point.
[DAVROS] Do you know why you came, Doctor? You have a sense of duty. Ofguilt, perhaps. And certainly of shame.
[DOCTOR] You flatter me.
[DAVROS] Pity. I intended to accuse. I believe that for the ultimategood of the universe, I was right to create the Daleks.
[DOCTOR] You were very wrong.
[DAVROS] This is the argument we've had since we met.
[DOCTOR] It ended in the Time War.
[DAVROS] It survived the Time War. But it will end tonight. That is whyyou are here.
[DAVROS] It seems your friends have gone exploring.

---------------------------------------

(Outsidethe hospital)
[MISSY] It's warm, isn't it? (a pause) For deep space, anyway.
[CLARA] What are you doing?
[MISSY] Treading softly.
[CLARA] What, there's a floor?
[MISSY] No. No, there's ground. This is the ground.
[MISSY] We're on a planet.And that is not a space station. That is a building. And the rest ofthe planet, the whole thing, is invisible.
[CLARA] That's ridiculous.
[MISSY] Well, yes, of course it is. I mean, how would you ever find yourglasses? Or the little girl's room? And what if you kissed an ugly?Unless, when you're part of the atmosphere, you start syncing with thespectrum.
[CLARA] Why would anybody hide a whole planet?
[MISSY] That would rather depend on the planet, dear.
[MISSY] No.

---------------------------------------

(Davros' room)
[DOCTOR] No!

---------------------------------------

(Planet surface)
[MISSY] They've built it again. They've brought itback. No, no. No!
[CLARA] What? What is it? Where are we?

---------------------------------------

(Davros' room)
[DOCTOR] Skaro! You've brought me to Skaro.
[DAVROS] Where does an old man go to die, but with his children?

---------------------------------------

(Planet surface)
[CLARA] What's Skaro?
[MISSY] The beginning. Where it all started. This is the planet of theDaleks!
[DALEK] Correct.

---------------------------------------

(Davros' room)
[DOCTOR] (sotto) Clara!
[DAVROS] You cannot help her now, Doctor.

---------------------------------------

(Control room)
[CLARA] The Tardis. How did she get here?
[DALEK SUPREME] It has been procured.
[CLARA] Yeah? Yeah, well, if you're trying to get inside, you can't.Nothing can enter the Tardis.
[DALEK SUPREME] The Tardis will not be entered. The Tardis will bedestroyed.
[CLARA] (chuckles) Yeah, well, good luck, because she's indestructible.
[MISSY] Did the Doctor tell you that? Because you should never believe aman about a vehicle.

---------------------------------------

(Davros' room)
[DOCTOR] What are they going to do? Tell me, what?
[DAVROS] Who can say? You know what children are like.
[MISSY [on screen]] Daleks! Pay attention!
[DOCTOR] (sotto) Don't. Just don't.

---------------------------------------

(Control room / Davros' room)
[MISSY] You know what this is? This thing you're about to destroy? I'lltell you! It's the dog's unmentionables. And you know all about those,don't you?
[MISSY] This is a Tardis. With this, you can go anywhere, doanything, kill anyone. With this, the Daleks can be more powerful thanever before.
[   MISSY] You just need one thing.
[DOCTOR] (sotto) No. Missy, no!
[MISSY] Me. You need me. A Time Lady, to show you how it works. Withthis and with me, everything can be yours. And you can burn it all, forever and ever and ever. (long pause) Or would you rather just kill me?
[DALEK SUPREME] Maximum extermination.
[DALEK] Exterminate.

---------------------------------------

(Davros' room)
[DOCTOR] Please! Please, I'm begging you. Please,please. Please, save Clara.
[DAVROS] I gave the Daleks life. I do not control them.
[DOCTOR] (sotto) Oh, Clara. Oh, my Clara.
[DAVROS] See how they play with her. See how they toy. They want her torun. They need her to run. Do you feel theirneed, Doctor? Their bloodis screaming kill, kill, kill! Hunter and prey, held in the ecstasy ofcrisis. Is this not life at its purest?

---------------------------------------

(Control room)
[DALEK] Exterminate! Exterminate!

---------------------------------------

(Davros' room)
[DOCTOR] Why have I ever let you live?
[DAVROS] Compassion, Doctor. It has always been your greatestindulgence. Let this be my final victory. Let me hear you say it, justonce. Compassion is wrong.

---------------------------------------

(Control room)
[DALEK SUPREME] Destroy the Tardis!
[DALEKS] Destroy! Destroy! Destroy! Destroy! Destroy! Destroy! Destroy!Destroy! Destroy! Destroy! Destroy! (ad infinitum)

---------------------------------------

(Battlefield)
[YOUNG DAVROS] Help me! You can't leave me! You promised. You said I hada chance.
[YOUNG DAVROS] Who are you? I don't get it. How did you get there?
[DOCTOR] From the future.
[YOUNG DAVROS] Are you going to save me?
[DOCTOR] I'm going to save my friend the only way I can.
[DOCTOR] Exterminate!
",2015-09-19,Doctor Who - The Magician's Apprentice
"Doctor Who (26 Sept 2015; Twelfth Doctor) - The Witch's Familiar

[MISSY] Consider the Doctor. The Doctor, trapped. The Doctor, alone. Youall right there, dear?
[CLARA] Where are we? How did we ?
[MISSY] Shh, now. Mummy's talking. Okay, I'm going to tell you a storyof the Doctor. It's classic. On the run, no Tardis. No friends, nohelp. In other words, the Doctor, happy. It was a long time ago.
[MISSY] Doesn't matter which face he was wearing, they're all the Doctorto me. So let's give it to the eyebrows.
[CLARA] But the Daleks
[MISSY] Yes, I'm coming to that.
[CLARA] Shouldn't we be, um? I don't want to say dead.
[MISSY] Hush! He's travelling by teleporter. Unfortunately, histeleporter is out of power. Also unfortunate, he's being stalked by,oh, say about fifty androidassassins? I may be rounding up.
[MISSY] Ow. Fifty invisible, indestructible android assassins, allexclusively programmed to kill him.
[CLARA] Why are you sharpening that stick?
[MISSY] Well, I've no idea how long we're going to be stuck out here.Might have to go hunting.
[CLARA] So why am I tied up?
[MISSY] In case there's nothing to hunt.
[MISSY] The Doctor, then. Surrounded. Outnumbered. Outgunned. Andfreeze. Nanoseconds to live. Four, I'd say, being generous. Now, myquestion is this. How did he survive?
[MISSY] Oh, come on, Clara! You know him. Consider the Doctor.
[CLARA] Where did he get that teleport thingy?
[MISSY] Oh, good, good. He stole one from an android.
[CLARA] So, I'm guessing he uses the same energy as the android weapons,right?
[MISSY] Excellent! Not seeing you as sandwiches now.
[CLARA] Okay, then. He uses the energy wave from the android weapons torecharge the teleport bracelet and at the exact moment he's supposed todisintegrate,
[CLARA] He actually teleports. Hang on, that's how you did it. That'show we escaped the Daleks.
[MISSY] I modified the same principle for our vortex manipulators, yes.Blew them off, I'm afraid. But the Doctor, he, he improvised it. Hemust have got through several thousand calculations in the time ittakes to fire up a disintegrator. Seriously, what a swot!
[CLARA] So the androids think he's dead and the Doctor escapes.
[MISSY] No, he's the Doctor. He fell into a nest of vampire monkeys.
[MISSY] But that's another story!
[CLARA] Oh!
[MISSY] Why does the Doctor always survive?
[CLARA] Because he's clever.
[MISSY] Yes, but there's lots of clever dead people. I love killingclever clogs, they make the best faces.
[CLARA] Because he always assumes he's going to win. He always knowsthere's a way to survive. He just has to go and find it.
[MISSY] Yes, except this time, he made a will and threw himself agoodbye party. Now, if the Doctor assumes he's going to die, whathappens then?
[CLARA] We do.
[MISSY] He's trapped at the heart of the Dalek empire. He's a prisonerof the creatures who hate him most in the universe. Between us and himis everything the deadliest race in all of history can throw at us. We,on the other hand, have a pointy stick. How do we start?
[CLARA] We assume we're going to win.
[MISSY] Oh. Pity, really. I was actually quite peckish.
[CLARA] Can I have a stick too?
[MISSY] Make your own stick.

---------------------------------------

(Davros' room)
[DAVROS] It took me so very long to realise it was you,standing at the gates of my beginning. And here you are at the end.
[DAVROS] But this time, I have you at my mercy. Exterminate.
[DAVROS] Ancient. Inoperable.
[DOCTOR] Genius.
[DAVROS] You would threaten a dying man? Have I not suffered enough?
[DOCTOR] Get out.
[DAVROS] I cannot leave this chamber. It sustains me.
[DOCTOR] Get out!

---------------------------------------

(Control room)
[DALEK] Alert! Alert! The infirmary is breached.
[DALEK SUPREME] Protect Davros. Davros must be assisted.
[DALEK] Davros is leaving the infirmary.
[DALEK SUPREME] Davros must remain. Davros cannot leave.
[DAVROS [OC]] My children! Help me!
[DALEK SUPREME] You must return to the infirmary.
[DAVROS [OC]] The Doctor is escaping. Find him. Find the Doctor.
[DALEK SUPREME] Find the Doctor! Seek, locate, destroy!

---------------------------------------

(Corridors)
[DALEKS] Seek, locate, destroy. Seek, locate.
[BATTLE DALEK] Exterminate the Doctor!

---------------------------------------

(Planet surface)
[DALEKS [OC]] Exterminate the Doctor! Exterminate!
[CLARA] What's happening?
[MISSY] What do you think?
[CLARA] He's in the middle of that?
[MISSY] Ah, that's what we need.

---------------------------------------

(Control room)
[DAVROS [OC]] Assist me!
[DALEK] Davros approaches.
[DALEK SUPREME] Admit Davros. Admit the creator.
[DAVROS] Help me!
[DALEK SUPREME] Assist Davros. Assist.
[DOCTOR] Admit it. You've all had this exact nightmare.

---------------------------------------

(Davros' room)
[DAVROS] Get me Sarff!
[COLONY SARFF] I am here.

---------------------------------------

(Control room)
[DOCTOR] So,anyone for dodgems?
[DALEK SUPREME] Exterminate!
[DALEKS] Exterminate! Exterminate!

---------------------------------------

(Cave)
[CLARA] Daleks have sewers?
[MISSY] With one significant difference.
[CLARA] Being?
[MISSY] They're ever so slightly alive.
[CLARA] They're what?
[MISSY] How much of a drop would you say that is? Can you see the bottom?
[CLARA] Too dark. Er, we could chuck a stone down, or something.
[MISSY] Oh yeah, good idea.
[CLARA] Oh!
[MISSY] Twenty feet.

---------------------------------------

(Control room)
[DOCTOR] Of course, the real question is, where did I get the cup of tea?Answer? I'm the Doctor. Just accept it.
[DALEK SUPREME] You are unharmed.
[DOCTOR] Proposition. Davros is an insane, paranoid genius who hassurvived among several billion trigger-happy mini-tanks for centuries.Conclusion? I'm definitely having his chair.
[DALEK SUPREME] You cannot escape, Doctor.
[DOCTOR] I'm guessing his personal forcefield only works in onedirection.
[DALEK SUPREME] The Doctor does not use weapons.
[DOCTOR] Doesn't he? Ah, listen to your little hearts beat!

---------------------------------------

(Sewers)
[CLARA] Ah
[MISSY] Hello.
[MISSY] Oh, poppet. Do you really think you could?
[CLARA] First chance I get.
[MISSY] You won't survive down here on your own.
[CLARA] You won't survive turning your back.
[MISSY] Ooo. How exciting.
[MISSY] God, you're dull.
[MISSY] In future, if you're going to take my stick, do me the courtesyof actually killing me. Team work is all about respect.
[CLARA] We're not a team.
[MISSY] Of course we are. Every miner needs a canary. Now, hush, lookaround. Bit of a mess, isn't it?
[CLARA] You said it was a sewer.
[MISSY] Daleks don't generate much in the way of waste.
[CLARA] So what is it all, then?
[MISSY] Decaying Daleks. Daleks can't die. Genetically hard-wired tokeep on living, whatever happens. Well. But they still age, poor loves.Over time, the body breaks down, rots, liquefies. Interestingly, theDalek word for sewer is the same as their word for graveyard.

---------------------------------------

(Control room)
[DOCTOR] Ask me what I want.
[DALEK SUPREME] Irrelevant. You will not prevail. You will not succeed.
[DOCTOR] I've been at the heart of your empire for forty two minutes,and I own it, and I haven't even got out of my chair. Ask me what Iwant.
[DALEK SUPREME] What do you want?
[DOCTOR] Clara Oswald.
[DOCTOR] I want Clara Oswald, safe, alive, and returned to meimmediately. You bring her back. You do that. You do that now.Unharmed. Unhurt. Alive.
[DALEK SUPREME] Your associate
[DOCTOR] I saw what happened. I was there.And I'm hoping, for all of our sakes, that it was a trick.
[DALEK SUPREME] It was not a deception.
[DOCTOR] Because if Clara Oswald is really dead, then you'd better bevery, very careful how you tell me.

---------------------------------------

(Sewers)
[MISSY] Listen to that. The Doctor without hope.
[DOCTOR [OC]] Who's going to tell me?

---------------------------------------

(Control room)
[DOCTOR] Who's going to go first?

---------------------------------------

(Sewers)
[MISSY] Nobody is safe now.
[DOCTOR [OC]] All the power Davros had is mine.

---------------------------------------

(Control room)
[DOCTOR] Everything he had, I have.

---------------------------------------

(Sewers)
[DOCTOR [OC]] Who's going to tell me that ClaraOswald is really dead?
[MISSY] He'll burn everything. Us too.

---------------------------------------

(Control room)
[DALEK SUPREME] Clara Oswald is not alive.
[DAVROS [on screen]] Doctor, this urge for conquest. It is gratifying tosee you learn.
[DOCTOR] Davros. You're up. Sorry, this seat's taken.
[DAVROS [on screen]] Indeed. But not by you.
[DAVROS [on screen]] You've met my Head of Personal Security, I think.Colony Sarff. His agents are everywhere.

---------------------------------------

(Davros' room)
[DAVROS] Are you ready?
[COLONY SARFF] Of course.
[DAVROS] Be subtle, Colony Sarff. Tonight, we entrap a Time Lord.

---------------------------------------

(Sewers)
[CLARA] What is that? A lift?
[MISSY] What? Never mind the lift. See that thing on the wall?
[CLARA] What about it?
[MISSY] Take a look.
[CLARA] What is it?
[MISSY] Closer.
[CLARA] What am I even looking for?
[MISSY] Nothing. I'm giving it a good look at you.
[DALEK [OC]] Intruder alert! Intruder alert!
[CLARA] Why the hell did you do that?
[MISSY] Ever ring a doorbell and run away?
[DALEK [OC]] Humanoid detected in lower level.
[MISSY] Not this time.
[DALEK [OC]] Dalek to Lower Level Thirteen.
[CLARA] What the hell did you do that for?
[MISSY] We need to trap and kill a Dalek. You're the bait, I'm the hook.
[MISSY] Dark star alloy. Goes through armour plating like a knifethrough people.
[CLARA] Missy. Missy. Missy, uncuff me now!
[MISSY] It's pretty, though, isn't it? Got it in the olden days onGallifrey. The Doctor gave it to me when my daughter
[MISSY] Keep it talking. We need to draw it out of the lift.
[CLARA] You can't kill a Dalek with a brooch.
[MISSY] Yes, you can. Yes, you can.
[DALEK] Humanoid detected. Remain still. Do not move. Scan in progress.Humanoid unauthorised in restricted area.
[DALEK] Sterilisation proceeding.
[MISSY] Hey, you! Guess what? I just put a hole in you.
[MISSY] And another and another. And another!
[CLARA] What are you doing?
[MISSY] Murdering a Dalek. I'm a Time Lady, it's our golf.
[DALEK] Damage levels insignificant.
[MISSY] Oh, really? I think you're forgetting you're surrounded by abunch of very old, very angry Daleks.
[MISSY] (American) You just got yourself a puncture in a badneighbourhood. Meet the locals? All blind and squelchy and out of theirtiny minds, but they can still smell! Nobody hates like a Dalek. Herethey come! I think they want to steal your motor.
[DALEK] Emergency! Emergency! My vision is impaired.
[DALEK] Exterminate! Exterminate!
[MISSY] Oh, here comes the older generation!
[MISSY] These young folks today are so tetchy!
[DALEK] Emergency! Emergency!
[MISSY] Wheeeeeee!

---------------------------------------

(Battleground)
[YOUNG DAVROS] Help me! You can't leave me. You promised. You did! Yousaid I could survive. You said you'd help me. Help me!

---------------------------------------

(Davros' room)
[DAVROS] I hope you are grateful. It wasn't easy to procure. And verynearly unique, of course. You should feel privileged. The only otherchair on Skaro.
[DAVROS] Don't get up.
[DOCTOR] You neither.
[DAVROS] The chamber is sealed, and I believe you are not carrying yoursonic device.
[DOCTOR] I gave it up. Bad memories.
[DAVROS] I am dying, Doctor.
[DOCTOR] You keep saying that, you keep not dying. Can you give it somewelly? Come on.
[DAVROS] And it is time for us to conclude our business together.
[DOCTOR] We have no business.
[DAVROS] We have nothing but. Look again at the cables, Doctor.Understand what they are. What they can do. Just step a little closer.

---------------------------------------

(Sewers)
[MISSY] Get in.

---------------------------------------

(Davros' room)
[DOCTOR] They don't have much respect for you, dothey? Your kids. Have you seen the state of this place? I mean, this isexactly where you dump a smelly old uncle slash family pet slash geniusscientist who couldn't even invent legs. Seriously, how do your boystake it when everybody else has got two eyes?
[DAVROS] You know what it is, of course.
[DOCTOR] Oh, yes. It's a hyperspace relay, with some kind of a geneticcomponent.
[DAVROS] I am connected to the life force of every Dalek on this planet.It is what has kept me alive. As their hearts beat, so does mine.
[DOCTOR] Ooo. Nice. Vampiring off your own creations, just to eke outyour days. I'm surprised the Daleks allow it.
[DAVROS] Oh, they have no choice. My Daleks are afflicted with a geneticdefect.
[DOCTOR] What defect?
[DAVROS] Respect. Mercy for their father. Design flaws I was unable toeliminate. And now he sees it. Now he understands. The cables, Doctor.Touch them. Imagine, to hold in your hand the heartbeat of every Dalekon Skaro. They send me life. Is it beyond the wit of a Time Lord tosend them death? A little work and it could be done.
[DOCTOR] Er, why would you be telling me this?
[DAVROS] Genocide in a moment. Such slaughter, not in self-defence. Notas a simple act of war. Genocide as a choice. Are you ready, Doctor? Somany backs with a single knife.
[DAVROS] Are you ready to be a god?
[DAVROS] Why do you hesitate? No one would know. Clara Oswald is dead.Is this the conscience of the Doctor, or his shame? The shame thatbrought you here.
[DOCTOR] There's no such thing as the Doctor. I'm just a bloke in a box,telling stories. And I didn't come here because I'm ashamed. A bit ofshame never hurt anyone. I came because you're sick and you asked. Andbecause sometimes, on a good day, if I try very hard, I'm not some oldTime Lord who ran away. I'm the Doctor.
[DAVROS] Compassion then.
[DOCTOR] Always.
[DAVROS] It grows strong and fierce in you, like a cancer.
[DOCTOR] I hope so.
[DAVROS] It will kill you in the end.
[DOCTOR] I wouldn't die of anything else.
[DAVROS] You may rely on it.

---------------------------------------

(Sewers)
[CLARA] How am I supposed to make it go? Are there pedals?
[MISSY] Telepathic control. Open wide.
[MISSY] I meant your skull. Never mind
[CLARA] Ow!
[MISSY] Shh, shh, now, don't worry.
[CLARA] Ow.
[MISSY] There's loads of nano-tech repairing any damage as the feed goesin.
[CLARA] What about when it comes out?
[MISSY] No idea. Nobody knows. Anyway, to control the unit, you justhave to think. Novel idea for you, but let's try it. Move forwards.
[CLARA] I don't know how to
[MISSY] You see?
[CLARA] Oh! How did I do that?
[MISSY] Circle right.
[CLARA] I can't
[MISSY] Circle left. There you go. All right, this won't hurt a bit.
[CLARA] Hang on. No, Missy. No, no, no, no! No, Missy. Missy, no, no,no, please don't! Don't, don't, please!
[MISSY] Are you okay?

---------------------------------------

(Inside the Dalek)
[CLARA] Fine, I think.

---------------------------------------

(Sewers)
[DALEK] Fine, I think.
[CLARA [in the Dalek]] Okay.
[CLARA DALEK] Okay. That's a bit weird.
[MISSY] Just a bit. Okay. All right. Shh. Say your name.
[CLARA DALEK] Why?
[MISSY] Just just say. Just say it.
[CLARA [in the Dalek]] Clara.
[CLARA DALEK] Dalek.
[MISSY] Say it again.
[CLARA [in the Dalek]] Clara Oswald.
[CLARA DALEK] Dalek. Dalek.
[MISSY] One more time.
[CLARA [in the Dalek]] I am Clara Oswald! I'm Clara Oswald!
[CLARA DALEK] I am a Dalek! I am a Dalek! I am a Dalek! I am a Dalek!
[MISSY] Whoa! Just don't get emotional. Emotion fires the gun. Okay?
[CLARA [in the Dalek]] I don't understand.
[CLARA DALEK] I do not understand.
[MISSY] Say I love you. Those exact words. Don't ask me why, just say it.
[CLARA [in the Dalek]] I love you.
[CLARA DALEK] Exterminate.
[MISSY] Say, you are different from me.
[CLARA [in the Dalek]] You are different from me.
[CLARA DALEK] Exterminate! Exterminate!
[MISSY] Say, ""Ex-ter-min-ate!""
[CLARA [in the Dalek]] Exterminate.
[CLARA DALEK] Exterminate!
[CLARA DALEK] Exterminate! Exterminate! Exterminate! Exterminate! Exterminate!
[MISSY] Cybermen suppress emotion. Daleks channel it through a gun.That's why they keep yelling exterminate. It's how they reload. So,let's go and kill them. Come on.

---------------------------------------

(Davros' room)
[DAVROS] There is a question, Doctor. One I havelonged to ask.
[DOCTOR] Yeah, well, if you're going to put your hand on my knee, itisn't going to go well.
[DAVROS] Why did you leave Gallifrey?
[DOCTOR] Well, because I did.
[DAVROS] You stole the Tardis, and ran and ran. Why?
[DOCTOR] It's a boring place, Gallifrey. I was going out of my mind.
[DAVROS] Yet you long to return.
[DOCTOR] Ah, well, I'm inconsistent.
[DAVROS] But it is always the same lie.
[DOCTOR] What lie?
[DAVROS] You weren't bored. No one runs the way you have run for sosmall a reason.
[DOCTOR] I do.
[DAVROS] No, you don't. Colony Sarff confiscated these items on yourarrival.
[DAVROS] A Time Lord confession dial, I believe. Your confession. Tellme. Send me to my grave with this precious knowledge. What isthe Doctor's confession?
[DOCTOR] Don't you dare!
[DAVROS] Is it possible I have touched a nerve?
[DOCTOR] Some things matter to me, Davros. Not many, but a few. And youdon't put your fingers anywhere near them.
[DOCTOR] And they'd better not be scratched. These are my best ones.
[DAVROS] Still you play the fool.
[DOCTOR] Well, by now that should make you nervous.

---------------------------------------

(Corridor)
[DALEK] Halt! Report.
[CLARA [in the Dalek]] Humanoid intrud
[CLARA DALEK] Humanoid intruder found on lower levels.
[DALEK] Why has the intruder not been exterminated? Explain. Explain.Explain!
[MISSY] I'm a prisoner of special significance. Count the hearts.
[DALEK] You are a Time Lord?
[MISSY] Time Lady, thank you. Some of us can afford the upgrade. Is itstill the same old Supreme Dalek these days? I fought him once on theslopes of the Never Vault. Tell him the bitch is back.

---------------------------------------

(Davros' room)
[DAVROS] Make your confession, Doctor. Whydid you really leave Gallifrey?
[DOCTOR] How long has it been, you and I?
[DAVROS] Long enough. Galaxies have burned.
[DOCTOR] And now you ask me a personal question?
[DAVROS] You have slaughtered billions of my children, as I haveslaughtered billions of your race. We have exhausted the conventionalmeans of communication.
[DOCTOR] My people are alive. They didn't die. I brought them back. Ifound a way.
[DAVROS] Is this true?
[DOCTOR] Gallifrey is back in the sky. I don't know where, I may neverknow. But Gallifrey is back and it is safe from both of us.
[DAVROS] Doctor, my most sincere congratulations.
[DOCTOR] I'm sorry?
[DAVROS] This is wonderful news. Beyond all hope. I congratulate you.
[DOCTOR] Why are you saying that?
[DAVROS] A man should have a race, a people, an allegiance. A man shouldbelong, Doctor. Believe me, please. I am happy for you. So happy.
[DOCTOR] I don't, I don't understand this. Why are you
[DAVROS] Come closer again. Let me see your face.
[DOCTOR] You've seen it often enough.
[DAVROS] Let me see it again with my own eyes.
[DAVROS] Closer, please.
[DAVROS] If you have redeemed the Time Lords from thefire, do not lose them again. Take the darkest path into the deepesthell, but protect your own as I have sought to protect mine. Did I doright, Doctor? Tell me.
[DAVROS] Was I right? I need to know before the end. AmI a good man?
[DOCTOR] You really are dying, aren't you?
[DAVROS] Look at me. Did you doubt it?
[DOCTOR] Yes.
[DAVROS] Then we have established one thing only.
[DOCTOR] What?
[DAVROS] You are not a good doctor.
[DAVROS] Pity. I had hoped to see the sun one last time with the eyes ofmy true self.

---------------------------------------

(Control room)
[MISSY] Oh, hello! Look at you all, withyour nice, shiny domes. Oh, I am loving this. (to Dalek Supreme) You'remy secret favourite. Don't tell the others.
[DALEK SUPREME] You are an enemy of the Daleks.
[MISSY] Yes, well, anyone who's not a Dalek is an enemy of the Daleks,so that was an easy guess.
[DALEK SUPREME] You will be exterminated.
[MISSY] Please, please do, because I have been on my feet all day.
[MISSY] Butbefore you get all exterminate-y, two things. One, I want to seeDavros. Two, I have a lovely little gift for you all, if you take me tohim right now.
[DALEK SUPREME] We do not negotiate.
[MISSY] Clara Oswald. I brought you complete control of the Doctor,gift-wrapped. Better. Canned.

---------------------------------------

(Davros' room)
[DAVROS] It is beautiful, my world, is it not?
[DOCTOR] How did you get it back?
[DAVROS] The Daleks remade it. Like you, they have a strong concept ofhome.
[DOCTOR] No, like you. Everything you are, they are.
[DAVROS] Like both of us, perhaps. How far we have come to go home again.
[DOCTOR] I'm trying to pep this up, but you've been going a long time.Every Dalek on Skaro isn't enough any more.
[DAVROS] It is so good of you to help me.
[DOCTOR] I'm not helping you. I'm helping a little boy I abandoned on abattlefield. I think I owe him a sunrise.
[DOCTOR] Come on, chin up.
[DOCTOR] Any minute now
[DAVROS] I have always admired you, Doctor.
[DOCTOR] Here it comes.
[DAVROS] I wish, just once, we had been on the same side.
[DOCTOR] Look, the sun's coming up. We're on the same side now.
[DAVROS] I regret I cannot open my eyes.
[DOCTOR] Okay, don't ever tell anyone that I did this.
[DOCTOR] A little bit of regeneration energy. Probably cost me an arm ora leg somewhere down the line. Or I'll just be really little.
[DOCTOR] Should be enough, just to
[DAVROS] Hold him firm, Colony Sarff. He is precious to us now.
[DOCTOR] What are you doing?
[DAVROS] Regeneration energy. The ancient magic of the Time Lords. Ithought I would have to tear you apart to take it from you but, asalways, your compassion is your downfall.
[DOCTOR] No! No! No, please! No!
[DAVROS] You have opened your veins of your own free will, and allDaleks shall drink the blood of Gallifrey. They shall rise strongerthan ever.

---------------------------------------

(Control room)
[DALEK SUPREME] Where is Clara Oswald? You will tell us! You will tell us! You will tell us
[MISSY] I'm sorry. Was I, er, was I boring you?
[MISSY] No. No, no, no, no, Doctor. What have you done?
[CLARA [in the Dalek]] What's happening?
[CLARA DALEK] What is happening?
[MISSY] I have to find the Doctor.
[CLARA] No!
[CLARA DALEK] Exterminate!
[CLARA] No!
[CLARA DALEK] Exterminate!
[CLARA] Please, you can't just leave me here. Please!

---------------------------------------

(Davros' room)
[DAVROS] There was a prophecy, Doctor, on your own world.
[DOCTOR] Please you must, you must stop this. You must stop this!
[DAVROS] It spoke of a hybrid creature. Two great warrior races forced togetherto create a warrior greater than either. Is that what you ran from,Doctor? Your part in the coming of the hybrid? Half Dalek, half TimeLord?

---------------------------------------

(Corridor)
[MISSY] Give me your gun!

---------------------------------------

(Davros' room)
[DOCTOR] Stop!

---------------------------------------

(Control room)
[DALEK SUPREME] We are renewed. We are more powerful. The experiment has succeeded. All praise Davros.
[DALEKS] All praise Davros! All praise Davros! (etc., etc.)

---------------------------------------

(Davros' room)
[MISSY] Morning.
[DOCTOR] Where's Clara?
[MISSY] Oh, hello to you, too.
[DOCTOR] You're alive, so she is too. Where is she?
[MISSY] I'm fine, thanks for asking.
[DAVROS] Oh, you are not fine. Thanks to you, Doctor, my creations shall grow toyet greater supremacy, and my own life is prolonged. This is the finaldefeat of the Time Lords. Have you nothing to say, Doctor?
[DOCTOR] Three.
[DAVROS] Do you understand what has happened? Hear my children sing.
[DOCTOR] Two.
[MISSY] Oh, I know that face.
[DAVROS] All praise Davros, creator and saviour of the Daleks.
[DOCTOR] One.
[DAVROS] What is that? What's happening?

---------------------------------------

(Control room)
[DALEK SUPREME] We are under attack. Explain! Explain!

---------------------------------------

(Davros' room)
[DOCTOR] I knew exactly what you were doing, and I let you do it. Youtransmitted regeneration energy into every Dalek on this planet. Everysingle one.
[DAVROS] What have you done?
[DOCTOR] One word. Er, no, two words, actually. First word, moron.
[DOCTOR] Second word, sewers.

---------------------------------------

(Control room)
[DALEK] Emergency! What is happening? Power is fluctuating!

---------------------------------------

(Davros' room)
[DAVROS] No. This cannot be correct. How can this be?
[DOCTOR] Generations of Daleks just woke up very cross, and they are coming up the pipes. Or to put it another way, bye!
[DAVROS] Doctor, you must help me.
[MISSY] Can I just say, it's been an absolute pleasure to finally meet you?
[MISSY] Doctor!

---------------------------------------

(Control room)
[DALEK] My vision is impaired. I cannot see.
[DALEK SUPREME] (spinning) Alert. I cannot control.

---------------------------------------

(Corridor)
[CLARA DALEK] Doctor!
[DOCTOR] This city is about to be sucked into the ground. Your own sewer isabout to consume you. There's no way you can win, there is nothing youcan do, so just tell me, where is Clara Oswald?
[CLARA DALEK] I am a Dalek.
[DOCTOR] Yes, you're a Dalek. Where is Clara?
[CLARA DALEK] I am a Dalek.
[DOCTOR] Yes, I know that you're a Dalek. Where is Clara Oswald?
[CLARA [in the Dalek]] It's me, I'm right here! It's me, I'm in here! It's Clara!
[CLARA DALEK] I am a Dalek! I am a Dalek!
[MISSY] Doctor, stop! It's you, isn't it? I mean, no offence, you all look alike, but it is it is you?
[CLARA [in the Dalek]] Yes, it's me, it's me. I'm right here.
[CLARA DALEK] Affirmative.
[MISSY] Clara's dead, Doctor. This is the one that killed her.
[CLARA DALEK] Do not listen to her. I am a Dalek, I am a Dalek.
[MISSY] I got her out of the city, but this one caught us and shot her down. There was nothing I could do, I'm afraid.
[CLARA DALEK] I am a Dalek.
[MISSY] She ran. She screamed. I'm so glad you didn't have to see that.
[CLARA DALEK] I am a Dalek. I am a Dalek.
[MISSY] This one's a mad one, isn't it? I mean, it's almost like, like it's proud.
[CLARA DALEK] I am a Dalek. I am a Dalek. I am a Dalek!
[MISSY] Kill it, Doctor. They're all going to die anyway. Indulge yourself. Go on, kill the Dalek.
[CLARA DALEK] Do not kill me! Do not kill me!
[DOCTOR] Is Clara dead?
[CLARA [in the Dalek]] No! Doctor, no! I'm not dead, I'm in here! Can you hear me?
[CLARA DALEK] I am a Dalek. I am alive.
[CLARA [in the Dalek]] I'm your friend. I'm your friend!
[CLARA DALEK] I am your enemy. Your enemy.
[CLARA [in the Dalek]] No, please, don't.
[CLARA DALEK] Mercy. Mercy.
[DOCTOR] You shouldn't be able to say that.
[CLARA DALEK] Mercy.
[DOCTOR] That word shouldn't exist in your vocabulary. How did Davros teach you to say that?
[CLARA DALEK] Mercy.
[DOCTOR] Why aren't you trying to kill me?
[CLARA DALEK] Mercy.
[CLARA [in the Dalek]] Because I would never kill you. You are the last person I would ever kill.
[CLARA DALEK] I show mercy.
[DOCTOR] I'm putting the gun down. Open your casing.
[CLARA [in the Dalek]] How?
[CLARA DALEK] How?
[DOCTOR] Just think the word ""open"". It'll work.
[MISSY] Oh, look at that. Now, there's a surprise.
[DOCTOR] Missy, run.
[CLARA] Oh, Doctor
[MISSY] In a way, this is why I gave her to you in the first place. To make yousee. The friend inside the enemy, the enemy inside the friend.
[DOCTOR] I'm sorry, Clara. I'm so sorry!
[MISSY] Everyone's a bit of both. Everyone's a hybrid.
[DOCTOR] I said, run.
[MISSY] It wasn't me who ran, Doctor. That was always you.

---------------------------------------

(Control room)
[DALEK SUPREME] Emergency! Dalek control is compromised.
[DOCTOR] Where was the Tardis? It was over there somewhere, wasn't it?
[DALEK SUPREME] What is happening? Explain! Explain!
[DOCTOR] Dalek Supreme, your sewers are revolting.
[DALEK SUPREME] You will assist, or you will be exterminated.
[DOCTOR] Oh, well, go on, then. Exterminate away.
[CLARA] Doctor!
[DOCTOR] Oops, sorry. Tardis force field is still here. We get in, you don't.
[DALEK SUPREME] The Tardis has been destroyed.
[DOCTOR] Ah, don't be silly, of course it hasn't. It just redistributed itselffor a moment. Hostile Action Dispersal System. I'll give it a quickblast from my sonic, and the real time envelope will reassemble righthere.
[CLARA] Doctor, you don't have your screwdriver.
[DOCTOR] Oh, yeah, I'm over screwdrivers. They spoil the line of your jacket. These days, I'm all about wearable technology.
[CLARA] No! No? Seriously?
[DALEK SUPREME] What is happening?
[DOCTOR] Oh, same old, same old. Just the Doctor and Clara Oswald in the Tardis.

---------------------------------------

(Corridor)
[DALEKS] Humanoid detected. Humanoid detected. Remain still. Do not move. Do not move. You are a Time Lord.
[MISSY] You know what? I've just had a very clever idea.

---------------------------------------

(Planet surface)
[CLARA] No chance you're going to tell me what's in that confession dial, I suppose?
[CLARA] Hmm.
[DOCTOR] It doesn't make sense.
[CLARA] What doesn't?
[DOCTOR] When you were in the Dalek, you made it say mercy.. It shouldn'thave understood the concept, it shouldn't have been able to say it. Howdid a tiny piece of mercy get into the DNA of the Daleks?
[CLARA] Doctor?

---------------------------------------

(Battlefield)
[YOUNG DAVROS] Help me! You can't leave me, you promised. You said I had a chance.
[YOUNG DAVROS] Who are you? I don't get it. How did you get there?
[DOCTOR] From the future.
[YOUNG DAVROS] Are you going to save me?
[DOCTOR] I'm going to save my friend the only way I can. Exterminate!
[DOCTOR] Come on, I'll take you home.
[YOUNG DAVROS] Which side are you on? Are you the enemy?
[DOCTOR] I'm not sure that any of that matters, friends, enemies. So long as there's mercy. Always mercy.
",2015-09-26,Doctor Who - The Witch's Familiar
"Doctor Who (3 Oct 2015; Twelfth Doctor) - Under the Lake

[MORAN [OC]] Privatejournal of Captain Jonathan Moran, 21st November 2119. We have locateda craft of unknown origin on the lake floor. Visual scans in siturevealed nothing, so we have brought the crafton board and myself and the crew will now investigate.

---------------------------------------

(Main hangar)
[MORAN] How did they miss this in the initial survey?
[LUNN] Cass says it was buried, and then the currents of the water must haveshifted the rubble around.
[PRITCHARD] A conversation needs to be had about who owns this spaceship.
[MORAN] Can we stop calling it a spaceship? We don't know what it is.
[PRITCHARD] A case could be made that this is an asset, and my company has boughtthe rights to all assets
[MORAN] Whoa, whoa. What's this? Lunn, grab me a torch, will you?
[MORAN] It was found on MOD property, even if that property is underwater.
[MORAN] Whatyou bought is the oil under the ground. Lunn! Where's the torch?
[CASS via LUNN] Can I go in?
[MORAN] What is the radiation count?
[BENNETT] Pretty much background level.
[O'DONNELL] Anything more, it would have shown up onthe initial survey twenty years ago.
[LUNN] (signs to Cass) If it's not safe, how come you can go in?
[CASS via LUNN] How long do you think it's been down here?
[BENNETT] Well, there's next to no corrosion. I've not seen technology likethis
[MORAN] Please don't say on Earth.
[BENNETT] On Earth before.
[MORAN] (sighs) Maybe it's some kind of experimental craft that got left behind whenthey abandoned the site.
[BENNETT] Wait, you think the Army would just lose a prototype weapon?
[MORAN] You're new to the military, aren't you, son?
[LUNN] Cass says he might be right. It might have been here since the 1980s,when the valley flooded.
[MORAN] Cass!
[LUNN] Come on! Move! Come on, we need to go now!
[COMPUTER] Fire in the main hangar. Safety protocols have beeninitiated. All crew must evacuate immediately. This safety message wasbrought to you by Vector Petroleum.

---------------------------------------

(Corridor)
[O'DONNELL] We can't just leave him in there!
[PRITCHARD] There was something in the spaceship, I saw it!
[BENNETT] O'Donnell. O'Donnell, he's dead. Didn't you see?
[LUNN] The fire, are we safe out here?
[BENNETT] It's fine. The CO2 will put the fire out.
[O'DONNELL] (to Pritchard) It was you! You were messing about with the controls on that ship!
[BENNETT] Moran. But, we just saw you
[O'DONNELL] He's. Oh, my God. He's a  ghost.

---------------------------------------

(Corridor)
[DOCTOR] What's wrong? You're not happy. Why aren't you happy? Tell me.
[CLARA [OC]] Come on! we're on a roll!
[CLARA] Monsters, things blowing up. Oh, hey, can wego back to that place where the people with the long necks have beencelebrating New Year for two centuries? I left my sunglasses there. Andmost of my dignity.
[DOCTOR] Why have you brought us here?
[CLARA] Here being?
[DOCTOR] Underwater. Some sort of a base. The technology's twenty second century. Maybemilitary, maybe scientific.
[CLARA] Is there a crew?
[DOCTOR] Must be, somewhere, if there's oxygen.
[CLARA] I want another adventure. Come on, you feel the same. You're itching tosave a planet, I know it.

---------------------------------------

(Mess hall)
[CLARA] Doctor, look at this.
[CLARA] Food fight?
[DOCTOR] I think there was more to it than that. Whatever it was, it happenedpretty recently.
[DOCTOR] Seven or eight hours ago. No bodies, though.
[CLARA] And theytook provisions. Okay, so something or someone forced the crew to abandon the base. Maybethey went for a swim in the creepy flooded village outside.
[CLARA] Oh, yeah. You see, this is more like it.
[CLARA] Oh, come on. Don't leave me hanging.

---------------------------------------

(Corridor)
[DOCTOR] Look. Told you. Crew.
[DOCTOR] Hello, sailors!
[DOCTOR] Right, I did not expect that. Hands up who expected that.
[DOCTOR] Wait, wait. I don't think they're going to hurt us. I think thatthey're just curious.
[CLARA] Are you sure?
[DOCTOR] Well, I mean, define sure. Look at you lovely chaps. What's happenedto you, then?
[DOCTOR] Come on.
[CLARA] What are they?
[DOCTOR] I haven't a clue. Isn't that exciting?

---------------------------------------

(Main hangar)
[CLARA] Where did they go? What is it, some kind of submarine?
[DOCTOR] No, it's alien.
[DOCTOR] That's weird. The Tardis hasn't translated it.
[CLARA] (sotto) Hey, look, they're back.
[DOCTOR] Hello! Did you want to show us this?It's very nice.
[CLARA] Wait, are they saying something?
[CLARA] Okay, they now appear to be arming themselves.
[DOCTOR] Yes, I spotted that, too.
[DOCTOR] Was it something she said? She does that. She once had an argument withGandhi!
[CLARA] I'm starting to see why the crew did a runner.

---------------------------------------

(Corridor)
[CLARA] Run!
[O'DONNELL] In here! Quick!

---------------------------------------

(Faraday cage)
[DOCTOR] What are you?
[PRITCHARD] Who the hell are you, and what are you doing here?
[DOCTOR] This is Clara, and I'm the Doctor.
[PRITCHARD] You're from UNIT.
[DOCTOR] Well, if that's what it says.
[PRITCHARD] I'm Pritchard, this is Bennett.
[O'DONNELL] O'Donnell! Are you really the Doctor? I'm a huge fan! I mean, er, you know  Nicework.
[LUNN] Tim Lunn, I sign for Cass.
[DOCTOR] Tell me, what about those things out there? What are they? Why are theytrying to kill us?
[BENNETT] Well, they're er, they're ghosts.
[DOCTOR] They're not ghosts.
[LUNN] Cass is saying
[DOCTOR] Thank you, but I actually don't need your help. I can speak sign.(signs) Go ahead.
[DOCTOR] No, no, actually, I can't. It's been deleted for semaphore.Someone get me a selection of flags.
[CASS via LUNN] One of the ghosts is our previous commanding officer. The other,um moley guy, we don't know what he is.
[DOCTOR] He's from the planet Tivoli.
[BENNETT] See? I told you he was an alien. Didn't I say that?
[DOCTOR] Weird thing is, they're not violent. They're too cowardly. Theywouldn't say boo to a goose. They're more likely to give the goosetheir car keys and bank details.When did they first appear?
[O'DONNELL] Oh, did you see that spaceship in the hangar? Yeah, we found that on the lake bed and we'd just got it on board andone of the engines started up and then Moran got (pause)
[CASS via LUNN] Then they appeared and pretty much straight away started trying to killus. So we grabbed what we could and we were looking for somewhere tohide,and that's when we realised the ghosts couldn't come in here.
[CLARA] What is this place?
[DOCTOR] It's a Faraday cage. Completely impenetrable to radio waves, andapparently, whatever those things are out there. So, who's in charge now? I need to know who to ignore.
[CASS via LUNN] That would be me.
[LUNN] Her.
[PRITCHARD] Actually, that would be me.
[PRITCHARD] I represent Vector Petroleum. We'veobtained the mining rights to the oil.
[DOCTOR] The oil? Where are we?
[BENNETT] This used to be a military training site. There was a dam overlookingit, but the dam burst and the valley was submerged.
[PRITCHARD] Then twenty years ago, we discovered a massive oil reservoir underneathit.
[COMPUTER] Good morning. Entering day mode.
[O'DONNELL] Okay, it's morning. We can go outside now.
[LUNN] Thank God for that.
[PRITCHARD] At last, we can get out of here.
[CLARA] Morning?
[BENNETT] (Taking a towel from a hook.) Yeah, we're too far below the surface for daylight, so we have todemarcate artificial days and nights.
[DOCTOR] I'd like to have a further look at that spaceship, but what about thosethings that aren't ghosts?
[O'DONNELL] Oh, it's all right. They only come out at night.
[CLARA] (sotto) Weird how that is not comforting.

---------------------------------------

(Main hangar)
[DOCTOR] If whatever they are
[PRITCHARD] They're ghosts.
[DOCTOR] They're not ghosts. Have been trying to kill you, why haven't you abandoned the base?
[PRITCHARD] That was my call. We've got about a trillion dollars worth of mining equipment here.We're not just going to abandon it  What? If it all goes pear-shaped, it's not them that lose a bonus.
[DOCTOR] It's okay. I understand. You're an idiot. Come to mention it, why isthere a Faraday cage on the base?
[BENNETT] It's the mining equipment. It runs on nuclear fission. The Faraday cagehas been lined with lead to act as a shelter in the event of aradiation leak.
[DOCTOR] So, we are fighting an unknown homicidal force that has taken the form ofyour commanding officer and a cowardly alien, underwater, in a nuclearreactor. Anything else I should know? Someone got a peanut allergy, orsomething?
[DOCTOR] It all started with this ship. This is where the answer will be.
[DOCTOR] What's happened to the stuff you've removed? This is for long-haulflights. There should be a suspended-animation chamber for the pilotright here.Plus, one of the power cells is missing.
[PRITCHARD] Power cell?
[DOCTOR] Yeah. You can see the casing is empty.
[LUNN] It's not safe out here!
[CLARA] What's the matter?
[LUNN] She won't let me look inside the spaceship. She says it's not safe. I'msaying it's not safe out here.
[PRITCHARD] I imagine they're pretty valuable.
[DOCTOR] What?
[PRITCHARD] I mean powerful. Those power cells. I imagine they're pretty powerful.
[DOCTOR] Well, they can zap a vessel from one side of the galaxy to the other, so, you know, takea wild stab in the dark.
[PRITCHARD] And the missing one must still be out there.
[DOCTOR] Yes, well, otherwise. Sorry, why is this man still talking to me?
[O'DONNELL] We haven't removed anything. There hasn't been time.
[DOCTOR] So what have we got? Moran dies, and then those things appear. They canwalk through walls. They only come out at night and they're sort ofsee-through.
[CLARA] Doctor, wait, you're not saying

---------------------------------------

(Bridge)
[DOCTOR] They're ghosts! Yeah, ghosts
[CLARA] You said there was no such thing. You actually pooh-poohed the ghosttheory.
[DOCTOR] Yes, well, well, there was no such thing as, as socks or smartphonesandbadgers until there suddenly were. Besides, what else could they be?They're not holograms, they're not Flesh Avatars, they're not Autons,they're not digital copies bouncing around the Nethersphere. No, thesepeople are literally,actually, dead. Wow. This is, it's amazing! I've never actually met aproper ghost.
[CASS via LUNN] Moran was our friend.
[CLARA] (sotto) The cards.
[DOCTOR] Oh! Oh, right you are.
[CLARA] (sotto) Oh, come here.
[DOCTOR] Ahem. I'm very sorry for your loss. I'll do all I can to solve the death ofyour friend slash family member slash pet.
[DOCTOR] But don't you see what this means? Death! It was the one thing thatunified every single living creature in the universe, and now it'sgone.How can you just sit there? Don't you want to go out there right now,wrestle them to the ground and ask them questions until your throatfalls out?What's death like? Does it hurt? Do you still get hungry? Do you missbeing alive? Why can you only handle metal objects? Oh, I didn't knowI'd noticed that.Okay, so they'll try to kill you, blah, blah, blah. What does thatmatter? You come back. A bit murder-y, sure, but even so! Calm,Doctor, calm. You were like this when you met Shirley Bassey.Okay. Question one. What is a ghost? Question two. What do they want?
[O'DONNELL] Whoa. Whoa, what's happening?
[COMPUTER] Good evening. Entering night mode.
[O'DONNELL] That's not right. We're switching back into night modeagain. This can't happen! No, no, no!
[BENNETT] Er, what's doing that?
[CLARA] Doctor?
[DOCTOR] The Tardis Cloister Bell!

---------------------------------------

(Tardis)
[CLARA] Doctor, what's wrong?
[DOCTOR] It must be the ghosts. That's why she was upset when we got here.
[CLARA] Why? I don't understand.
[DOCTOR] It's just what I was saying. You live and you die. That's it. Theghosts are aberrations. A splinter of time in the skin. They'reunnatural.She wants to get away from them.
[CLARA] So, what do we do?
[DOCTOR] Put the handbrake on.
[DOCTOR] Whoa! Ho, ho, ho, ho! Where do you think you're going?
[CLARA] Out there, where the action is.
[DOCTOR] Look, you, er
[CLARA] What?
[DOCTOR] Oh, this is my own fault. I like adventures as much as the next man.If the next man is a man who likes adventures. Even so, don't, don'tgo native.
[CLARA] What do you mean? I'm not.
[DOCTOR] Look, there's a whole dimension in here, but there's only room forone me.
[CLARA] Wait, wait a second. You just raved about ghosts like a kid who hadtoo much sherbet.
[DOCTOR] Do you know what you need? You need a hobby.
[CLARA] I really don't.
[DOCTOR] Or even better, another relationship. Come on, you lot, you're bananasabout relationships. You're always writing songs about them, or going towar, or getting tattooed
[CLARA] Doctor, I'm fine.
[DOCTOR] I just felt that I, I, I had to say something.
[CLARA] I know. And I appreciated it.
[DOCTOR] Because I've got a duty of care.
[CLARA] Which you take very seriously, I know.
[DOCTOR] So can I stop now?
[CLARA] Please. Please do.

---------------------------------------

(Airlock)
[O'DONNELL [OC]] Attention, all crew. The Drum has switched tonight mode early so grab provisions and make your way to the Faradaycage.
[PRITCHARD] That you, Bennett? I went out looking for that missing power cell. Okay, contractually, it'sa grey area, but I reckon we can argue everything non-indigenous isan asset and therefore
[PRICHARD] Bennett?
[PRITCHARD] We're meant to be in day mode! You shouldn't be here.
[PRITCHARD] What? What? What what are you saying?
[PRITCHARD] No, Moran! Don't!

---------------------------------------

(Mess hall)
[O'DONNELL [OC]] Pritchard, you are unaccounted for. Contactthe bridge or get to the Faraday cage immediately. Pritchard, contactthe bridgeor get to the Faraday cage!
[BENNETT] I'd love to work for UNIT, Earth's first line of defence, and all. I'mprobably not suited, though. Not much of a fighter. More of a bleeder.
[CLARA] Pritchard! Where you have you been? Everyone's been looking for you. What's with the wet suit?
[BENNETT] Yeah, where have you been?

---------------------------------------

(Bridge)
[BENNETT [OC]] O'Donnell, it's okay. Pritchard's in here!.
[O'DONNELL] Pritchard, you moron. Grab your stuff, we're locking down early. Incase I can't get this back into day mode.

---------------------------------------

(Mess hall)
[CLARA] Is he all right?
[BENNETT] Man overboard. Man overboard! We need a rescue team in the water now!
[CLARA] Bennett, wait! It's Pritchard.
[CLARA] He's a ghost. He's another ghost.

---------------------------------------

(Bridge)
[O'DONNELL] Come on, come on. Come on, come on, come on, come on, come on.
[COMPUTER] Good morning. Entering day mode.
[PRITCHARD [on screen]] No! No, Moran! Don't!
[DOCTOR] They're working out how to use the base against us. Altering the timesettings so they can go about uninhibited, opening the airlocks. They're learning.
[CLARA] And now there's three of them.
[BENNETT] Cass, what do we do?
[CASS via LUNN] We abandon the base. Topside can send down a whole team of marines or ghost-busters orwhatever.
[DOCTOR] Wait, wait.
[CASS via LUNN] I can't force you to leave, so you can stay and do thewhole cabin in the woods thing and get killed or drowned, if you want.But my first priority is to protect my crew.
[CLARA] (sotto) But we're coming back, aren't we?
[DOCTOR] (sotto) Yes, we're coming back.
[CASS via LUNN] O'Donnell, contact Topside. Tell them we're abandoning the base on my orders.
[O'DONNELL] Topside, Topside, this is Lance Corporal Alice O'Donnell from DrumControl. Over.
[TOPSIDE [OC]] Drum Control, this is Topside. We have received your message.Submarine on its way. Over.
[O'DONNELL] Repeat, Topside. Over.
[TOPSIDE [OC]] We've received your request for a rescue sub. It's two minutes away.Over.
[O'DONNELL] Topside, who did you speak to and when was this request made? Over.
[TOPSIDE [OC]] Drum Control, it was in Morse code and arrived maybe half an hour ago.Said it was urgent, comms were down, two crew members critically ill,full paramedic team requested. Over.
[DOCTOR] Topside, this is the Doctor, UNIT security visa seven one zero Apple zero zero. Youmay be familiar with my work. Call back the sub.
[TOPSIDE [OC]] 'Doctor, why would
[DOCTOR] Call it back! We have a hazardous and undefined contagion on board.This base is now under quarantine.
[BENNETT] What did you do that for?
[DOCTOR] Well, none of us sent the message, did we? So that means that the ghosts sent it,which means they want that crew down here.
[LUNN] Why would they do that?
[DOCTOR] Well, I don't know, but I'm pretty certain it's not so they can all form aboy band. Okay. We solve this on our own. The ghosts can only come out at night sothey change the base's time settings. Why? What's different at night?
[O'DONNELL] It's mainly atmospheric. The lights are dim, the noise from the enginesis muffled.
[DOCTOR] No. Something, something else.
[CASS via LUNN] The diagnostic sweep. When the systems are checked, that stops at nightto save power.
[DOCTOR] What systems specifically?
[O'DONNELL] Life support, the locks. They're electromagnetic. They have to besecured in case of flooding, so throughout the day, they're checked,one by one, every few seconds.
[DOCTOR] The answer is in there somewhere, I can smell it.
[CLARA] Doctor, what do we do?
[DOCTOR] O'Donnell. Excellent work, returning the base to day mode.
[O'DONNELL] Shut up. It was nothing  You really think so?
[DOCTOR] Now put it back into night mode.
[O'DONNELL] What!
[DOCTOR] We know nothing. We don't know what they want. That's what's getting uskilled. Well, I won't run. Not any more. So, O'Donnell, kindly put thebaseback into night mode. We want to know what these ghosts are after? Weask them. We're going to do the impossible. We're going to capture aghost.

---------------------------------------

(Mess hall)
[COMPUTER] Good evening. Entering night mode.
[BENNETT] H-Hey, how's it going?

---------------------------------------

(Bridge)
[O'DONNELL] Bennett's got them moving, and Clara's in position.
[DOCTOR] Clara, Bennett is going to run across the top of the T-junction to yourright

---------------------------------------

(Corridor)
[DOCTOR [OC]] In about ten seconds. Draw the ghosts towards you.Turn right, and then take second left.
[CLARA] Hey! Hey, ghosts. Down here!

---------------------------------------

(Bridge)
[DOCTOR] Lunn, they're coming your way. Clara's going to duck down to her left.You've got to keep the ghosts going on the same route they're on now.

---------------------------------------

(Corridor)
[DOCTOR [OC]] Then, after about fifty yards on your left, there is a flood door.

---------------------------------------

(Bridge)
[DOCTOR] O'Donnell will close the door once you're through.

---------------------------------------

(Corridor)
[LUNN] I, I can hear them.
[DOCTOR] Lunn, don't let them see where you go.

---------------------------------------

(Intersection)
[LUNN] Hey! Yeah, this way.
[LUNN] We've got a problem!

---------------------------------------

(Bridge)
[O'DONNELL] They've separated.
[DOCTOR] What?
[O'DONNELL] Moran and the mole guy are going after Clara.

---------------------------------------

(Corridor)
[O'DONNELL [OC]] Clara, look out. Two ghosts are still on your case. Rightbehind you.
[CLARA] I'm beginning to think we should have let the ghosts in on the plan.
[DOCTOR] Clara, there's a flood door at the end of the corridor, around thecorner to your right. We'll close it from here. Listen to me. You've got to get through that door before Moran and theother ghost sees you.

---------------------------------------

(Flood door)
[CLARA] Doctor.

---------------------------------------

(Bridge)
[DOCTOR] Now, O'Donnell, fast as you can!

---------------------------------------

(Corridor)
[LUNN] Guys, I'm nearly at my door.

---------------------------------------

(Bridge)
[DOCTOR] Now, Lunn, quickly.

---------------------------------------

(Flood door)
[LUNN] It saw me. Oh, God.

---------------------------------------

(Bridge)
[LUNN [OC]] It saw me. It's coming through. It's coming throughthe door.
[O'DONNELL] We don't have a camera in there.
[DOCTOR] No, no, Lunn. Lunn, can you hear me? Can you hear me? Lunn, what'shappening?
[DOCTOR] Lunn, can you hear me? Lunn? Lunn?

---------------------------------------

(Floor door)
[DOCTOR [OC]] Can you hear me? Lunn, Lunn? Lunn, Lunn! What's happening? Lunn? Lunn?Can you hear me?
[LUNN] I'm okay.

---------------------------------------

(Bridge)
[O'DONNELL] Cass, he's alive.
[LUNN [OC]] It didn't hurt me. I'm okay
[DOCTOR] What? What's wrong with you? Why didn't it hurt you? Bennett, you're on again. Bennett, where are you?
[O'DONNELL] There. Oh, God, look.
[DOCTOR] Bennett, can you hear me?

---------------------------------------

(Corridor)
[DOCTOR [OC]] There are two ghosts just around the corner from you.
[BENNETT] (sotto) Yes, thanks, I'd noticed.

---------------------------------------

(Bridge)
[DOCTOR] The Faraday cage is across the intersection and down the corridor toyour right. This last bit is down to you.

---------------------------------------

(Corridor)
[BENNETT] Okay, so, the good news is, they aren't split up any more. Cue Clara!

---------------------------------------

(Outside the Faraday cage)
[DOCTOR] We need to talk. Sorry, chaps. Just a hologram. You play a little bit too rough.

---------------------------------------

(Bridge)
[CLARA] I'm fine, by the way, in case any of you were worried.

---------------------------------------

(Outside the Faraday cage)
[DOCTOR] Cass, are you seeing this?

---------------------------------------

(Bridge)
[O'DONNELL] Sonic glasses Wi-Fi locked in. On screen B2.
[LUNN] She says she can't see them properly.

---------------------------------------

(Outside the Faraday cage)
[LUNN [OC]] The glass is too thick andthey're too far away.
[DOCTOR] Open the door.

---------------------------------------

(Bridge)
[O'DONNELL] What?
[CLARA] Doctor, you can't go in there, they will kill you!

---------------------------------------

(Faraday cage)
[DOCTOR] They don't have any weapons or access to any of the controls. Theycan't hurt me, so open the door.
[DOCTOR] Cold, isn't it? Take away your weapons and you're not so scary, are you? Is that better, Cass?

---------------------------------------

(Bridge)
[LUNN] She says they're saying the same thing, the same phrase, over and over.They're saying the dark. The score. No, the sword.The for sale? No, the forsaken. The temple.
[DOCTOR] What?
[LUNN [OC]] Yes, she's sure. The dark, the sword, the forsaken, the temple.
[LUNN [OC]] Justthat. Over and over.
[DOCTOR] Dark, sword, forsaken, temple. What does that mean? What are you telling me, big man? Bennett! I need maps. I think I just worked out what our friend here is telling us.

---------------------------------------

(Bridge)
[DOCTOR] They'recoordinates.
[BENNETT] How can they be coordinates?
[DOCTOR] The dark? Space. So, whoever's following the coordinates knows they'regoing to another planet. The sword?
[DOCTOR] Orion's sword. The sword, thethree stars, although one isn't actually a star but the Orion Nebula,hanging down from Orion's belt.But if viewed from back here, the Earth becomes the fourth bit ofthe sword. So, narrowed it down to a planet now. Getting closer.
[DOCTOR] The forsaken. The forsaken or abandoned or empty town. See, it's alocation, beaming out to someone or something across the universe, overand over. And every time they kill one of us
[CLARA] It strengthens the signal. Another ghost, another transmitter.
[O'DONNELL] Which iswhy they sent for that rescue sub.
[DOCTOR] Get more people down here,kill them, make even more ghosts to beam out the coordinates.
[CASS via LUNN] But why are they beaming out the coordinates? Is it a distress call?
[DOCTOR] It could be. Or a warning. Might even be a call to arms. It could mean, come here, they're vulnerable, help yourself.Wait a minute, though.Wait a minuet. Do you know what this means? It means that they're not anatural phenomenon.It means that someone is deliberately getting people killed, hijackingtheir souls and turning them into transmitters.
[O'DONNELL] But what do the coordinates lead to, though? To us? To the ghosts? What?
[DOCTOR] Ah! What the coordinates are for. That is part of the answer to theother question you're all thinking.(blank stares) Really? Come on. None of you? Surely just being around me makes youcleverer by osmosis? What is the other question?
[CASS via LUNN] The temple. The fourth part of the directions. What's the temple?
[DOCTOR] Finally. It's like pulling teeth. This is the flooded military town. Shops, houses, town square, andthis.
[CLARA] A church?
[DOCTOR] Whatever the coordinates are for, it's in thatchurch.Find that and you're a hop, skip and a jump to stopping them.
[BENNETT] Wait, you're not suggesting that? But we're safe now. The ghosts are in the cage. We can get out of here.
[DOCTOR] No one has to stay. In fact, I would prefer it if you went. You'll allget in the way and ask ridiculous questions. But, you know, (indicates Cass, Lunn and O'Donnell) you have chosen to protect and serve. (indicates Bennett) You have given yourselfto science and the pursuit of knowledge.None of you have chosen anonymous or selfish lives. Go, and a part ofyou will always wonder, what would have happened if I'd stayed? How could I have helped? What would I have learned? I want you to go.But you should know what it is that you're leaving.
[LUNN] Cass says we should go, but everything that happens here is herresponsibility now, so she's going to stay. So I, er, guess I shouldtoo.
[O'DONNELL] Well, count me in. Who wants to live forever, anyway?
[BENNETT] Sorry, er, have you gone insane? We can go home.
[BENNETT] They're ghosts, though. How can they be ghosts? Well, at least if I die, you know I really will come back and hauntyou all.
[BENNETT] Okay, the sub is approaching the town square. Which way is the church?
[CLARA] What are we looking for, exactly?
[DOCTOR] Something that has the power to raise the dead and turn them intotransmitters. I expect we'll know it when we see it.
[BENNETT] Wait, I've found the church.
[DOCTOR] That's it, keep going.
[DOCTOR] Wait. What's that? Move closer.

---------------------------------------

(Main hangar)
[DOCTOR] It's the suspended-animation chamber from the spaceship.
[CLARA] So the pilot could be in there.
[DOCTOR] There's something inside there. But it's deadlock sealed. I can't openit. It should be the pilot, it should be. So why do I think it isn't?More questions. Everything I solve, just more questions. I have to goback to the beginning. We arrive, we see the ghosts. They don't killus.They lead us here, they show us the spaceship. Then they try to killus.
[DOCTOR] Not translated by the Tardis. Why?
[DOCTOR] Lunn, translate for me. Whenever I step outside, you are the smartestperson in the room. So, tell me, what's weird about this? I know thatit's all bonkersbut, you know, when you think about it, one thing keeps snagging inyour mind. What is it?
[CASS via LUNN] The markings on the inside of the spaceship.
[DOCTOR] The markings on the inside of the spaceship. Yes! Why?
[CASS via LUNN] I don't think they're just words.
[DOCTOR] They're not. They're magnets.
[BENNETT] Magnets? How?
[DOCTOR] Well, a localised and manufactured electromagnetic field, to beprecise. The dark. The sword. The forsaken. The temple.When we heard the coordinates for the first time, did anyone expectthem not to be that? No, exactly. Me neither. It's like we alreadyknew, somehow.Like the words were already in us.
[O'DONNELL] So that writing is the coordinates?
[DOCTOR] Everything we see or experience shapes us in some way. But these wordsactually rewrite the synaptic connections in your brain. They literallychange the way you are wired. Clara, why don't I have a radio in the Tardis?
[CLARA] You took it apart and used the pieces to make a clockwork squirrel.
[DOCTOR] And because whatever song I heard first thing in the morning, I wasstuck with. Two weeks of Mysterious Girl by Peter Andre. I was beggingfor the brush of Death's merciful hand.Don't you see? These words are an earworm. A song you can't stophumming, even after you die.
[CLARA] Okay, so, the spaceship lands here. The pilot leaves the writing on thewall so whoever sees it, when they die, they become a beacon of thecoordinates,while he slash she slash it snoozes in the suspended-animation chamber
[DOCTOR] Waiting for his slash her slash its mates to pick the message up. My God. Every time I think it couldn't get more extraordinary, itsurprises me. It's impossible. I hate it. It's evil. It's astonishing.I want to kiss it to death.
[COMPUTER] Attention, all crew. Evacuate base immediately. Emergencyprotocols have been initiated. This safety message was brought to youby Vector Petroleum. Fuel for our futures.
[O'DONNELL] Oh, no. The ghosts tampering with the day-night settings caused acomputer malfunction. Its its first priority is to keep the reactorcool,so it's opening the hull doors and it's flooding the base.
[LUNN] Cass says, close the internal flood doors. That'll contain the water inthe central corridor.
[DOCTOR] Where's the Tardis?
[O'DONNELL] On the other side.
[DOCTOR] We need to get there. It's our only way out.
[O'DONNELL] Okay. We've got thirty seconds before the flood doors close.

---------------------------------------

(Corridor)
[CLARA] (to Lunn) Come on!
[CLARA] Doctor!
[DOCTOR] I'll get you and the others out. Sit tight, I'll come back for you.
[CLARA] Just come over here in the Tardis now.
[DOCTOR] The Tardis won't go there. It won't go near the ghosts.
[CLARA] You can't just leave us!
[DOCTOR] Listen to me. I'm going back in time to when this spaceship landed. IfI can understand why this is happening, I can stop them killing anyoneelse. I can save you.You trust me, don't you, Clara?
[BENNETT] Wait, you're going to go back in time? How do you do that?
[DOCTOR] Extremely well.

---------------------------------------

(Mess hall)
[LUNN] You're sure they're not going to hurt us?
[CLARA] They can't get out of the Faraday cage.

---------------------------------------

(Tardis)
[DOCTOR] Back to before the flood.

---------------------------------------

(Mess hall)
[CASS via LUNN] And you're sure the Doctor won't just leave us here?
[CLARA] Guys, look, this is how we roll. He's going to go away, come back andwe'll have to listen to how he did it.
[LUNN] Is it Moran or Pritchard or the mole guy? How, how did they get out?
[CLARA] No, I don't think it's any of them. I think it's a new ghost.
[LUNN] What does that mean?
[CLARA] It means that something happened in the past, it means that somebodyelse must have. Oh, no. Oh, no, no, no, no.
",2015-10-03,Doctor Who - Under the Lake
"Doctor Who (10 Oct 2015; Twelfth Doctor) - Before The Flood

(Railway station)
[DOCTOR] Where's Bennett? We need to get going.
[O'DONNELL] Oh, he's still throwing up. One small step for man, onegiant bleaurgh.
[DOCTOR] Oh, time travel does that sometimes.
[O'DONNELL] Somehow I doubt that Rose or Martha or Amy lost theirbreakfast on their first trip.
[DOCTOR] You seem to know an awful lot about me.
[O'DONNELL] I used to be in military intelligence. I was demoted fordangling a colleague out of a window.
[DOCTOR] In anger?
[O'DONNELL] Is there another way to dangle someone out a window? Whatyear are we in?
[DOCTOR] 1980.
[O'DONNELL] So, pre-Harold Saxon. Pre-the Minister of War. Pre-the moonexploding and a big bat coming out.
[DOCTOR] The Minister of War?
[O'DONNELL] Yeah.
[DOCTOR] No, never mind. I expect I'll find out soon enough.
[BENNETT] Sorry about that. Had a prawn sandwich. Might have been off.
[DOCTOR] Ah ha. Don't worry. Shall we go?
[O'DONNELL] Just one sec, I've justgot something in my boot.
[O'DONNELL] It's bigger on the inside, it's bigger on theinside, it's bigger on the inside. How can it be bigger on the inside,Bennett? (sobers up) Okay, let's roll.

---------------------------------------

(High Street)
[BENNETT] Why have we gone to Russia?
[DOCTOR] Er, we haven't. We're still in Scotland. This is the townbefore it flooded. The Tardis has brought us to whenthe spaceship first touched down. But here and now, it's the height ofthe Cold War.The military were being trained for offensives on Soviet soil.

---------------------------------------

(Spaceship)
[O'DONNELL] Oh, is that the pilot? My God, look at size of it.
[DOCTOR] No, that's the body.
[O'DONNELL] What do you mean, the body?
[DOCTOR] This isn't just any spaceship. It's a hearse.
[BENNETT] The suspended animation chamber's still here, and the powercells for the engine.
[O'DONNELL] And there are no markings on thewall.
[DOCTOR] Yet.

---------------------------------------

(Outside the Church)
[PRENTIS] Greetings!
[O'DONNELL] It's him. That's the ghost from the Drum.
[ PRENTIS] Remarkable. Oh, and humans, too.  Albar Prentis, FuneralDirector.
[BENNETT] You're from Tivoli, aren't you?
[PRENTIS] The most invadedplanet in the galaxy!Our capital city has a sign saying, if you occupied us, you'd be homeby now.
[DOCTOR] Yes, I've had dealings withyour lot before.I can't say I'm a fan.
[PRENTIS] No, we do tend to antagonise. (laughs)
[DOCTOR] What are you doing here?
[PRENTIS] Ah, yes. Of course.(runs up the ramp) Thisis the Fisher King.He and his armies invaded Tivoli andenslaved us for ten glorious years!Until we wereliberated by the Arcateenians.But, thank the Gods,soon we'd irritated themso much, they enslaved us, too! (laughs)
[BENNETT] My first proper alien, and he's an idiot.
[PRENTIS] And now, in accordance withArcateenian custom,I've come to bury himon a barren, savage outpost.
[O'DONNELL] You mean the town?
[DOCTOR] He means the planet.
[PRENTIS] Although, at the risk of startinga bidding war, you could enslave me.In the ship I havedirections to my planetand a selection of items that you canoppress me with.
[DOCTOR] Listen, we've come from the future.You're about to send some sort ofsignal.How do you do it? Is ita special pen?
[PRENTIS] What are you talking about?
[DOCTOR] The technology you use. The thing that wrenches the soulout of the body and makes it repeatyour coordinates for eternity.Give it to me now, I'm goingto take the batteries out.
[PRENTIS] We don't have anything like that. (laughs)Even this belongs to theglorious Arcateenians.
[DOCTOR] So who sends the message?
[DOCTOR] Back to the Tardis.I need to talk to Clara.

---------------------------------------

(Mess hall)
[LUNN] You've bee here before,in situations like this before.
[CLARA] Yeah, not exactly like, but, yeah, once or twice.
[LUNN] So you've had to deal withpeople who are scared.What do you say to them?I'm asking what I should say to you.
[CLARA] That it will be all right. That theDoctor will save us.
[LUNN] And when you say it,do you believe it?
[CLARA] Yeah. Yeah, I do.
[LUNN] And now?
[LUNN] Cass thinks the Doctor's sayingsomething different to the others.He's saying Moran Pritchard Apprentice.No, Prentis O'Donnell Clara Doctor Bennett Cass
[CLARA] Who's Prentis?
[CLARA] It's the Doctor.
[LUNN] He's alive?
[CLARA] For the moment.
[CLARA] Doctor? Doctor, are you all right?
[DOCTOR [OC]] Yeah, fine. So listen,the spaceship, it's a hearse.

---------------------------------------

(Tardis / Mess hall)
[DOCTOR] Clara, what's wrong?
[CLARA] Another ghost has appeared.
[DOCTOR] What? Who? Has someone died?
[CLARA] Doctor,it's you. Are you okay?
[DOCTOR] Yeah. Well, currently.
[CLARA] What does it mean?
[DOCTOR] It means I die.
[CLARA] No, not necessarily. We can changethe sequence of events so
[DOCTOR] This isn't a potential future. This is the futurenow.  It's already happened.The proof is rightthere in front of you.I have to die.
[CLARA] No.You can change things.
[DOCTOR] I can't.Even the tiniest change, theramifications could be catastrophic.It could spread carnageand chaos across the universelike ripples on a pond. Oh, well, I've had a good innings.(to O'Donnell) This regeneration, it'sa bit of a clerical error anyway. (to Clara)I've got to go sometime.
[CLARA] Not with me!Die with whoever comes after me.You do not leave me.
[DOCTOR] Clara, I need to talk to youjust on your own.
[DOCTOR] Listen to me.We all have to face deatheventually, be it ours or someone else's.
[CLARA] I'm not ready yet.I don't want tothink about that, not yet.
[DOCTOR] I can't change what's alreadyhappened. There are rules.
[CLARA] So break them.And anyway, you owe me.You've made yourself essential to me.You've given me something else to,to be. And you can't do thatand then die. It's not fair.
[DOCTOR] Clara.
[CLARA] No.Doctor, I don't care about yourrules or your bloody survivor'sguilt.If you love me in any way,you'll come back.Doctor, are you?
[DOCTOR] I can't save Moran or Pritchard.
[CLARA] No, but like you said, if you can, if you canfind out why this is happening,maybe you can stop them killinganybody else, you can save us.And you can stop ithappening to you.
[DOCTOR] I'll do what I can,but the future has already happened.We've just met the Undertakerand he's still alive.
[DOCTOR] So. Ghost me. You've got a better view than me.How do I look?Any signs of trauma, any scars?Any clues as to how I die?
[CLARA] No, nothing.You're the same as all the otherghosts with the weird blackeyes and.No. No, wait. Your coat.It's torn. The right shoulder.
[DOCTOR] I assume I'm just sayingthe same thing as the others.
[CLARA] No. You're saying a list of names.Our names, mainly. Moran, Pritchard, Prentis,O'Donnell, Clara, Doctor, Bennett, Cass.Who's Prentis?
[DOCTOR] The mole-faced chap.
[DOCTOR] What's the matter, Clara,what's happening?
[CLARA] You've moved inside.You're inside here now.
[DOCTOR] What am I doing?
[CLARA] Er, nothing. You're,you're just standing there.
[DOCTOR] I'm not trying to kill you?Why am I not trying to kill you?
[CLARA] No, wait, you're moving,going toward the control panel.
[CLARA] Oh, no.He's opened the Faraday cage.He's let the other ghosts out.
[DOCTOR] I need to talk to me now.
[CLARA] Didn't you hear me?You opened the Faraday cage.The other ghosts are outside.Shouldn't we be hiding?
[DOCTOR] In a minute.I need to talk to the ghost me.
[CLARA] Okay, Doctor, you're on.
[DOCTOR] Doctor. Such an honour.I've always been a huge admirer.This is really a delight.Finally someone worth talking to.So firstly, why are you here?
[DOCTOR] Clara? Clara, what's happening?
[CLARA] Er.Er, you, you've just stopped.Oh, no, wait, you've started again.
[CASS via LUNN] His message has changed. He's saying somethingdifferent.He's saying
[CLARA] What?
[DOCTOR] What?
[LUNN] What?
[CASS via LUNN] He's saying, the chamber will open tonight.
[DOCTOR] Clara, now the ghosts are out,go to the Faraday cage.They won't be able to getyou in there. Oh, there's a problem.
[CLARA] Problem? What problem? Oh, really? Becauseeverything else is going sosmoothly
[DOCTOR] The phone signal won't be able to get through.What you'll have to do,Clara, put the phone outside,and you can watch it throughthe little round porthole. And when you see it ringing, if it'ssafe to do so, go out and answer it.
[CLARA] Okay, how long are you going to
[DOCTOR] Clara, listen to me.Don't let that phoneout of your sight.I need to be able to reach you, Ineed to know everything my ghostdoes.Do you understand?I'll come back for you. I swear.

---------------------------------------

(Tardis)
[DOCTOR] Come on. Oh, wait a minute.Not you, O'Donnell.
[O'DONNELL] Why not?
[DOCTOR] Someone needs to stay hereand mind the shop.What if Clara calls?
[O'DONNELL] The last bloke that saidsomething like that to megot dangled out of a window.
[BENNETT] Maybe the Doctor's right. Maybe it's best if you stay here.
[O'DONNELL] Never going to happen. Seriously,have you two met me?

---------------------------------------

(Spaceship)
[DOCTOR] Prentis.Prentis!
[O'DONNELL] Guess that dead body wasn't so deadafter all.
[BENNETT] And now we've got the writing.
[DOCTOR] The Fisher King did it himself.The future is still coming.

---------------------------------------

(Outside the Church)
[DOCTOR] He's taken the suspended animationchamber to the church.
[O'DONNELL] What was that?
[DOCTOR] We need to get back to the Tardis.Now!

---------------------------------------

(Building)
[DOCTOR] It's cut us off.
[O'DONNELL] Let's split up.Go on, Bennett.
[DOCTOR] No, Bennett! Wait!
[BENNETT] Why did you come? You shouldn't havecome. I mean, you never listen to anyone. It drives memad.
[O'DONNELL] To keep an eye on you, idiot.So, don't die.
[BENNETT] No.
[BENNETT] Who's next on the list?
[BENNETT] That list your ghost was saying,that's the order in which people aregoing to die, isn't it?I mean,I've only just figured that out.But you knew that all along, didn't you?
[DOCTOR] I thought perhaps, because her ghostwasn't there in the future,like Prentis's was,I thought maybe,maybe it wouldn't happen. Maybe she stood a chance.
[BENNETT] Yeah, but you didn't try very hardto stop her, though, did you?It was almost like you wanted totest your theory.So who's next?
[DOCTOR] Clara.
[BENNETT] Yeah.Yeah. Except now you're going to dosomething about it, aren't you? Yeah, because it's getting closer toyou.You changehistory to saveyourself but not to save O'Donnell.You wouldn't save her.
[DOCTOR] This isn't about saving me.I'm a dead man walking.I'm changing history to save Clara.

---------------------------------------

(Faraday cage)
[CLARA] O'Donnell's dead.
[CLARA] Oh, no. No, no, no, no,don't you dare. Don't you dare.

---------------------------------------

(Tardis)
[DOCTOR] Big day for you.Time travel, twice!
[BENNETT] Whoa, really? When are we going to?
[DOCTOR] Off the map.Out of the rule book. Whatif I don't die? What if I refuse?I'm going to go back to the baseand I'm going to save Clara, becausethat's what I do. And I don't seeanyone here who's going to stop me.

---------------------------------------

(Location 512)
[DOCTOR] Why are we still here?
[DOCTOR] No. No, no, no, no, no.
[BENNETT] What?
[DOCTOR] We've moved half an hour backwards.I'm locked in my own time stream.The Tardis won't let me leave.
[BENNETT] Well, what do we do?
[DOCTOR] Now we have to keep out of sight,until time catches up.
[LATER DOCTOR] Where's Bennett? We need to getgoing.
[LATER O'DONNELL] Oh, he's still throwing up.
[BENNETT] Prentis. He's alive.
[DOCTOR] No, he's just not dead yet.And we don't tell him.
[BENNETT] Yeah, but he's right there. I mean,we can just
[DOCTOR] No!
[DOCTOR] However that sentence ends,no, we can't.Save him,and you'll want to save O'Donnell.You can't cheat time.I just tried.You can't just go backand cut off tragedy at the root.Because you find yourself talking tosomeone you just saw dead on a slab.Because then you really dosee ghosts.We don't tell him.Understand? Not a word.We don't have that right.

---------------------------------------

(Outside the Church)
[LATER PRENTIS] Albar Prentis, Funeral Director.
[LATER BENNETT] You're from Tivoli, aren't you?
[LATER PRENTIS] The most invadedplanet in the galaxy!Our capital city has a sign saying, if you occupied us, you'd be homeby now.
[LATER DOCTOR] Yes, I'vehad dealings with your lot before.I can't say I'm a fan.
[LATER PRENTIS] No, we do tend to antagonise!
[LATER DOCTOR] What are you doing here?
[LATER PRENTIS] Ah, yes. Ofcourse.

---------------------------------------

(Faraday cage)
[CLARA] The dark. The sword.The forsaken. The temple.When we found out what theghosts were saying,we weren't surprised because thewords, they were already inside us.
[CLARA] But you, you were, weren't you?You didn't know what thewords were going to be.
[LUNN] Er, no, I didn't. How did you know?
[CLARA] Who was the one person who didn'tsee the writing in the spaceship?
[LUNN] Me. Cass wouldn't let me go inside.
[CLARA] That's why the ghosts didn't hurtyou when they had the chance.The message isn't inside you.
[LUNN] Yes, I suppose that makes sense.
[CLARA] So you can get the phone back.
[LUNN] What?
[LUNN] She's saying I should goand get the phone back.
[CASS] No.
[CLARA] Listen, listen. I need.We, we need to be able tocontact the Doctorand you are the only one who can dothis.
[LUNN] Okay
[LUNN] No, she's right.Neither of you can get it back.
[CLARA] What? What is it? What did she say?
[LUNN] It doesn't matter.
[CLARA] Please.
[LUNN] She said to ask you whethertravelling with the Doctorchanged you,or were you always happy to putother people's lives at risk.
[CLARA] He taught meto do what has to be done.You should get going.

---------------------------------------

(Outside the Church)
[DOCTOR] Oh. I need more time. It's too soon.I haven't saved her yet.Tick tock, tick tock,tick tock, tick tock, tick tock.I've got no choice now,I have to face the Fisher King.You, back to the Tardis.

---------------------------------------

(Outside the Faradaycage)
[CLARA] Look, he'll be fine, I promise.
[CLARA] Okay. Didn't need anyone totranslate that.

---------------------------------------

(Outside the Church)
[DOCTOR] Now I'm ready.

---------------------------------------

(Basement)
[DOCTOR] I've come from the future.I've seen the chaos you cause. The bloodshed.
[FISHER KING [OC]] Tell me what you have seen.
[DOCTOR] Ghosts.
[FISHER KING [OC]] Ghosts?
[DOCTOR] Souls wrenched from the dead.Repeating directions to here,to this spot, over and over.
[FISHER KING [OC]] How many ghosts do I create?How many!
[DOCTOR] Four that I know of. Maybe five bynow.Probably more since I left.
[FISHER KING [OC]] My ghosts will make more ghosts.Enough to bring an armada.Enough to wake me from my sleep.
[DOCTOR] What will happenwhen your people arrive?
[FISHER KING [OC]] We will drain the oceansand put the humans in chains.
[DOCTOR] This world is protected, by me.
[FISHER KING [OC]] Yes.One man,lost in time.

---------------------------------------

(Mess hall)
[COMPUTER] Door emergency security lock.

---------------------------------------

(Basement)
[FISHER KING] The seed of their destruction isalready sown. They will die.The message will be sent.My people will come, and you will donothing to stop it,Time Lord.

---------------------------------------

(Faraday cage)
[CLARA] Hey! No, no, no, no. Cass!Wait, what are you doing?Look, Lunn, he is going to be fine,I promise.We have to stay here.I know that look. I do that look.Okay, fine. But we stick together.

---------------------------------------

(Basement)
[FISHER KING] Time Lords. Cowardly,vain curatorswho suddenly rememberedthey had teethand became the most warlikerace in the galaxy.But you, you!
[FISHER KING] You are curious.You have seen the words, too.I can hear them tick inside you.But you are stilllocked in your history.Still slavishly protecting Time.Willing to die rather than changea word of the future.

---------------------------------------

(Intersection)
[CLARA] (sotto) Lunn.
[CLARA] (sotto) Lunn.Lunn.(turns round) Oh, Cass.Cass.Cass.Idiot. I'm an idiot.

---------------------------------------

(Basement)
[FISHER KING] You will be a strong beacon.How many ghosts can I make of you?
[DOCTOR] You know, you've gota lot in common with the Tivoleans. You'll both do anything to survive.They'll surrender to anyone.You will hijack other people's soulsand turn them into electromagneticprojections.That will to endure. That refusal to ever cease.It's extraordinary.And it makes a fella think. Because you know what? If all I haveto do to survive is tweak the futurea bit, what's stopping me?Oh, yeah, yeah, yeah, yeah,yeah. The ripple effect.Maybe it will mean that the universewill be ruled by cats or something,in the future.But the way I see it,even a ghastly future is better thanno future at all.You robbed thosepeople of their deaths, made them nothing more thana message in a bottle.You violated something moreimportant than Time.You bent the rules of lifeand death.So I am putting things straight.Here, now,this is where your story ends.

---------------------------------------

(Corridor)
[CLARA] Oh, there youare.

---------------------------------------

(Basement)
[FISHER KING] There is nothing you can do.
[DOCTOR] I've already done it.The words have gone.I got rid of them.The future I saw,none of that will happen now.The message will never contaminatemy friends. No one will die. No one is coming to save you.That's the thingabout knowing you're going to die.You've got nothing left to lose.

---------------------------------------

(Mess hall)
[LUNN] No, no, you've got to get out ofhere.The ghosts locked me in.It's a trap.
[CLARA] Come on. Faraday cage now!

---------------------------------------

(Spaceship)
[FISHER KING] The Time Lord lied.

---------------------------------------

(Tardis)
[HOLO-DOCTOR] This is security protocol seven one two. Theechelon circuit has been activated.Please stow any hand luggageand prepare for departure.

---------------------------------------

(Main hangar)
[CLARA] Back, get back.
[DOCTOR] Don't kiss me. Morning breath.
[CLARA] Doctor?
[DOCTOR] Follow me.

---------------------------------------

(Bridge)
[CLARA] What's that noise?
[DOCTOR] It's the call of the Fisher King.The call of their master.
[CLARA] Where are they going?
[CLARA] (wearing the sunglasses) So what was it? Your ghost.
[DOCTOR] A hologram.Like the one we made of you to lurethe ghosts into the Faraday cage.With a soupÃ§onof artificial intelligence,and a few pre-recordedphrases thrown in.
[DOCTOR] Ah!
[DOCTOR] All beamed from the sonic glasses.
[DOCTOR] As soon as you brought me and thechamber on board, it connectedwith the base's wi-fi and Bob's youruncle, you've got a ghost Doctor.
[CLARA] Why did they only come out at night?
[DOCTOR] Because they're electromagneticprojections that wereout of phase withthe base's day mode. Right.
[DOCTOR] That's it. I've erasedthe memory of the writing.Though you might find you've losta couple of other memories too. You know, like people you went toschool with, orprevious addresses or how to drinkliquids.That's you two done.Where's Bennett?

---------------------------------------

(Outside the Faraday cage)
[BENNETT] What will happen to them?
[DOCTOR] UNIT will cut outthe Faraday cagewith them inside and take it away.Then the space-hearse will bedestroyed,so the writing doesn'tinfect anyone else.
[BENNETT] What do I do now?
[DOCTOR] I don't understand.
[CLARA] I do.You keep going. You have to.Take it from me, there isa whole world out there. A galaxy, a life.What would O'Donnell have wanted?
[DOCTOR] I need to erasethat message from your mind,but it's fine, I'll do it later.
[BENNETT] Lunn. Will you translatesomething to Cass for me?
[LUNN] Of course.
[BENNETT] Tell her that you're in love with her andthat you always have been.
[LUNN] What?
[BENNETT] Tell her there is no pointwasting time because things happenand then it's too late.Tell her I wish someone had given methat advice.
[LUNN] Oh, God, no.I was just passing on what he said. Please, don't feel

---------------------------------------

(Tardis)
[CLARA] What will UNIT do with the ghosts?
[DOCTOR] Drag the cage into space, away fromthe Earth's magnetic field.With nothing to sustain them,the ghosts will eventually fade away.
[CLARA] Here's what I don't understand.You did change the future.You stopped the Fisher Kingfrom returning.
[DOCTOR] The Fisher King had beendead for a hundred and fifty yearsbefore we even got here.But once I went back,I became part of events.But here's the thing.The messages my ghost gave, theyweren't for you, they were for me.That list. Everyone after youwas random, but youbeing the next name, that's whatmade me confront the Fisher King.
[CLARA] And saying the chamber will open?
[DOCTOR] That was me telling me to get insideand when to set it for.
[CLARA] Smart.
[DOCTOR] Except that's not why I said them.
[CLARA] How do you mean?
[DOCTOR] I programmed my ghost to say thembecause that'swhat my ghost had said.And the only reason I createdmy ghost hologram in the first placewas because I saw it here.I was reverse engineeringthe narrative.
[CLARA] Okay, that's still pretty smart.
[DOCTOR] You do not understand.When didI first have those ideas, Clara?
[CLARA] Well, it must have been (penny drops)Wow.
[DOCTOR] Exactly.Who composed Beethoven's Fifth?
",2015-10-10,Doctor Who - Before The Flood
"Doctor Who (25 Dec 2016; Twelfth Doctor) - The Return of Doctor Mysterio, by Stephen Moffat

(Young Grant's bedroom)
[DOCTOR] Hey!
[DOCTOR] Hello there! Ah, hello!
[YOUNG GRANT] Hello?
[DOCTOR] Hello!
[YOUNG GRANT] What are you doing?
[DOCTOR] I was setting a trap.
[YOUNG GRANT] A trap?
[DOCTOR] On your roof.
[YOUNG GRANT] What
[DOCTOR] I tried it out.
[YOUNG GRANT] How?
[DOCTOR] Accidentally.
[DOCTOR] Bless you.
[YOUNG GRANT] Thanks.
[DOCTOR] What's your name?
[YOUNG GRANT] Grant.
[DOCTOR] Hello, Grant. What floor is this?
[YOUNG GRANT] Sixty.
[DOCTOR] Ah!
[DOCTOR] Would it all right if I came in?
[YOUNG GRANT] I'll have to ask my mom.
[DOCTOR] Ow!
[YOUNG GRANT] Mom, wake up.
[DOCTOR] Oh!
[YOUNG GRANT] Mom says you can come in. You're
[DOCTOR] Expected? Argh!
[DOCTOR] Sorry, did you say I was expected?
[YOUNG GRANT] Yeah.
[DOCTOR] Who did you say I was?
[YOUNG GRANT] I told her I saw an old guy at the window. (sneezes)
[DOCTOR] Ho-ho-ho-ho. Merry Christmas, Grant!
[YOUNG GRANT] Mom and Dad are asleep now. I can get you back on the roof. I know the way.
[DOCTOR] Shh.
[YOUNG GRANT] What are you
[DOCTOR] Take a look at that picture.
[YOUNG GRANT] Okay.
[DOCTOR] Now this one. (Superman) Take a good, long
[YOUNG GRANT] See what?
[DOCTOR] Superman and Clark Kent are
[YOUNG GRANT] Are you serious?
[DOCTOR] Yeah. Look, I drew specs on
[YOUNG GRANT] Everyone knows they're the same person.
[DOCTOR] Well, Lois Lane

---------------------------------------

(Stairs)
[DOCTOR] Why did they call him Spider-Man? Don't
[YOUNG GRANT] He was bitten by a radioactive spider, and guess what
[DOCTOR] Radiation poisoning, I should think.

---------------------------------------

(Roof)
[YOUNG GRANT] No, he got special powers.
[DOCTOR] What, vomiting, hair loss and death? Fat lot of use. Hey! What do you
[YOUNG GRANT] That looks
[DOCTOR] I know.
[YOUNG GRANT] Cheap.
[DOCTOR] Oh, shut up! Got a cold
[YOUNG GRANT] I always get a cold at Christmas.
[DOCTOR] Me too. Or an invasion.
[YOUNG GRANT] Where did you get that from?
[DOCTOR] My pocket.
[YOUNG GRANT] How do you keep a glass of
[DOCTOR] Skills. Now hush, I've got a lot of work to do.
[YOUNG GRANT] Who are you?
[DOCTOR] The Doctor.
[YOUNG GRANT] Yeah, but who are you?
[DOCTOR] The Doctor.
[YOUNG GRANT] Which one, though? There's lots of doctors.
[DOCTOR] The one. I'm the main one. The
[YOUNG GRANT] In a comic book, you
[DOCTOR] Oh, I like that. Doctor
[YOUNG GRANT] What is it?
[DOCTOR] Well, in terms that
[YOUNG GRANT] A what?
[DOCTOR] Well, there's been a lot
[YOUNG GRANT] I don't understand.
[DOCTOR] Do you
[YOUNG GRANT] Yeah.
[DOCTOR] Well, it's not like that.
[YOUNG GRANT] I
[DOCTOR] I was, to protect this. I don't want
[YOUNG GRANT] But it looks
[DOCTOR] Of course it does, it's science. Do you want to
[YOUNG GRANT] Can I?
[DOCTOR] Go on. It's Christmas Day.
[YOUNG GRANT] What do I do?
[DOCTOR] Ah!
[YOUNG GRANT] Nothing's happening.
[DOCTOR] Yeah, because now we get to the cool bit. Come here. Do you
[YOUNG GRANT] What gemstone?
[DOCTOR] The gemstone that I gave you. Pop it right in there.
[YOUNG GRANT] (sotto) That was a gemstone?
[DOCTOR] Well, it's more than just a
[YOUNG GRANT] I thought it was medicine.
[DOCTOR] What?
[YOUNG GRANT] It looked like
[DOCTOR] What have you done with it?
[YOUNG GRANT] Well, you gave me medicine and a
[DOCTOR] Oh! You swallowed it. You can't go round swallowing things. What
[YOUNG GRANT] Eight.
[YOUNG GRANT] Am I going to get sick?
[DOCTOR] No, no, no, no. Quite the opposite.
[YOUNG GRANT] The opposite? What's the opposite?
[YOUNG GRANT] What happened?
[DOCTOR] Nothing.
[YOUNG GRANT] What's wrong with me?
[DOCTOR] Well, you've got a cough and a slight case of levitation. Stay calm.
[YOUNG GRANT] What happens if I don't stay calm?
[DOCTOR] Oh! Don't panic.
[YOUNG GRANT] What happens if I panic?

---------------------------------------

(Nursery)
[GRANT] Oh, hey, you're all right. Hi, you're okay.
[GRANT] Yeah.

---------------------------------------

(Top of the Empire State Building)
[DOCTOR] Grant, you need to
[YOUNG GRANT] What's happened to me?
[DOCTOR] Intuitive crystal, plus too many

---------------------------------------

(Harmony Shoal)
[BROCK] Any questions after today can be handled by Miss Shuster or Miss Siegel, who can be contacted on the e-mail addresses provided in
[LUCY] Mister Brock, just
[BROCK] The world is
[LUCY] Yeah, but your benefactors? I
[BROCK] Very simple reason for that. I killed
[LUCY] How big is your back
[BROCK] At the last count, Wyoming.
[BROCK] Now, if you good
[NARDOLE] Mister
[BROCK] Apparently we have one more
[NARDOLE] Yes. Where is the little boys' room?
[BROCK] I think you'll find the
[NARDOLE] No, not the restrooms, the little
[BROCK] If you successfully locate the restrooms, I think you'll find everything you need in there. Thank you all.
[WOMAN] This way, ladies and
[NARDOLE] I don't want a rest. If everyone's just having a rest, I might cause an incident.
[BROCK] Doctor Sim, is there a problem?
[SIM] It's the brains. There's something I need to show you. It's necessary.
[BROCK] Later. Meet me here at
[SIM] Thank you, sir.
[SIM] Mister Brock. You startled me.
[BROCK] Shall we?
[SIM] Of
[NARDOLE] All clear.

---------------------------------------

(Brain safe)
[BROCK] Well?
[SIM] Look at
[BROCK] I see brains every place except here.
[SIM] But why?
[BROCK] It's not your job to ask questions. Stick to science.
[BROCK] Something wrong with your eyes?
[SIM] Sir, the first time I came in here, I
[BROCK] Well, I guess they've got the space.
[SIM] You don't understand.

---------------------------------------

(Outside the Brain Safe)
[DOCTOR] It's okay. I'm an intruder too. Yeah, I brought snacks. Mark of a pro. Keep listening.

---------------------------------------

(Brain Safe)
[BROCK] Looks like a brain to
[SIM] Yes. That's the
[BROCK] What'd you say?
[SIM] Tap the glass, please.
[BROCK] What? What the hell is that? Is that a joke?
[SIM] No sir, it's not a joke.
[BROCK] It's
[SIM] Yes sir, they are.
[BROCK] Doctor Sim? What are you pointing at?
[SIM] I'm pointing at Doctor Sim.
[BROCK] What happened to you? I don't
[SIM] The same thing that is about to happen to you. I had a change of mind.
[BROCK] No, no, please, no! Let me out of here! What's happening?What

---------------------------------------

(Outside the restrooms)
[DOCTOR] Who are you?
[LUCY] Lucy Fletcher,
[DOCTOR] Spooky, isn't it? Looking for a story?
[LUCY] I think I just found one.
[DOCTOR] Brains with minds of their own? No one will believe that. This is
[LUCY] Who are you?
[DOCTOR] Special Agent Dan Dangerous from Scotland Yard,
[NARDOLE] Nope.
[DOCTOR] Yes, yes, they are, see?
[NARDOLE] New
[DOCTOR] (sotto) You don't need to point out
[NARDOLE] Washington's got its own one, yeah.
[SIM] I would call Security, but they might leave you alive. I
[DOCTOR] Good plan. Here's another one. (he turns his back on Sim.) Go on. Tell them
[SIM] Face me.
[DOCTOR] Maybe not.
[SIM] Face me now.
[SIM] What is
[NARDOLE] It's not me.
[LUCY] It sounds like
[DOCTOR] Like someone knocking at a window.
[LUCY] We're on the hundredth floor.
[LUCY] Oh, my God, he's
[DOCTOR] Who's real?
[LUCY] The Ghost.
[DOCTOR] Who's the Ghost?
[LUCY] Masked vigilante. But
[DOCTOR] What?
[LUCY] Super.
[GHOST] Mind if I come in?
[SIM] Impressive. Those windows, like everything in this building, are built to withstand a blast equivalent to four nuclear explosions.
[GHOST] Sorry about that. Would you like me to call a glazier?
[SIM] Hmm.
[GHOST] Please
[GHOST] However, light to moderate injury's fine.
[NARDOLE] That was
[GHOST] Hello. Was that man annoying you?
[LUCY] You're real? I can't believe
[GHOST] I'm afraid I am. I enjoy your column, Miss
[LUCY] You read my column? You read? You're real and you read?
[GHOST] Though I find the political bias in your paper's editorial not entirely to my
[LUCY] I'll pass that on.
[GHOST] Thank you. Who are these gentlemen?
[LUCY] They're, er. I don't actually know.
[DOCTOR] This is my friend, Nardole.
[NARDOLE] Hello,
[DOCTOR] And I'm the Doctor.
[GHOST] The Doctor. I thought we had lots of
[GHOST] Can I give you a ride home?
[LUCY] You have a car?
[GHOST] No. (He takes her in his arms.) I hope you're okay with heights.
[LUCY] I'm okay so far.
[GHOST] Have a good
[NARDOLE] He seems nice.
[DOCTOR] Grant.

---------------------------------------

(Top of the Empire State Building)
[YOUNG GRANT] So I'm a
[DOCTOR] Well, once the gemstone is gone from inside you, you'll be back
[YOUNG GRANT] But how will it get out?
[DOCTOR] Like I said, it will
[YOUNG GRANT] Are you sure?
[DOCTOR] Of course I'm not sure.
[YOUNG GRANT] Sure.

---------------------------------------

(Street)
[GHOST] Is this the right building? They all look the same from up there.
[LUCY] Yeah. Yeah, this is me,
[GHOST] Well, I certainly hope this unpleasant experience hasn't put you
[LUCY] Oh, no, no, no, not at all.
[GHOST] Sorry.
[LUCY] Look at that. The Bat-Signal's an app now? What is it? Bank
[GHOST] Er, something like that. Excuse me.
[LUCY] Go get 'em.

---------------------------------------

(Nursery)
[DOCTOR] With great power comes great responsibility. No man worthy of the title leaves a baby alone.
[GRANT] How did you find me?
[DOCTOR] I tracked the

---------------------------------------

(Apartment)
[DOCTOR] Your powers, they don't belong in this world.
[GRANT] May I take her?
[DOCTOR] She's yours?
[GRANT] I'm hers. I'm her nanny.
[DOCTOR] (handing Jennifer over) You're her nanny?
[GRANT] Yeah, her
[DOCTOR] No, no, it's just, well, okay, so you are a
[GRANT] Well, you've got to make a buck somehow. I mean, you don't get
[NARDOLE] Oh, you don't have to tell us. Here you go, nice and
[NARDOLE] Ooo, elephant.
[GRANT] It's fine. It's a
[DOCTOR] Grant, Grant, this is
[NARDOLE] Even
[GRANT] I can cope.
[DOCTOR] Of course you can't. When do you sleep? When are you not
[GRANT] Well, not as complicated as it's about to get. Er, we're in here, Mrs
[LUCY] Oh, Jennifer, look at you, up again? Don't you ever sleep?
[GRANT] Did
[LUCY] Oh, it was work. Why would it be
[GRANT] Well, I don't know, you seem a little buzzed. I thought maybe you'd met someone.
[LUCY] Maybe I did, maybe I didn't. Grant (spots the Doctor and Nardole.) What are you doing
[NARDOLE] We could ask you the same question. But it's your apartment, so we
[DOCTOR] Well, we, we, we, we were worried about you. We wanted to
[LUCY] You followed me
[DOCTOR] Well, that's just a measure of our concern.
[NARDOLE] Very
[GRANT] They said they knew you. I let them in.
[LUCY] We met tonight. We
[GRANT] Oh! Did something happen?
[LUCY] Nothing
[GRANT] I can do that.
[LUCY] No, it's okay, I want to.
[GRANT] Lombard's her married name. He ran off when the baby came along.
[DOCTOR] Lucy. Of course.

---------------------------------------

(High school)
[DOCTOR] Hey.
[TEEN GRANT] What
[DOCTOR] I'm your relief algebra teacher. Thought I'd check in on you and see how you're coping.
[TEEN GRANT] Well, it hasn't passed, if that's what
[DOCTOR] I think that it's a part of your DNA now. It's bonded
[TEEN GRANT] I don't want to.
[DOCTOR] You're not looking at anyone. Are you shy now? Is that floor really
[TEEN GRANT] I'm not shy. I just can't stop it.
[DOCTOR] Can't stop what?
[TEEN GRANT] The
[DOCTOR] Oh.
[TEEN GRANT] I'm in hell. Naked hell. I just can't look at people.
[DOCTOR] It's the gemstone, responding to puberty.
[TEEN LUCY] Hey, Grant!
[TEEN GRANT] Hey, Lucy!
[DOCTOR] You really like her, don't you?
[TEEN GRANT] I have X-ray eyes. I like
[DOCTOR] But Lucy is your favourite.
[TEEN GRANT] Who says?
[GRANT [OC]] A couple of years

---------------------------------------

(Fire escape)
[GRANT] She even remembered me.
[DOCTOR] Oh, that was lucky.
[GRANT] And I was with my best friend at the time, and she
[DOCTOR] Okay.
[GRANT] Love at first sight.
[DOCTOR] Right.
[GRANT] Then
[DOCTOR] Leaving, I suppose, the field open for you to move in.
[GRANT] Yeah.
[DOCTOR] And care for the
[GRANT] Yeah.
[DOCTOR] So she could keep working and
[GRANT] Pretty much.
[DOCTOR] You tiger. Thank
[GRANT] Who are you thanking?
[DOCTOR] The universe. There's somebody worse at this
[GRANT] Excuse me.
[LUCY] This is Mister Huffle. Mister Huffle
[LUCY] Meet me in the kitchen.

---------------------------------------

(Apartment)
[LUCY] With you in a minute.
[LUCY] So, you're from Scotland Yard?
[DOCTOR] Yes.
[LUCY] It's fine if you don't tell me your secrets. I intend to keep mine. But don't lie to me.
[DOCTOR] Or what?
[LUCY] I hurt Mister Huffle.
[LUCY] I assume you belong to some kind of, I don't know, agency, I
[DOCTOR] No, I was just passing through
[DOCTOR] Okay, okay. Yes, fine, okay, yes, broadly speaking, yes.
[LUCY] What are those brain
[DOCTOR] I don't know. It's nothing that need concern you.
[LUCY] I'm a reporter. That category does not exist. What are they?
[DOCTOR] You wouldn't believe me if I told you.
[LUCY] No reason not to tell me, then.
[DOCTOR] Those brains, they aren't just brains. They're independent alien life forms.
[LUCY] And?
[DOCTOR] They migrate from planet to planet, extracting and
[LUCY] And?
[DOCTOR] Harmony Shoal is a multinational corporation whose true purpose is to
[LUCY] Ha.
[DOCTOR] You believe me?
[LUCY] I don't think you're lying. Slightly different. What has Harmony
[DOCTOR] Nothing.
[LUCY] Ah, so you know who the Ghost
[DOCTOR] No, I have no idea.
[LUCY] Oh, stop it. We just went to a top-secret science research facility apparently run by brains from
[DOCTOR] Don't I?
[LUCY] You're not used to being spoken to like this,
[DOCTOR] I like to keep busy.
[LUCY] Why? What happened to you?
[DOCTOR] Nothing. Oh, look!
[LUCY] Oh!
[GHOST [on TV]] Because fire
[GHOST [on TV]] Sorry, duty calls.
[LUCY] Oh, look at him go. I need to know who he is.
[GRANT] You're all right. She just needs a change.
[LUCY] Oh, it's okay,
[DOCTOR] Oh, yes. He's definitely quick.
[REPORTER [on TV]] In less than a minute, this major fire
[DOCTOR] Do
[GRANT] Sure.
[REPORTER 2 [on TV]] As the storm hit, it became clear that
[LUCY [OC]] Doctor?

---------------------------------------

(Nursery)
[LUCY] So, can you put me in touch with him? The real guy behind the mask?
[DOCTOR] You're smart. You're so clever I actually noticed. I hardly
[LUCY] So what?
[DOCTOR] So why can't you find him yourself?
[LUCY] I got a lead.
[DOCTOR] What lead?
[LUCY] You. You know him. Don't even
[DOCTOR] Maybe you know him too.
[LUCY] Hey, where'd Grant
[GRANT] Right here, Mrs Lombard.
[LUCY] Oh.
[GRANT] Would you like your coffee?
[LUCY] Oh, no, I'm okay, thanks. Are you all right?
[GRANT] Sure. Why?
[LUCY] You're kind of wet.
[GRANT] I prefer
[LUCY] Can you put me in touch with him?
[DOCTOR] The Ghost?
[LUCY] Yeah, the
[DOCTOR] Mrs Lombard, there are some situations which are just too stupid
[LUCY] Hang on. Hello.
[GHOST [OC]] Is
[LUCY] Yes. Who is this?
[GHOST [OC]] Sorry, I had to fly.
[LUCY] (gasp)  Am I? Sorry, am I, am I speaking to the Ghost?
[GHOST [OC]] Hello, Lucy.
[LUCY] So, I'm hoping this means I'm getting an interview.
[GHOST [OC]] An interview is entirely
[LUCY] Hey, you make the headlines, you make the rules.
[GRANT] Discussion
[LUCY] Fair enough, get that. How about
[GRANT] For what?
[LUCY] The interview? We could get dinner.
[GRANT] Dinner.
[LUCY] Do you eat dinner?
[GRANT] Of course I eat dinner.
[LUCY] Okay, then. Pick me up here

---------------------------------------

(Apartment)
[LUCY] Grant, could you babysit for me
[GRANT] Er
[LUCY] Please, it's important.
[BOTH] I've got a date. A date?
[LUCY] Er, kind of a date.
[GRANT] Okay.
[LUCY] An interview. Are you seeing someone?
[GRANT] Er
[LUCY] None of my business. I mean. But are you? I mean, you
[GRANT] Yeah, well, it kind of came as a surprise to me too.
[LUCY] I'm sorry?
[GRANT] It's complicated.
[DOCTOR] I can confirm that it's definitely complicated.
[GRANT] You know, don't worry about it, I'll
[LUCY] You will?
[DOCTOR] You will?
[GRANT] I'll figure it out. Let me take
[LUCY] Okay.
[GRANT] Okay.
[DOCTOR] (sotto) She's jealous.
[GRANT] (sotto) I'm jealous!
[DOCTOR] Grant, you are
[GRANT] Technically, she's jealous of her.
[DOCTOR] Grant, how long have
[GRANT] Since elementary school. Twenty four years.
[DOCTOR] Twenty four years? Yeah,
[GRANT] Are you okay?
[DOCTOR] Time passes for everyone. Even
[GRANT] No, seriously, are you okay?
[DOCTOR] I'm always okay.

---------------------------------------

(Harmony Shoal)
[SIM] Ah, welcome,
[BROCK] A little cramped.
[SIM] It
[BROCK] Interesting. And can it be acquired?
[SIM] A plan is being formulated.
[BROCK] This one. Who is he?
[SIM] I'm not sure. But he may be dangerous.
[BROCK] He doesn't
[DOCTOR [on screen]] Boo! I'm talking to you live! (the lights come on)
[DOCTOR] In
[BROCK] What do you want?
[DOCTOR] Mercy.
[BROCK] We have none.
[DOCTOR] It's
[BROCK] Are you declaring war on us?
[DOCTOR] I am drawing a line, and I'm
[BROCK] Then war it is.
[DOCTOR] Multi-nucleate organism, functioning as an infinitely adaptable, independently functioning, peripatetic central nervous system. Good to
[BROCK] What won't work?
[DOCTOR] Whatever it is, whatever you've got planned. Stating the obvious, you've set up
[SIM] They will come to us, and they will come running.
[DOCTOR] Oh. I very much doubt
[DOCTOR] Yes, take that!
[BROCK] Who are you?
[DOCTOR] There have been many attempts to conquer the Earth. I've lost count. Not one of them has
[SIM] What is this?
[DOCTOR] It's a burger. I always bring a

---------------------------------------

(Tardis)
[DOCTOR] Very good. Right on target.
[NARDOLE] Trial and error, to be honest. A
[DOCTOR] Where'd you get the
[NARDOLE] Twelfth century Constantinople. I ruled firmly, but wisely.
[NARDOLE] Ah, ah, ah. How did it go?
[DOCTOR] Oh, you know. Issued a warning, donated a burger, nicked some stationery. The Ghost. What have you got?
[NARDOLE] The whole story.
[DOCTOR] Fact
[NARDOLE] No, sir, that's not the reason, is
[DOCTOR] Oh, just get on with it.
[NARDOLE] You cut me out of Hydroflax because you
[DOCTOR] I'm not avoiding anything, I'm just
[NARDOLE] Which is what you always do when the

---------------------------------------

(Nursery)
[LUCY] Good girl.
[GRANT] Mrs Lombard? You look nice.
[LUCY] You look surprised.
[GRANT] No, no, no, it's just that, well,
[LUCY] This is
[GRANT] Okay.

---------------------------------------

(Roof)
[LUCY] Hi.
[GHOST] Hi.
[LUCY] Is something wrong?
[GHOST] You look nice.
[LUCY] You look surprised.
[GHOST] I am, a little.

---------------------------------------

(Tardis)
[DOCTOR] He's not supposed to be
[NARDOLE] What, like the Time Lord
[DOCTOR] I
[NARDOLE] Oh!
[DOCTOR] Come on.
[NARDOLE] Where are we?
[DOCTOR] Where we were, except not.
[NARDOLE] Oh. Sorry?

---------------------------------------

(Harmony Shoal)
[NARDOLE] Oh, Tokyo branch.
[DOCTOR] Yep.
[NARDOLE] A bit empty, isn't
[DOCTOR] Yes, I created a distraction. I flooded downstairs with PokÃ©mon.
[JAPANESE MAN] You're not supposed to be in here.
[DOCTOR] I know, it's terrible. Sorry,
[NARDOLE] It's a signal, isn't
[DOCTOR] It's a signal beaming into space. There was one from the New York

---------------------------------------

(Roof)
[LUCY] I did book a restaurant.
[GHOST] I'm not comfortable in restaurants.
[LUCY] I suppose you get a lot of
[GHOST] Right back at you. Are you sure you're warm
[LUCY] Yeah. Okay, no.
[GHOST] Now?
[LUCY] Yeah, definitely.

---------------------------------------

(Tardis)
[DOCTOR] Yep, low orbit.
[NARDOLE] But you can't get a fix on it?
[DOCTOR] I'm trying. The shielding's too good.
[NARDOLE] But can't
[DOCTOR] Tracking them now. Boom.
[NARDOLE] Ha, ha!

---------------------------------------

(Roof)
[LUCY] So what powers do
[GHOST] Well, basic flying, basic super strength.
[LUCY] Basic X-ray vision?
[GHOST] Yep.
[LUCY] Is that ever tempting?
[GHOST] Adolescence was difficult.
[LUCY] In what sense?
[GHOST] It went on a lot longer.
[LUCY] How much longer?
[GHOST] I'll let you know.

---------------------------------------

(Harmony Shoal)
[BROCK] We're moving into position. It won't be long now.
[SIM] The Ghost is located.
[BROCK] Action the surgeons.

---------------------------------------

(Earth orbit)
[DOCTOR] That's what Harmony Shoal is signalling to. Shall we pop over and have a look? Pretty sure no-one's on
[NARDOLE] How do you know? Did you scan for lifeforms?
[DOCTOR] No. All the lights
[NARDOLE] Mmm.

---------------------------------------

(Roof)
[LUCY] Do you have a girlfriend? Boyfriend? Well, there has been
[GHOST] Are we very slightly stereotyping here?
[LUCY] I get it. There's
[GHOST] Was it the mask that tipped you
[LUCY] How do you cope with your double life?
[GHOST] I'm nothing
[LUCY] Come on. You spend half your time as a
[GHOST] I spend all my time that way.
[LUCY] And the other half
[GHOST] How do you cope with a career and a
[LUCY] How do you know I have a baby?
[GHOST] I did my research.
[LUCY] I have a nanny, that's basically your answer.
[GHOST] Yes, of course.
[LUCY] He's downstairs
[GHOST] I see.
[LUCY] And, yes, I said he.
[GHOST] Yes, you did.
[LUCY] Yes, I did.
[GHOST] Is that a problem?
[LUCY] I'm sorry, it's just that guys like you sometimes find it
[GHOST] With respect, Miss Fletcher, there aren't too many guys like me.
[LUCY] There aren't too many guys like Grant either!
[GHOST] You okay?
[LUCY] Excuse me a minute.

---------------------------------------

(Spaceship)
[DOCTOR] Bridge is this way.

---------------------------------------

(Harmony Shoal)
[SIM] Move.

---------------------------------------

(Roof)
[GHOST] I didn't mean to imply there's something
[LUCY] Not
[LUCY] What's wrong with me?
[GRANT] There's probably something I
[LUCY] Grant. The perfect name. A man I take for granted.
[GRANT] Er, really, if you could just look up about now
[LUCY] Always there, always
[GHOST] That's very commendable.
[BROCK] Good evening. Please, take no
[LUCY] Mister Brock? What do you
[BROCK] The same thing you do, Miss Fletcher. His body.

---------------------------------------

(Spaceship)
[DOCTOR] Hmm.
[NARDOLE] Bit rubbish, innit?
[DOCTOR] Don't touch anything.
[NARDOLE] No,
[DOCTOR] I said, don't touch.
[NARDOLE] What do you
[DOCTOR] You see? The reactor core. It's cycling at critical. Someone's been
[NARDOLE] Ooo! Just going to move out. (spots movement on a monitor) Doctor!
[DOCTOR] They're
[NARDOLE] So what do they want a bomb for?
[DOCTOR] What does
[NARDOLE] Surely they want to conquer the Earth, not blow
[DOCTOR] Oh, you couldn't blow up the Earth with this. But you could wipe out a city. Good point, well made.
[NARDOLE] What point?
[DOCTOR] New York. It's not a capital
[NARDOLE] Oh. I don't understand.
[DOCTOR] What if you dropped
[NARDOLE] The reactor core would split
[DOCTOR] Not all of it. Not all of it, Nardole.
[SIM [on monitor]] This
[DOCTOR] Oh, this is very good, very meta.
[SIM [on monitor]] Did you understand?
[DOCTOR] You're stage-managing an alien attack when the aliens have already landed.
[DOCTOR] Because of what happens next. When everyone thinks that the Earth is
[NARDOLE] Mass panic.
[NARDOLE] Ooo,
[DOCTOR] Don't worry, it's triple deadlock-sealed. It'll hold
[NARDOLE] Harmony Shoal.
[DOCTOR] New York isn't a capital city. It's a shop window. When the world is in danger, come hide with us. Harmony
[SIM [on monitor]] And they will come running.
[DOCTOR] A few hours later, every politician and
[SIM [on monitor]] The humans have no plan at
[DOCTOR] (laughs) That's where you're wrong. They have the same
[SIM [on monitor]] What plan?
[NARDOLE] Hey, hey!
[DOCTOR] Don't do that.
[NARDOLE] Sorry.

---------------------------------------

(Roof)
[BROCK] The
[GHOST] You'll find me a lot harder to cut open than your
[BROCK] Harmony Shoal have been conquering your world for five
[LUCY] Ghost, don't
[BROCK] Do anything at all and
[LUCY] Don't listen to him!
[BROCK] Remove the mask.I like to see their
[GHOST] I'm truly sorry.
[BROCK] On the bright side, at least I get to kill you.
[LUCY] No, you can't. That's the trouble with one
[BROCK] One hostage? (closes his head) Isn't there a child
[GRANT] Nobody touches that child.
[BROCK] And who are you?
[GRANT] I'm the nanny.

---------------------------------------

(Spaceship)
[SIM [on monitor]] Stand away from the controls, Doctor. Any attempt to interfere
[DOCTOR] Yes, I see that. Very
[SIM [on monitor]] When the time is right, there will be no delay.
[DOCTOR] Oh, you told me
[SIM [on monitor]] What did I tell you?
[DOCTOR] You told me that the time is currently wrong.
[NARDOLE] Oh, it's the smile. I don't like the smile!
[DOCTOR] The Sword of Damocles hanging over New York. I can't destroy it, I can't remove it, I can't stop it
[NARDOLE] What?
[DOCTOR] The unexpected! The thing about being in a room full of buttons and switches is, I love buttons
[NARDOLE] Oh, don't!
[SIM [on monitor]] What are you doing?
[NARDOLE] No!
[SIM [on monitor]] What are you doing?
[COMPUTER] Thrusters engaged.
[DOCTOR] Next stop New York. Say wheeee!
[NARDOLE] Oh!

---------------------------------------

(Harmony Shoal)
[SIM] Lower shields! Brace for impact! New York is under

---------------------------------------

(Roof)
[BROCK] It occurs to me, Miss Fletcher, I now have three hostages.
[GRANT] Why
[BROCK] What difference would it make? Besides,

---------------------------------------

(Spaceship)
[NARDOLE] Stop! You're going to destroy New York!
[DOCTOR] Of
[NARDOLE] Help!
[DOCTOR] We
[NARDOLE] No, wait! Those things are out there.
[DOCTOR] The ship is crashing! They're not going to be worrying about us!
[NARDOLE] Ooo! Oh!
[DOCTOR] Okay, plan B.
[NARDOLE] Doctor! Help me!
[DOCTOR] Oh, you'll be
[NARDOLE] What's plan B?
[DOCTOR] I have no idea, but it's going to be a very
[DOCTOR] How
[NARDOLE] I know you miss her, but couldn't you just write a poem?
[DOCTOR] Excellent! The controls are locked, but they've still got a little bit of give. It means I can take aim.
[NARDOLE] At what?!
[DOCTOR] New York. There's
[NARDOLE] No! Nooo.

---------------------------------------

(Roof)
[BROCK] No.
[DOCTOR [OC]] Grant! Grant! This is the Doctor! You are
[GRANT] Mrs Lombard, please, get down.

---------------------------------------

(Spaceship)
[DOCTOR] Nardole!
[NARDOLE] Yeah?
[DOCTOR] Brace for impact!

---------------------------------------

(Street)
[MAN] What is that?
[WOMAN] Up there!

---------------------------------------

(Spaceship)
[DOCTOR] Nardole? Nardole!
[NARDOLE] Okay, one
[DOCTOR] Nardole, it worked. The reactor core
[NARDOLE] Why not?
[DOCTOR] Shock absorber.

---------------------------------------

(Roof)
[GRANT] Mrs Lombard, I realise in many
[DOCTOR] There, on you go, take a look at him.
[GRANT] Sorry, instinct. I couldn't let go of this.
[DOCTOR] Oh, oh, ho! Ho!
[LUCY] You know what? I think I prefer you in your superhero
[GRANT] It's a bit difficult for me to change right now.
[LUCY] I'll do it for
[DOCTOR] Grant! Grant! Remember, when you're finished, throw that thing
[BROCK] So, Doctor, you think this is over?
[DOCTOR] Yeah.
[DOCTOR] Your bomb's
[BROCK] The vengeance of Harmony Shoal is known and feared throughout the five star
[DOCTOR] Ooo, is it. Is it really. Well, I'd like to stick around and

---------------------------------------

(Harmony Shoal)
[SOLDIERS] Let's go, let's go, let's go! Get down! Down here now!
[WOMAN] Get off of me!
[OFFICER] And he
[SOLDIER] Yes, sir.
[OFFICER] Wait here. I'm putting a call into Osgood.

---------------------------------------

(Apartment)
[DOCTOR] So, no more Ghost, then?
[GRANT] Nah, laid to rest.
[LUCY] Are you
[GRANT] Yeah, of course I'm sure. I mean, life's not a comic book, right,
[DOCTOR] Possibly I'm not the right person to ask.
[LUCY] What if something
[GRANT] Well, you know, maybe I'll
[LUCY] Hmm.
[DOCTOR] The world will be
[GRANT] You were away?
[NARDOLE] Huh. Twenty four years. What a night.
[GRANT] Where'd you go?
[LUCY] Wrong question. (puts Mister Huffle on the table) What was her name?
[DOCTOR] I'm sure that I must be
[GRANT] You okay?
[DOCTOR] Yes, yes, yes, I'm okay.
[DOCTOR] Things
[LUCY] Hey, Doctor? (throws Mister Huffle to him) Keep it real.
[NARDOLE] Her name was River Song. They were together for a while and they were very happy. And then she died, a long time ago, in a library.
[GRANT] Are you sure he's going to be all right?
[NARDOLE] Hmm. He's the Doctor. He's very brave and he's very silly
[LUCY] You never
[GRANT] Doctor Mysterio.
",2016-12-25,"Doctor Who - The Return of Doctor Mysterio, by Stephen Moffat"
"Doctor Who (17 Jun 2017    ; Twelfth Doctor) - The Eaters of Light

[BROTHER] Judy! Judy what are you doing? Come on!
[JUDY] I want to hear the music.
[BROTHER] You're going to get me in trouble. Everyone knows there are ghosts in the hill.
[JUDY] Wait! You'll hear it in a minute.
[BROTHER] That's ghosts. If you stay out here listening to ghosts, they will come out of the hill and eat you.
[JUDY] They won't.
[BROTHER] They will. And I'll get the blame. Now, come on.
[JUDY] I can hear it.
[BROTHER] Judy, no!
[BAN [OC]] I'll put the story in the stone.
[BROTHER] Judy!
[BAN [OC]] Put your name there.
[CROW] Doc-tor! Doc-tor! Doc-tor! Doc-tor!

---------------------------------------

(Moorland)
[NARDOLE] Oh, where are we now?
[BILL] Aberdeen, Scotland. 2nd century AD.
[DOCTOR] You weren't complaining when it was Mars, were you?
[NARDOLE] So why is Scotland suddenly more important than guarding the Vault and keeping your sacred oath?
[DOCTOR] She thinks she knows more about Romans than me.
[NARDOLE] Oh, well that's explained everything, thank you.
[BILL] You don't know more about the Ninth Legion than me. You don't. I read the book. I loved the book. I read everything.
[DOCTOR] They disappeared.
[BILL] Except they didn't.
[DOCTOR] They were annihilated in battle.
[BILL] Then where's the big pile of bodies? Oh, I don't know.
[DOCTOR] So where's the Ninth Legion? If they'd left, they should still be leaving. Can you see five thousand Roman soldiers marching south?
[BILL] Down there, by the river. They'd have followed the river. That's what they did.
[DOCTOR] There's so much that you don't understand about Roman Britain.
[BILL] I got an A star.
[NARDOLE] (sotto) Ooo, got an A star.
[DOCTOR] I've lived in Roman Britain. Governed, farmed, juggled. And speaking as a former Vestal virgin, second class, I can assure you
[BILL] I bet you there is a Roman legion down there.
[NARDOLE] Hang on. What, second class?
[DOCTOR] Fine. You go and check the river. I'll go and find their last battlefield.
[BILL] Fine. I'll meet you back here with a Roman soldier.
[NARDOLE] Yeah, but seriously. Second class?
[DOCTOR] Yeah, it's a long story. Come on.

---------------------------------------

(Woods)
[KAR] (sobbing) I honour you, Mother. I honour you. I honour all our dead.
[KAR] I honour you, Father. I honour all our dead. I honour you, Mother. I honour you, Father. I honour all our dead.

---------------------------------------

(Moorland)
[DOCTOR] Five thousand Roman soldiers. Eyes peeled. They must have left some kind of mark on the landscape. Burning huts, slaughtered locals, sweetie wrappers.
[CROW] Dark! Dark! Dark!
[NARDOLE] Doctor.
[CROW] Dark! Doctor!
[DOCTOR] Look, a stone cairn. Pictish civilisation.
[NARDOLE] The bird!
[DOCTOR] What about it?
[NARDOLE] It said dark.
[DOCTOR] Yes, well, that's why we're hurrying, because there's not much light at this time of day.
[NARDOLE] But it talked.
[DOCTOR] Well, of course it did. It's a crow. All crows talk.
[NARDOLE] They don't talk in the future.
[DOCTOR] Course they do. Human beings just stopped having intelligent conversations with them. They all took a bit of a huff.
[NARDOLE] Crows in the future are all in a huff?
[DOCTOR] Course they are. Haven't you noticed that noise they make? It's like a mass sulk. Come on. The sooner we get there, the sooner we'll know the answer.
[NARDOLE] Yeah, I know, but
[DOCTOR] Picts, early Celts, loved stone cairns. They built them under the ground but close to the sky. They think they're doors between worlds. Iron age churches. What do you always find near churches?
[NARDOLE] Women in hats.
[DOCTOR] Exactly. Human settlement.
[NARDOLE] It's all a bit damp, though, isn't it?
[DOCTOR] It's Scotland. It's supposed to be damp.

---------------------------------------

(Pit)
[BILL] Oh, a Roman soldier. Oh, I wish I'd studied Latin so you could understand me.
[SIMON] I understand you.
[BILL] Sorry, what?
[SIMON] I understand you.
[BILL] But you're, you're speaking English.
[SIMON] What's English?
[BILL] Er, what you're speaking in.
[SIMON] You're speaking Latin.
[BILL] I'm not.
[SIMON] That's Latin. You just said that in Latin.
[BILL] Ah! It's the Doctor. Or the Tardis. Or both. Something, telepathic, link. Auto-translate. That's why everyone in space speaks English.
[SIMON] What on Earth are you talking about?
[BILL] Oh my God, it even does lip-sync.
[SIMON] Who are you?
[BILL] I'm Bill.
[BILL] Are you from the Ninth Legion?
[SIMON] Yes.
[BILL] Yes! Where have you been?
[SIMON] Don't you know?
[BILL] Know what?
[SIMON] Did you see what happened to us?

---------------------------------------

(Moorland)
[DOCTOR] It's as if his bones have disintegrated.
[NARDOLE] Ooo. What could do that?
[DOCTOR] A complete and total absence of any kind of sunlight.
[NARDOLE] Death by Scotland.
[DOCTOR] No.
[NARDOLE] No.
[DOCTOR] It should take decades. This happened a short while ago. This is alien.
[NARDOLE] Right. Good-o.
[DOCTOR] Question is, where are the rest of them?
[NARDOLE] (groans) I just want to go back to bed.

---------------------------------------

(Battlefield)
[DOCTOR] Well, there they are. The Ninth Legion. Great big pile of bodies. It's not always fun to be right. This wasn't long ago. Whatever did it is close by. We need to find Bill.
[BAN] Don't move! Stay where you are!

---------------------------------------

(Woods)
[SIMON] The Barbarians dug these traps everywhere.
[BILL] What was that?
[SIMON] It's what slaughtered the Ninth. Can you see it? They attacked us with a, a thing. A monster.
[BILL] There's nothing here.
[SIMON] I've got to get back to the others.
[BILL] You said they were wiped out.
[SIMON] There are survivors. A handful. I can't leave them.
[BILL] Course not.
[SIMON] We found a hiding place. We might still be safe there.
[BILL] So what was it like, this monster?
[SIMON] I don't know. We deserted. We were the ones who couldn't face it. Roman soldiers don't run, and we did.
[BILL] What?
[SIMON] They're underground, by the river. There's a carving of a fish.
[BILL] Is that it? The monster?
[BILL] No!

---------------------------------------

(Cavern)
[LUCIUS] Block the entrance! Quickly, hurry up!
[THRACIUS] How long will that hold?
[LUCIUS] Not for long. Now bring her through, where we can have a better look at her.
[THRACIUS] You do realise the beast now knows where we are?
[LUCIUS] You're not one of the barbarians.
[BILL] No. So, you're the Ninth Legion?
[LUCIUS] We are what's left.
[VITUS] (another African) Simon should be back.
[THRACIUS] He was looking for the road. Our route south. Did you see him?
[BILL] Yeah.
[THRACIUS] Well, where is he?
[BILL] I'm sorry. That creature killed him. What is it, that thing? Where did it come from?
[VITUS] It killed him?
[BILL] Yeah. He was covered in this, this like, black slime.
[MARCUS] It knows where we are. We'll all die here in the dark.
[LUCIUS] No one is going to die.

---------------------------------------

(Round house)
[DOCTOR] Oh, for heaven's sake. How long are you going to keep us here? Couldn't we have seats? What about the Wi-Fi code, how about that?
[BAN] Don't move. Don't speak. Kar will be here soon.
[DOCTOR] Who's Kar?
[BAN] The Keeper of the Gate. My sister.
[DOCTOR] Well, let's hope she's the brains of the family, because there's a big bad wolf of a monster out there and you live in a house of sticks.
[NARDOLE] Nice here, isn't it? Yeah, yeah, I like what you've done with the place. Yeah. Yeah, would you er, would you like some popcorn?
[NARDOLE] Er, won't take me a jiffy to make.
[DOCTOR] What are you doing?
[NARDOLE] I'm ingratiating myself.
[DOCTOR] Stop it. It's nauseating.
[NARDOLE] It's called charm.
[DOCTOR] (taking the popcorn bag) I'm against it. I'm against charm.
[NARDOLE] Yeah, we all know that.
[BAN] I said, don't move!
[NARDOLE] I'm rooted.
[DOCTOR] Shh! Did anybody hear that? Do you know what that sound was?
[BAN] What?
[DOCTOR] That was the sound of my patience shattering into a billion little pieces.
[DOCTOR] Now, there are only two things that I need to know. Where is my friend, and what destroyed the Roman army?
[KAR] I destroyed the Roman army.
[DOCTOR] Really? What, you, just on your own? That's quite a trick.
[KAR] I'm the Gatekeeper.
[DOCTOR] Gatekeeper. What gate?
[BAN] Didn't you hear the call? Where were you?
[KAR] I had to find the Gatekeeper's things.
[DOCTOR] Sorry, wait a minute. Are you the mighty warrior that we've all been waiting for? Where are all the grown-ups?
[KAR] There was a great battle. A great battle, and we beat the Romans.
[BAN] Kar beat them. That's all that matters.
[DOCTOR] Yes, but she's not a warrior. She's an embryo. What did you do, throw your action figures at them?
[KAR] Listen, Roman.
[DOCTOR] We're not Roman. We're not part of the Roman army.
[NARDOLE] No, we're not even slightly Italian. I mean, I do a mean spag bol.
[KAR] Let me tell you about the Romans. They are the robbers of this world. When they've thieved everything on land, they'll rob the sea. If their enemies are rich, they'll take all they have. If their enemies are poor, they'll make slaves of them. Their work is robbery, slaughter, plunder. They do this work and they call it empire. They make deserts and they call it peace.
[DOCTOR] Yeah, but you've got to love the indoor toilets, yeah?
[KAR] They're not conquerors, they're cowards.
[DOCTOR] They're also all dead. There's an awful lot of dead cowards out there, and I don't believe that you killed them. Because the thing is, you said gate, you called yourself Gatekeeper, and you mentioned gate weapons. So I've got to wonder, what kind of a gate is that, and what's on the other side? And yes, you're absolutely right.
[KAR] Right?
[DOCTOR] I am extremely quick.
[DOCTOR] Listen, you are all very, very angry, but really you're just very scared. For now, would you mind awfully all just jumping out of your skins and allowing Nardole and I to escape in the confusion?
[KAR] Who are you?
[DOCTOR] Let me explain.

---------------------------------------

(Outside the Cairn)
[CROW] Monster!
[NARDOLE] We're looking for Bill, right?
[DOCTOR] No, we're looking for the maximum danger in the immediate area and walking right into it.
[NARDOLE] Yeah, but what about Bill?
[DOCTOR] Well, if she's there, we're saving her. If she's not, she's safe already. Trust me, this is not my first rodeo.
[DOCTOR] Now, they think these Cairns are gateways between worlds. And given that they keep going on about gates, possibly they're right.
[NARDOLE] Ooo! Ooo! No, but
[KAR] The Gate's opening. Your friend won't be coming back.
[NARDOLE] The way I heard it, the human ship was called the Mary Celeste. Something like that. Anyway, the Enzomodons assumed that any species they encountered would communicate as they did, by digesting each other. The Enzomodan ambassador got through the whole crew and then very sadly choked on a lifeboat, so
[NARDOLE] You're back! They said you would probably never come back.
[DOCTOR] I was in there for seconds.
[NARDOLE] Two days.
[DOCTOR] It's an inter-dimensional temporal rift. A second in there equates to days of time on this side. I was in there for two days?
[NARDOLE] And eight hours, five minutes, and
[DOCTOR] Well, that's good, then, isn't it?
[NARDOLE] Good?
[DOCTOR] Plenty of time for you to find Bill.
[NARDOLE] Oh. I looked. They helped me look.
[DOCTOR] How hard did you look?
[NARDOLE] I think we've lost her, Doctor.
[DOCTOR] No. No, no, no. We just don't know where she is. Not the same thing at all. Come on.
[NARDOLE] I'll tell you about the Lusitania later. Oh, keep an eye out for Bill.

---------------------------------------

(Cavern)
[LUCIUS] You have to move again. Stay in the sunlight. It burns off the slime. Here.
[BILL] Thanks.
[LUCIUS] No problem. Are you hungry? Come on. You have to eat.
[CORNELIUS] How much food have we got left?
[LUCIUS] Enough.
[CORNELIUS] Really?
[LUCIUS] Shut up, Cornelius. Go on, eat it. It's two days, you haven't had anything.
[BILL] I've never been lost this long. I need to find him.
[LUCIUS] Who?
[BILL] The Doctor, my friend. I don't know what I'm going to do if I can't find him.
[LUCIUS] Well, we'll look after you.
[BILL] I'll have to find my way home somehow.
[LUCIUS] This is the safest place to be. The beast is still out there.

---------------------------------------

(Woods)
[KAR] You came back.
[DOCTOR] Did you know what was in there?
[KAR] The gate.
[DOCTOR] A portal between dimensions. Do you know what's on the other side? You don't know anything, do you. You just stand around making speeches and waving a TV aerial about.
[DOCTOR] Shall I tell you what's in there?
[KAR] No. It's called the Eater Of Light, and we held it back. Every generation, a new warrior went into the gate and fought the Eater Of Light so it couldn't break through.
[DOCTOR] But the creature did break through. (Kar nods) It broke through and it destroyed the whole Ninth Legion.
[KAR] It's weak, it's nearly dead. It will die soon.
[DOCTOR] Well, let's hope so, because there are millions more just like it on the other side, and very soon all of them will find their way through to this dimension.
[KAR] Then I'll hold them back.
[DOCTOR] You'll hold them back? What, with your lollipop and your kiddy face paint and your crazy novelty monster killing tool? Are you holding that thing the right way up, by the way?
[KAR] I don't want your help!
[DOCTOR] But I'm all you've got. Believe me, I'm on your side.
[KAR] Come on, let's go!

---------------------------------------

(Cavern)
[LUCIUS] We're all in this together. You're going to be fine. Marcus was hurt like you, and the sunlight healed him in the end.
[BILL] I am feeling better.
[LUCIUS] Good.
[CORNELIUS] Yeah, don't worry, Bill. Lucius will look after you.
[LUCIUS] Shut up, Cornelius!
[BILL] Ah. Lucius, er. Right, listen. There's er something I should explain.
[LUCIUS] What?
[BILL] This is probably just a really difficult idea. I don't like men, that way.
[LUCIUS] What, not ever?
[BILL] Nah. Not ever. Only women.
[LUCIUS] Oh. All right. Yeah, I got it. You're like Vitus, then.
[BILL] What?
[LUCIUS] He only likes men.
[VITUS] Some men. Better looking men than you, Lucius.
[LUCIUS] I don't think it's narrow-minded. I think it's fine. You know what you like.
[BILL] And you like both?
[LUCIUS] I'm just ordinary. You know, I like men and women.
[BILL] Ha! Well, isn't this all very modern.
[LUCIUS] Hey, not everyone has to be modern. I think it's really sweet that you're so restricted.
[BILL] Cheers.
[LUCIUS] We can be friends, though. I did save your life. That means we're friends forever.
[BILL] (laughs) Yeah. I can deal with that.
[MARCUS] Why's it going dark?
[LUCIUS] The sun's setting.
[MARCUS] No, it's the beast. It's circling us. It's looking for a way in.

---------------------------------------

(Woods)
[DOCTOR] It's getting stronger again. It's strong enough to feed. Every hour of sunlight that feeds it makes the world darker, and the beast stronger. We've got very little time.
[KAR] I have to stop it. This is my fault. I'm the Keeper of the Gate. I have to put this right.
[DOCTOR] So, you were supposed to guard the gate while everyone else went off to war. But you had strangers at the door, and a guard dog in the attic, so you let the beast come through.
[KAR] It was the only thing that could defeat them.
[DOCTOR] So you thought the Eater Of Light could destroy a whole Roman army.
[KAR] It did.
[DOCTOR] And a whole Roman army could weaken or kill the beast.
[KAR] Yes.
[DOCTOR] Well, it didn't work. You got a Roman legion slaughtered, and you made the deadliest creature on this planet very, very cross indeed. To protect a muddy little hillside, you doomed your whole world.

---------------------------------------

(Cavern)
[LUCIUS] One man? You think one man can save us all?
[BILL] Come and meet him. He came here to meet you. He's met loads of people like you. The terrified, the desperate. And he always helps. He always makes a difference.
[LUCIUS] There are painted barbarians up there. They outnumber us. There is a beast of darkness that laid waste to an entire legion in less than an hour. No one man can make a difference to that.
[BILL] Maybe that's what you don't learn when you think it takes five thousand highly trained soldiers to slaughter a bunch of Scottish farmers. Yes, one man can. And he's here.
[THRACIUS] If you're calling us cowards, carry on. We already ran away. We know.
[BILL] You're not cowards. You're scared. Scared is fine. Scared is human. But I'll tell you what it isn't. It isn't a plan.
[LUCIUS] She's right.
[THRACIUS] Why are you even listening to her, Grandad?
[LUCIUS] Because no one else is saying anything. We need a plan. A real commander would have a plan.
[BILL] Why did he call you Grandad?
[LUCIUS] They always call me Grandad. I'm in command. I'm the oldest one left.
[BILL] How old are you?
[LUCIUS] Eighteen.
[BILL] Right, listen to me, all of you. I'm going up there to find my friend. If you come with me, I can't promise that you won't all die. But I can promise you this. You won't all die in a hole in the ground.

---------------------------------------

(Round house)
[DOCTOR] We have to drive it back through and close the portal behind it. Now, the gate only opens when the dawn sun hits it. Why is that?
[BAN] Our ancestors couldn't close the gate completely, but they built the cairn to control it.
[NARDOLE] Ah, like venting an oil gush. If they let the portal open a few moments every year, they stop the whole thing ripping apart. It's quite clever, really.
[DOCTOR] Are you sulking?
[KAR] I'm remembering the dead.
[DOCTOR] Oh, right. Well, save that for old age.
[KAR] They're dead because of me.
[DOCTOR] You know, every moment you waste wallowing about in that happy thought means more of the living are going to join them. When you want to win a war, remember this. It's not about you. Believe me, I know. Time to grow up, Kar. Time to fight your fight.
[DOCTOR] How does this work?
[BAN] It poisons the light as the beast eats it.
[DOCTOR] Good. We'll need more of this. It has optical cancellation properties. Now, we have one chance. Right now it's weak, it's injured, it's starving.But when the sun comes up, it will feed and grow strong. We have to lure it back through the portal before that happens, before sunrise. Now, I've got a plan, but I need your help.
[KAR] But I'm afraid.
[DOCTOR] Who isn't? But you've still got to face your beast anyway. Can you do that?
[KAR] Aye.

---------------------------------------

(Tunnel)
[VITUS] Shh!
[LUCIUS] It's nothing. It's the wind in the rocks. Forward, centurion. Keep going. There are lots of entrances the beast could get through. It's a labyrinth.
[LUCIUS] This is where we hear them, the barbarians. Right up there, up above us. Are you sure your friend will be with them?
[BILL] Yeah. Basically, he always ends up being boss of the locals.
[LUCIUS] How?
[BILL] Usually by annoying them.
[CORNELIUS] What was that?
[LUCIUS] All right, centurions, stay sharp.
[CORNELIUS] That's the way out, so let's get out.
[LUCIUS] Easy, Cornelius. Let's make sure we know what we're walking into.
[CORNELIUS] No. Let's go.
[LUCIUS] Stop! Come back. Wait!

---------------------------------------

(Round house)
[DOCTOR] No! Wait! Douse the fire, quickly!
[BILL] Shift your arse, Roman!
[DOCTOR] Close the trap door.
[DOCTOR] Block it off! We have to block it off!
[LUCIUS] Centurions, defence formation.
[DOCTOR] It's fallen back. It's waiting. It's waiting to feed off the sunlight, to grow to its full strength.
[DOCTOR] Hello.
[BILL] Hi. I brought you the Ninth Legion.
[DOCTOR] Whoa, there they are. The lost Legion of the Ninth.
[BILL] Totally found them.
[DOCTOR] Yeah, you totally did.
[BILL] Nardole, what happened to you?
[NARDOLE] Oh, I'm blending in. (Scots) Welcome to our land. Scotch.
[KAR] Drop your weapons.
[DOCTOR] Oh, for goodness' sake! We don't have time for this.
[LUCIUS] Stay back!
[BILL] Lucius, stop it!
[KAR] Are you their champion now?
[BILL] There is no time for fighting!
[DOCTOR] Exactly.
[KAR] We never wanted to fight. We lived in peace, and then you came and laid waste to everything and everyone we loved. All you understand is war.
[BILL] No, he understands. Don't you? Now he's wondering why.
[LUCIUS] You speak Latin?
[KAR] I don't.
[BILL] Neither do I. Not a word. And I don't speak whatever they speak either. It's him. It's you, isn't it?
[DOCTOR] Yes, it's me.
[BILL] Something to do with the Tardis. Maybe, telepathic field? So now that we all understand each other, how do we all sound?
[LUCIUS] You sound like children.
[KAR] You sound like children too.
[DOCTOR] You all do.
[BILL] Is this what happens when you understand what everyone in the universe is saying? Everybody just sounds like children?
[DOCTOR] There are exceptions.
[NARDOLE] Thank you very much.
[DOCTOR] Not you. Okay, kids, pay attention. She slaughtered your legion. You slaughtered everything that she loves. Now, you all have a choice. You can carry on slaughtering each other till no one is left standing, or you grow the hell up! Because there's a new war now. I think these creatures are light-eating locusts, looking for rents and cracks between worlds to let themselves into dimensions of light. Once they break through, they eat. They will eat the sun, and then they will eat the stars. And they will keep eating until there are no stars left. So, whose side are you on now? Because as far as I can see, there's only one side left.
[DOCTOR] If it helps, I do have a plan.

---------------------------------------

(Inside the Cairn)
[DOCTOR] It feeds on light but it homes in on sound.
[BILL] So what's going to happen?
[DOCTOR] It's simple. Bit of noise, lure the beast here, drive it back through the gate.
[BILL] But how do we keep it there? I mean, you said all those things are going to come through, right?
[DOCTOR] They can only come through one at a time.
[BILL] I know.
[DOCTOR] That's why guarding the gate worked. One Pict in there, fighting it off for a few minutes, that adds up to sixty or seventy years out here.
[BILL] I get it, yeah, and then the next one goes in. But what do we going to do this time? Or are you going line up Picts sacrificing themselves untilthe end of the world?
[DOCTOR] I've got a better idea this time.
[BILL] Which is the part you never tell me.
[DOCTOR] Don't I?
[BILL] No.
[DOCTOR] I probably just get interrupted.
[NARDOLE] This is worse than jazz.

---------------------------------------

(Outside the Cairn)
[BAN] Nothing. There's nothing.
[NARDOLE] Maybe it won't come.
[NARDOLE] Hello.
[CROW] Hello.
[NARDOLE] Hello.
[CROW] Doc-tor!
[NARDOLE] No, no. Nardole. It's probably a bit tricky for you, that, innit?
[CROW] Nar.
[NARDOLE] Lovely. Hello!
[CROW] Monster!
[NARDOLE] Sorry?
[CROW] Monster!
[BAN] There!
[NARDOLE] Oh!

---------------------------------------

(Inside the Cairn)
[NARDOLE] It's coming!
[BAN] It's here!
[DOCTOR] Get ready!
[DOCTOR] Channel the light!
[DOCTOR] Keep it here! We've got to hold it here till sunrise.
[DOCTOR] Keep it there! Keep it there!
[DOCTOR] Turn it, the sun is rising!
[DOCTOR] Back! Back to the void!
[DOCTOR] It'll only stay open as long as the sunlight's on it. Give me your weapon.
[BILL] What are you doing?
[DOCTOR] This is the clever bit.
[BILL] Well, tell me.
[DOCTOR] The gate has to be guarded. There's no other way. The trouble is, human life spans, they're tiny. They're hilarious. You get used up too quickly. So what's the answer? Go on, figure it out. The answer's me. I go on for ages. I don't even really die, I regenerate. I can hold that gate till the sun goes out.
[BILL] No, you can't.
[DOCTOR] Course I can. I'm going to.
[BILL] This isn't your job.
[DOCTOR] No, it isn't, Bill. It's who I am.
[DOCTOR] I've been standing by the gates of your world, keeping you all safe, since you crawled out of the slime. I'm not stopping now.
[BILL] Doctor, please.
[DOCTOR] Listen. The Tardis will take you home. Return journeys are easy.
[BILL] Listen to me.
[DOCTOR] Leave the instruments on the current setting. Just hit them with a spanner. (to Kar) The weapon. Now.
[KAR] No.
[DOCTOR] Give it to me. Come on. You'll be safe. Tomorrow you'll be farming. You can name a cow after me.
[BILL] What about the other gates that you have to guard? What about the Vault?
[DOCTOR] The Vault will never exist if I let those things come through.
[BILL] Well, then someone else better stop them.
[DOCTOR] Nobody else can.
[KAR] I can.
[DOCTOR] What are you saying?
[KAR] Time to grow up, Doctor. Time to fight my fight.
[DOCTOR] I'm sorry, no. No one else can do this, not like I can.
[LUCIUS] We can. I'm ready. I'll guard the gate with you. I'll fight by your side.
[DOCTOR] Awesome. Brilliant. You'll be a hero for two seconds, then the whole solar system will be devoured.
[KAR] Stop him.
[(Spears point at the Doctor's throat.)KAR] This is my destiny, my fight.
[DOCTOR] Out of my way. Now!
[LUCIUS] We'll take it in turns.
[DOCTOR] Two of you can't hold the gate.
[THRACIUS] Two of them? I'm counting more than two. The Legion of the Ninth stands ready to serve.
[DOCTOR] Oh, stop being brave. I can't bear brave people.
[BAN] I'll put the story in the stone. I'll put your name in the air. They'll see it for hundreds of years, and they'll know your name forever.
[KAR] Good. (they hug) Ready?
[DOCTOR] No. Listen to me! No, listen
[BILL] You're wrong, Doctor. It's their destiny, not yours.
[NARDOLE] Sorry. You're going nowhere.
[DOCTOR] Bill! Bill, stop it!
[BILL] Quickly! Quickly!
[LUCIUS] Soldiers of the Ninth, advance!
[KAR] Come on!
[BILL] What's that? What's happening?
[NARDOLE] Too many of them going through at once. This place is unstable.
[BILL] We need to get out of here. Now!

---------------------------------------

(Outside the Cairn)
[NARDOLE] (untying the Doctor) I know you're inclined to bear a grudge, so just remember I know about ten percent of your secrets. The dark secrets. And I'm the only one in the Tardis who knows where the tea cakes are.
[BAN] Kar. She's holding the gate. Remember, her name is Kar.
[CROW] Kar!
[BAN] Kar.
[CROW] Kar! Kar! (flies off)
[NARDOLE] There, you were wrong. The crows aren't sulking. The crows are remembering.
[CROW] Kar! Kar! Kar!

---------------------------------------

(Outside the Tardis)
[BILL] I'm sorry, Doctor, but you have a Vault to guard. You can't take on every fight.
[DOCTOR] All right, I was wrong. I didn't know what really happened to the Ninth Legion.
[BILL] No, we were both wrong about that.
[DOCTOR] They were never really missing. They've always been here. The Ninth Legion and the Keeper of the Gate, seizing the day till the sun goes out. Holding back the dark.
[DOCTOR] What?
[BILL] I thought. Do you hear that? I thought I could hear the music, but I can't, can I. They're in another time.
[DOCTOR] Music's funny like that.

---------------------------------------

(Tardis)
[NARDOLE] Right, shall we go back home? Time you were guarding that Vault. We don't want Missy getting any ideas.
[MISSY] Oh, one should always try to avoid those. Hello! You lot were ages. I was getting ever so worried.
[NARDOLE] How did you get out of the Vault? Sir, what do we do? How could this happen?
[DOCTOR] It's all right, Nardole. She's been doing some work for me.
[MISSY] Sorry. I'm sorry, I'm sorry, I'm sorry. I assumed they knew. Should I have stayed below decks?
[DOCTOR] No, no, no, no. It's fine.
[NARDOLE] She's supposed to be in the Vault!
[DOCTOR] How were the engines?
[MISSY] (walking down the steps) Better than you deserve. You are naughty. Do you ever do basic maintenance?
[DOCTOR] No, but I've got a plan for that.
[MISSY] What?
[DOCTOR] You.
[BILL] Seriously? What, she's doing chores for you now?
[NARDOLE] Sir, I must to protest in the strongest, most upset terms possible. Don't make me go squeaky voiced!
[MISSY] Do relax, you two. I'm bio-locked out of the controls. I can't even get through those doors. I'm as much a prisoner here as I am in the Vault.
[NARDOLE] No, you most certainly are not.
[BILL] Doctor. Seriously. Why did you let her out?
[DOCTOR] I think you may be forgetting how we got home from Mars.
[BILL] What, so now you trust her?
[MISSY] No, so now he's getting Tardis maintenance for free. Let's not get carried away.
[DOCTOR] So what have you been up to? Did you watch us?
[MISSY] Some of it. A little bit.
[DOCTOR] What did you think?
[NARDOLE] Oh, is she reviewing us now?
[MISSY] All those little people, trapped in a hill, fighting forever. Is that really up to your bleeding heart standards?
[DOCTOR] Well, they're not trapped and they're more than just fighting. And there's music. Always music.
[MISSY] Well, team, who's going to help me hide his gee-tar?
[DOCTOR] See, that's what I'm trying to teach you, Missy. You understand the universe, you see it and you grasp it, but you've never learned to hear the music.
[MISSY] I don't even know why I'm crying. Why? Why do I keep doing that now?
[DOCTOR] I don't know. Maybe you're trying to impress me.
[MISSY] Yes. Probably some devious plan. That sounds about right.
[DOCTOR] The alternative would be much worse.
[MISSY] Really?
[DOCTOR] The alternative is that this is for real, and it's time for us to become friends again.
[MISSY] Do you think so?
[DOCTOR] I don't know. That's the trouble with hope. It's hard to resist.
",2017-06-17,Doctor Who - The Eaters of Light
"Doctor Who (24 Jun 2017    ; Twelfth Doctor) - World Enough and Time

[DOCTOR] No. No. Nooooo!

---------------------------------------

(Bridge)
[MISSY] Hello. I'm Doctor Who. And these are my plucky assistants, Thing One and the Other One.
[NARDOLE] Bill. Nardole.
[MISSY] We picked up your distress call, (big wink) and here we are to help, like awesome heroes.
[BILL] Yeah, we're not, we're not assistants.
[MISSY] Okay, right, so, so what does he call you? Companions? Pets? Snacks?
[MISSY] Oh, someone's watching. (dances) Well, that's quite a good beat, really, isn't it?
[NARDOLE] Yeah. Maybe we should be moving on?
[BILL] Yeah, and he calls us friends.
[MISSY] Ew, Doctor. But think of the age gap.
[DOCTOR [OC]] Stop mucking about and concentrate.

---------------------------------------

(Tardis)
[DOCTOR] Nardole, do something non-irritating.
[NARDOLE [OC]] On it, sir!
[MISSY [OC]] Time Lords are friends with each other, dear.

---------------------------------------

(Bridge)
[MISSY] Everything else is cradle-snatching.
[NARDOLE] Oh, it's a big one. Ship reads as four hundred miles long

---------------------------------------

(Tardis)
[NARDOLE [OC]] And a hundred miles wide.
[DOCTOR] It's big, even for a colony ship.

---------------------------------------

(Bridge)
[DOCTOR [OC]] Anything else?
[NARDOLE] Er. (looks up through the observation dome at the black hole) Oh, look at that.
[DOCTOR [OC]] Finally!

---------------------------------------

(Tardis)
[DOCTOR] It's like watching plants grow.

---------------------------------------

(Bridge)
[NARDOLE] It's heading towards a black hole.
[MISSY] No.

---------------------------------------

(Tardis)
[DOCTOR] No, it isn't.
[MISSY [OC]] It was

---------------------------------------

(Bridge)
[MISSY] Heading towards a black hole, until somebody noticed. Now they're trying to reverse away from it.Engines are on reverse thrust, see?
[NARDOLE] Oh. Well, it's succeeding.
[MISSY] Very, very slowly.
[BILL] Explains the distress call, I guess.

---------------------------------------

(Tardis)
[DOCTOR] So, a four hundred mile ship, reversing away from the gravitational pull of a black hole. Are we having fun yet?

---------------------------------------

(Bridge)
[MISSY] Mmm.
[JORJ [on screen]] Hello? Who's there? Hello? Please report status.
[MISSY] Oh, hello.

---------------------------------------

(Tardis)
[MISSY [OC]] What have we got here?

---------------------------------------

(Bridge)
[MISSY] You're probably handsome, aren't you? Well, congratulations on your relative symmetry.
[JORJ [on screen]] Who are you?
[MISSY] Well, I am that mysterious adventurer in all of time and space, known only as Doctor Who. And these are my disposables, Exposition and Comic Relief.
[NARDOLE] We're not functions.
[MISSY] Darling, those were genders.
[JORJ [on screen]] Please, stay exactly where you are for your own safety.
[MISSY] He likes me. So exciting.
[JORJ [on screen]] I'm coming through.
[MISSY] Hurry, my stallion. And if I'm in the shower, just bring me some beans on toast. That's
[NARDOLE] Urgh.
[MISSY] That's roughly human flirting, isn't it?
[BILL] So, why do you keep calling yourself Doctor Who?
[MISSY] Because I'm pretending to be him. Because that's the whole point of this ridiculous exercise.

---------------------------------------

(Tardis)
[DOCTOR] It's not an exercise, it's a test. (crunch)

---------------------------------------

(Bridge)
[MISSY] Are you eating?

---------------------------------------

(Tardis)
[DOCTOR] No.
[MISSY [OC]] Yeah, well, don't test me

---------------------------------------

(Bridge)
[MISSY] Eating crisps!
[BILL] Yeah, but he's called the Doctor, so
[MISSY] He says, I'm the Doctor, and they say, Doctor who? See, I'm cutting to the chase, baby. I'm streamlining. I'm saving us actual minutes.
[BILL] Yeah, okay, whatever.
[MISSY] Also it's his real name.
[BILL] It's what?
[MISSY] Look at the screens.

---------------------------------------

(Tardis)
[DOCTOR] Slow today, Missy.

---------------------------------------

(Bridge)
[MISSY] All those screens have been angled to a single viewpoint.

---------------------------------------

(Tardis)
[MISSY [OC]] But not originally, they've all been moved.
[DOCTOR] Which means?
[MISSY [OC]] Giant ship

---------------------------------------

(Bridge)
[MISSY] Single pilot, but not designed that way. Something's happened to the others.

---------------------------------------

(Tardis)
[DOCTOR] Yes. And now

---------------------------------------

(Bridge)
[DOCTOR [OC]] It's time for you to figure out what.
[NARDOLE] Uh oh. Someone else has noticed us.
[BILL] Sorry, what do you mean, it's his real name? Nobody knows the Doctor's real name.
[MISSY] I do, because I grew up with him, and his real name is Doctor Who.

---------------------------------------

(Tardis)
[DOCTOR] Bill, she's just trying to wind you up.

---------------------------------------

(Bridge)
[MISSY] Chose it himself, you know, trying to sound mysterious.

---------------------------------------

(Tardis)
[MISSY [OC]] And then he dropped the Who when he

---------------------------------------

(Bridge)
[MISSY] Realised it was a tiny bit on the nose.

---------------------------------------

(Tardis)
[DOCTOR] Stop teasing her and focus.BILL [OC]

---------------------------------------

(Bridge)
[BILL] Is your real name Doctor Who?
[NARDOLE] Oh, you're blue. Nice. I should go back to blue.

---------------------------------------

(Tardis)
[JORJ [on scanner]] Stay where you are.

---------------------------------------

(Bridge)
[DOCTOR [OC]] Stay calm. He's very frightened.
[MISSY] Deary me, I thought you were handsome, and now you've gone all cross and you're pointing a gun at me. Is this the emotion you humans call spanking?
[JORJ] Are there only three of you? Are any of you human?
[MISSY] What has happened to this ship and how long have you been here alone? You're looking very sickly.
[JORJ] Two days. (to Missy) Are you human?
[MISSY] Oh, don't be a bitch.
[JORJ] How did you get on board? Is that your capsule?
[MISSY] Yep.

---------------------------------------

(Tardis)
[DOCTOR] No.

---------------------------------------

(Bridge)
[JORJ] There, look! Three lifts. They're coming.
[NARDOLE] What's in this ship?
[MISSY] Super-fast inertia lifts.
[NARDOLE] Well, what's inside? What's coming up here?
[JORJ] Things. I don't even know where they came from. One of you must be human. They only come up if they detect human life signs.
[BILL] What for?

---------------------------------------

(Tardis)
[JORJ [OC]] They take them away.

---------------------------------------

(Bridge)
[NARDOLE] So those are the lift doors, yeah? That's where they come out?

---------------------------------------

(Tardis)
[DOCTOR] I'll be right with you.

---------------------------------------

(Bridge)
[JORJ] Which of you is human?
[BILL] Me. Me, me. I'm human. I'm the only one. Just, just me.
[DOCTOR] Please stop this. Stop right there, now.
[JORJ] I'm sorry. I'm so sorry, but you're the reason that they're coming.
[DOCTOR] Put it down. Put that down now.
[JORJ] They won't come if she's dead.
[DOCTOR] You don't need to do this. I can get her off this ship. I can shield her life signs.
[BILL] You know what, Doctor? I said this was a bad idea.
[DOCTOR] Please, listen to me. Look at me. Go on, look at me. That's good. That's very, very good. Now, do you see this mad womansitting in this chair? Her name isn't Doctor Who. My name is Doctor Who.
[NARDOLE] It's not, is it?
[DOCTOR] I like it. You don't know it yet, but in a short time, you will trust me with your life. And when I save you and everyone on your ship,one day you will look back, and wonder who I was and why I did.

---------------------------------------

(University grounds)
[BILL] Doctor, this is a bad idea.
[DOCTOR] No, it's a good idea. A test run. She thinks she can be me. Let's try her out.
[BILL] Why?

---------------------------------------

(University)
[DOCTOR] She got us home from Mars.
[BILL] She's a murderer.
[DOCTOR] Enjoying your bacon sandwich?
[BILL] Why?
[DOCTOR] Because it had a mummy and a daddy. Go tell a pig about your moral high ground.

---------------------------------------

(Kitchen)
[DOCTOR] I pick a scenario, we drop her down into it, and we see how she does.
[BILL] How does that work?
[DOCTOR] Ah. We just take the Tardis for a spin and we graze for distress calls. We pick a good one. Our usual Saturday.
[BILL] And what if she just walks out and slaughters everyone just for a laugh?
[DOCTOR] Well, I will be monitoring you the whole time.
[BILL] Me?
[DOCTOR] Yes. You and Nardole. You can be her companions. See?
[BILL] Ah, nah! Forget it. Absolutely no way.
[DOCTOR] Nardole agreed.
[NARDOLE] No, I didn't.
[DOCTOR] You did in my head, which is good enough for me.
[BILL] Why do you want to do this?
[DOCTOR] She's my friend. She's my oldest friend in the universe.
[BILL] Well, you've got lots of friends. Better ones. What's so special about her?
[DOCTOR] She's different.
[BILL] Different how?
[DOCTOR] I don't know.
[BILL] Yes, you do.
[DOCTOR] She's the only person that I've ever met who's even remotely like me.
[BILL] So more than anything you want her to be good?
[NARDOLE] Are you having an emotion?
[DOCTOR] I know I can help her.
[NARDOLE] Yeah. Look at that face, he's having an emotion. Yeah. Yes, look at that bit, yeah, he's doing emotions.
[BILL] Oh, leave him alone.
[NARDOLE] Can I take a selfie with you?

---------------------------------------

(University roof)
[DOCTOR] She was my first friend, always so brilliant, from the first day at the Academy. So fast, so funny. She was my man crush.
[BILL] I'm sorry?
[DOCTOR] Yeah, I think she was a man back then. I'm fairly sure that I was, too. It was a long time ago, though.
[BILL] So, the Time Lords, bit flexible on the whole man-woman thing, then, yeah?
[DOCTOR] We're the most civilised civilisation in the universe. We're billions of years beyond your petty human obsession withgender and its associated stereotypes.
[BILL] But you still call yourselves Time Lords?
[DOCTOR] Yeah. Shut up.
[BILL] Okay.
[DOCTOR] We had a pact, me and him. Every star in the universe, we were going to see them all. But he was too busy burning them.I don't think she ever saw anything.
[BILL] And you think that if she did, she'd change?
[DOCTOR] I know she would. I know it.
[BILL] You're a bloody idiot. You know that, yeah?
[DOCTOR] Of course.
[BILL] She scares me. Like, she really scares me. Okay. So promise me one thing, yeah? Just promise you won't get me killed.

---------------------------------------

(Bridge)
[JORJ] I'm sorry.

---------------------------------------

(University room)
[DOCTOR] I can't promise you that.
[BILL] Thanks.
[DOCTOR] I mean, look, you're human. And humans are so mortal.
[BILL] Cheers.
[DOCTOR] I mean, you pop like balloons. (Bill is slowly toppling backwards on the spaceship) I mean, one heart? It's your most important organ, and you've no back up. It's like a budget cut.
[BILL] Oh, you'll try and keep me alive?
[DOCTOR] Within reason.
[BILL] Thanks, mate.

---------------------------------------

(Bridge)
[NARDOLE] What are they? What are those things?
[DOCTOR] You're too late, she's dead. Don't you touch her. Don't you lay a finger on her.
[VOICE] Stand. Away. Stand. Away. She. Will. Be. Repaired.
[DOCTOR] Repaired?
[VOICE] Stand. Away.
[DOCTOR] You can help her? Is that what you mean?
[DOCTOR] Where are you going? What are you going to do with her?
[VOICE] Re-pair.
[JORJ] Don't try and stop them. They'll snap you in half.
[DOCTOR] When do you bring her back?
[VOICE] We. Will. Not.
[DOCTOR [telepathic]] Wait for me. Wait for me. Wait for me.
[MISSY] What are you doing?
[DOCTOR] Leaving a message in her subconscious.
[JORJ] How? She's dead.
[DOCTOR] Those things are going to repair her, so clearly she isn't.
[MISSY] Assumption.
[DOCTOR] Deduction.
[MISSY] Hope.
[DOCTOR] Faith.
[MISSY] Idiot.
[DOCTOR] Always!
[JORJ] Sir, step away from those doors. You'll bring them back.
[MISSY] What do you care, Smurf? They're not even interested in you.
[JORJ] Sir, I swear to you. Step away from that lift or I will kill you.
[DOCTOR] Don't. You will only make me angry.
[MISSY] Honey, listen to him.
[DOCTOR] Why?
[MISSY] Because if somebody kills you and it's not me, we'll both be disappointed. Now, you. What were those things?
[JORJ] I don't know.
[DOCTOR] How can you not know? They're on your ship.
[JORJ] The ship is supposed to be empty.
[NARDOLE] But it's a colony ship.
[JORJ] But it's brand new. The colonists haven't arrived yet. We were on our way to pick them up. A skeleton crew, fifty of us, that's all.
[NARDOLE] It's not empty now, is it? Look, thousands of life readings.
[JORJ] Two days ago there was nothing. Those readings came out of nowhere.
[MISSY] Well, obviously you were boarded.
[JORJ] No.
[MISSY] Your ship was taken over. It happens.
[DOCTOR] No.
[NARDOLE] Doctor?
[DOCTOR] This is worse than I thought. Much worse. Fifty of you, taking your brand new ship, fresh from the factory, to pick up some colonists.
[JORJ] Yes.
[DOCTOR] Two days ago, you almost bump into a black hole. What did you do then?
[JORJ] We tried to reverse out of it.
[DOCTOR] And you sent a team down to the other end of the ship to reverse the rear thrusters, yes?
[JORJ] Yes.
[DOCTOR] How many people in the team?
[JORJ] About twenty.
[DOCTOR] And you never heard from them again. And then the whole ship just lit up with all these new lifeforms. Correct?
[JORJ] Exactly.
[DOCTOR] What happened then?
[JORJ] Those creatures arrived, took the rest of the humans away. They weren't interested in me. I tried to fight them, but they were too strong.
[NARDOLE] Well, maybe something came out of the black hole.
[MISSY] Nothing comes out of a black hole.
[DOCTOR] Nothing boarded this ship. I'm afraid you'll never see your crew again. Black hole, four hundred mile spaceship. It's a matter of Time.
[DOCTOR] Pay attention.

---------------------------------------

(Conversion Theatre)
[SURGEON] Hello. Back with us? No, don't try to speak, just relax. You'll be fine. Full conversion wasn't necessary, though it will be in time. Sleep now.

---------------------------------------

(Recovery room)
[BILL] Hmm.
[RAZOR] Oh, awake, is it? Awake now. Good, settle.
[DOCTOR [memory]] Wait for me.
[BILL] Doctor!
[VOICE [OC]] (unemotional) Pain. Pain. Pain. Pain. Pain. Pain. Pain. Pain. Pain.

---------------------------------------

(Corridor)
[VOICE [OC]] Pain. Pain. Pain. Pain. Pain. Pain. Pain. Pain. Pain.
[VOICE [OC]] Pain. Pain. Pain.

---------------------------------------

(Out Ward)
[VOICE [OC]] Pain. Pain. Pain. Pain. Pain. Pain. Pain. Pain. Pain. Pain. Pain. Pain.
[NURSE [OC]] Who's making all that noise? Who is it?
[VOICE [OC]] Pain. Pain. Pain.
[NURSE] Right, what's the matter with you, hmm? Making all that fuss.
[VOICE [OC]] Pain. Pain.
[NURSE] Let's see now.
[VOICE [OC]] Pain. Pain. Pain. Pain.
[NURSE] That's better, isn't it? Right then, Mister Razor, might as well do the rounds, now I'm here.
[RAZOR] Rounds? Yes, it is. Rounds, good, yes.
[VOICE [OC]] Pain. Pain. Pain. Pain. Pain.
[BILL] Sorry, mate.
[VOICE [OC]] Pain.
[BILL] I'm really sorry.
[VOICE [OC]] Kill. Me. Kill. Me. Kill. Me. Kill
[BILL] Sorry, sorry.
[NURSE [PC]] This way, Mister Razor. Look sharp!
[RAZOR] Would you like some tea?

---------------------------------------

(Corridor)
[RAZOR] This way, this way.
[BILL] What about him?
[RAZOR] It's all right. They don't feel pain.
[BILL] Oh, I think they do.
[RAZOR] Yes, they do.
[BILL] So why did you say they don't?
[RAZOR] It was a clever lie, but you see straight through me. Come, tea, this way.
[BILL] Hey, what are those things?
[RAZOR] People, people, people, people, they're people.
[BILL] What are you doing to them?
[RAZOR] Curing them. Come. (scuttles down the corridor) Psst! In here.

---------------------------------------

(Razor's room)
[(Lots of shelves and racks with bits and pieces. There is a telephone on the wall and what could be an old television set showing a black and white still of the scene on the Bridge.)RAZOR] Do you want the good tea or the bad tea?
[BILL] What's the difference?
[RAZOR] I call one good, one bad.
[RAZOR] Excellent, positive attitude. Will help with the horror to come.
[BILL] What horror?
[RAZOR] Mainly the tea.
[BILL] Where am I?
[RAZOR] Hospital.
[BILL] Yeah, but where?
[RAZOR] The ship. You are on the ship.
[BILL] I was on a ship, yeah, but it wasn't like this.
[RAZOR] You were at top of the ship and now you are at bottom.
[RAZOR] Ship. Top. Bottom. See? Yes.
[BILL] How did I get here?
[RAZOR] You were sick, very sick. Broken. Heart broken. New heart. Good, is it?
[BILL] I haven't dared look yet.
[RAzOR] Is good. Is very good. Shiny. You can carry it off. Not everybody can. For some people, it all goes a bit, you know.
[BILL] What?
[RAZOR] Vending machine. (laughs then hands her a mug) Drink it while it is very hot. The pain will disguise the taste.
[BILL] Thanks. How long have I been here?
[RAZOR] Oh, weeks. Many weeks. Maybe months.
[BILL] God.
[RAZOR] Is good. You get strong.
[BILL] Yeah, but I came here with people. My friends.
[RAZOR] Oh, they don't look so bad.
[BILL] That's them. That's my friends.
[RAZOR] I know. I make picture for you. You like?
[BILL] Where are they now? Are they okay?
[RAZOR] Well, they are fine. Look at them.
[BILL] Yeah, but are they okay now?
[RAZOR] That is now. That is right now. That is them. Is live.
[BILL] Yeah, but the picture, it's frozen.
[RAZOR] No.
[BILL] Yeah, it is, they're not moving. Look at them.
[RAZOR] They are at top of ship. Top of ship very slow. We are at bottom. Bottom much faster. Very fast bottom. (laughs)
[BILL] Yeah, I don't understand.
[RAZOR] Ah. So you don't know.
[BILL] About what?

---------------------------------------

(Bridge)
[DOCTOR] Short version. Because of the black hole, time is moving faster at this end of the ship than the other. It's all about gravity. Gravity slows down time.The closer you are to the source of gravity, the slower time will move. (Jorj looks blank) If you're standing in your garden, your head is travelling fasterthrough time than your feet. Don't they teach you this stuff at space school?

---------------------------------------

(Razor's room)
[BILL] See he's raising that eyebrow? That's his sarcasm face. He's making a joke.
[RAZOR] He's been raising that eyebrow for a week.
[BILL] So when are you going to tell me?
[RAZOR] Tell you what?
[BILL] How I can get back up there.
[RAZOR] I already told you. You can't leave here. I'm sorry.
[NURSE] What are you doing in here?
[RAZOR] She works for me now. We agreed.
[NURSE] Everyone here works for me. There's a floor out there needs cleaning.
[BILL] Running all the way.
[NURSE] I know you dream of leaving.
[BILL] No, me? Never.
[NURSE] (taps Bill's chest) This is your heart now, and outside this hospital, it will stop working.
[BILL] Ah. It's a good thing you've got all those locks, then, in case I accidently wander off. Yeah. Better get mopping. (to Razor) Don't change the channel.
[RAZOR] A week, raising his eyebrow? Why would I change?

---------------------------------------

(Bridge)
[JORJ] Space school? I'm basically the janitor.
[DOCTOR] That's a good job. But you've got to concentrate more. Now, listen.

---------------------------------------

(Razor's room)
[BILL] He's going to do an explanation. That always takes a while.
[RAZOR] The months will fly by.

---------------------------------------

(Bridge)
[DOCTOR] A black hole isn't just any old gravity. It's Superman gravity. You really want to slow down time, park next to one of these guys.Trouble is, one end of the ship is closer to the Superman gravity than the other.
[DOCTOR] Wait for me.
[BILL] How much longer, Doctor? How many more years?

---------------------------------------

(Bridge)
[JORJ] But what about these lifeforms? What are they? Where did they come from? How can there be so many?
[DOCTOR] Those are the descendants of your crewmates. Two days for you, generations for them.
[JORJ] What are these
[DOCTOR] Look

---------------------------------------

(Razor's room)
[BILL] What kind of treatment is that? Why won't you ever explain?
[RAZOR] I do explain. They are the special patients.
[BILL] When do those bag things come off their heads?
[RAZOR] They don't.
[BILL] They don't?
[RAZOR] Conversion is permanent.
[BILL] Why?
[RAZOR] We are dying. All of us on this ship, dying.

---------------------------------------

(Corridor)
[RAZOR] They are the cure. They are the future.
[VOICE] Die. Me. Die. Me. Die. Me.
[RAZOR] To survive, they are what we must all become. I will show you.
[BILL] Where are we going?
[RAZOR] Outside. You always want to go outside. We go outside.
[DOCTOR] Wait for me. Wait for me.

---------------------------------------

(City)
[BILL] Everyone looks so sick.
[RAZOR] This was a good place once, hundreds of years ago, when the settlers first came here. But this ship is old, everything is dying. Our world is rust, our air is engine fumes. So we must evolve to survive. But evolution is not fast enough. The special patients, they are strong. Soon we will all be upgraded like them.
[BILL] They're in pain.
[RAZOR] The pain will be cured, and the exodus will begin.
[BILL] Exodus?
[RAZOR] Operation Exodus. We will leave this city, we will climb up through this ship, and we will take command.
[BILL] Well, you could just go up right now.
[RAZOR] We have to be strong.
[BILL] There are lifts.
[RAZOR] There are many dangers.
[BILL] But I've been up there. There's a friend of mine, he could help.
[RAZOR] You do not understand the dangers. Many years ago, there was an expedition to floor 507, the largest of the solar farms.
[BILL] And?
[RAZOR] Silence. They never came back. There is something up there. And we must be strong.
[COMPUTER] Return to the hospital.
[BILL] I don't
[RAZOR] You see, my dear. You must be strong to leave the hospital. And you will be. Soon. Very soon.
[COMPUTER] Return to the hospital.

---------------------------------------

(Bridge)
[DOCTOR] Sorry, pressed for time.
[NARDOLE] That was good.
[DOCTOR] Venusian Akido.
[NARDOLE] I thought you needed four arms for Venusian.
[DOCTOR] I've got hidden talents, as well as hidden arms.
[NARDOLE] But it's been ten minutes, so she must have been down there for years.
[DOCTOR] Yeah.
[NARDOLE] We can take the Tardis, go back and get it right.
[DOCTOR] This close to a black hole, we'll never be able to pilot her accurately.

---------------------------------------

(Razor's room)
[BILL] Do you think they're coming down here? Because if they are, where does that lift arrive? Just asking.
[RAZOR] You are dear to me. You are my dearest person. You are like
[BILL] I know.
[RAZOR] A mother to me.
[BILL] Definitely not a mother.
[RAZOR] Or an aunt.
[BILL] No.
[RAZOR] But this question you must not ask.
[BILL] (sighs) Why not?
[RAZOR] Because if you do, I think I might tell you.
[BILL] Ah, sorry, mate. Guess what I'm about to do.
[RAZOR] Do not. Do not do this.
[BILL] I'm going to ask you again.
[RAZOR] When you hug me, it hurts my heart.
[BILL] Ah, sweet.
[RAZOR] No. Your chest unit. It digs right in.

---------------------------------------

(Corridor)
[BILL] Are you sure about the mask?
[RAZOR] Is burgling mask.
[BILL] Why?
[RAZOR] Just in case.
[BILL] In case of what?
[RAZOR] Shh!
[BILL] But it's locked.
[BILL] Where did you get that?
[RAZOR] I have burglary skills. They don't let just anyone wear a mask like this, you know.
[BILL] (re the key) It's got your name on the label.

---------------------------------------

(Conversion Theatre)
[(Bill sees a pair of patients slumped motionless by the walls and gasps. Razor grabs her.)RAZOR] It's all right. It's just, you know, work in progress.
[BILL] So, these lifts, where do we find them?
[RAZOR] It's through there somewhere. Oh, I like the hat.
[RAZOR] I'm going to ask for a hat when it's my turn.
[BILL] Your turn?
[SURGEON] No, actually. I'm afraid, Miss Potts, it's your turn. Thank you for bringing her, Mister Razor.
[RAZOR] Ah, you see through my clever disguise. Stupid thing.
[BILL] You didn't. Please tell me you didn't.
[RAZOR] Is for your own good. Make you strong. Ready for the exodus.
[SURGEON] I'm sorry about the deception. It's best to get people in here without them knowing why. We don't want screaming in the main part of the hospital.
[BILL] Don't you touch me. Don't you lay a finger on me.
[SURGEON] This unit of yours won't last forever, you know. You need the full upgrade.
[BILL] You're not going to turn me into one of those things.
[SURGEON] I'm rebuilding you to survive in a world not made for flesh.
[BILL] But look at them. They're screaming in pain every second they're alive.
[SURGEON] But we've got something for that now.
[SURGEON] This won't stop you feeling pain, but it will stop you caring about it. It fits over your head.

---------------------------------------

(Outside the lift)
[DOCTOR] Okay, you two, welcome to a new time zone. Not knowing the differential, I don't know how much time has passed here.Right, we need to find out more about this ship.
[NARDOLE] On it.
[DOCTOR] No. Missy, you do it. Nardole, you come with me.
[NARDOLE] But I'm the computer guy. That's always me.
[DOCTOR] Sorry, she's cleverer.
[NARDOLE] She's more evil.
[MISSY] Same thing.
[DOCTOR] It really isn't.
[MISSY] Oh, it is a little bit. A little bit the same.
[NARDOLE] Anyway.
[MISSY] Yes, thank you.
[DOCTOR [OC]] Nardole!
[RAZOR] Hello.
[MISSY] Hello, ordinary person. Please maintain a minimum separation of three feet. I'm really trying not to kill anyone today, but it would be tremendously helpful if your major arteries were out of reach.
[RAZOR] (laughs) I have been so looking forward to meeting you.
[MISSY] Right. I'm very happy for you.
[RAZOR] I was watching you on the screen. It took me a while to work out who you were.

---------------------------------------

(Conversion Theatre)
[NARDOLE] Ah! Oh, there's always a scary thing with you, isn't there?
[DOCTOR] Are you only getting that now?

---------------------------------------

(Outside the lift)
[MISSY] Oh, this is super interesting. I assumed this ship was from Earth, full of squishable little humans, but it's not from Earth at all, is it?
[RAZOR] You don't remember me, do you?
[MISSY] Looks like an Earth-like planet, but not Earth itself. Very Earth-like. If planets had twins
[RAZOR] You don't remember being here before, do you?
[MISSY] I've never been here before. Will you please stop wittering on or I'll have to splat your brains for finger paint.
[RAZOR] Oh, you have been here before. You really can trust me on that.
[MISSY] Planet, planet. Which, which planet?

---------------------------------------

(Conversion Theatre)
[NARDOLE] There's a lot of genetics, bio-engineering. There's a lot of stuff about something called Exodus. Operation Exodus.

---------------------------------------

(Outside the lift)
[MISSY] Look at that. This ship is from Mondas.

---------------------------------------

(Conversion Room)
[DOCTOR] It's a Cyberman. A Mondasian Cyberman!

---------------------------------------

(Outside the lift)
[MISSY] Doctor!
[RAZOR] (falsetto) Doctor! Ooo, Doctor! Doctor!
[MISSY] Okay, listen to me. I may be about to take that silly little gun away from you
[RAZOR] He'll never forgive you, you know, He'll never set you free. Not when he discovers what you did to his little friend.
[MISSY] I haven't done anything to his silly little friend.
[RAZOR] Oh, but I'm afraid you did. But a long time ago.

---------------------------------------

(Conversion Theatre)
[DOCTOR] You're brand new, fresh out the factory. You're not ready for a fight yet.
[NARDOLE] He does looks a little bit ready.
[DOCTOR] Bill Potts. Do you know where she is? Where is Bill Potts?
[CYBERMAN] (sing-song) Doc-tor.
[DOCTOR] You know me?
[CYBERMAN] You are Doc-tor.

---------------------------------------

(Outside the lift)
[MISSY] Am I supposed to know what you're talking about? Would it help you focus if I extracted some of your vital organs and made a lovely soup?
[RAZOR] You would never be so self-destructive.
[MISSY] So what?
[RAZOR] But then again, neither would I.

---------------------------------------

(Conversion Theatre)
[DOCTOR] Listen. We mean you no harm. We're just passing through. We're looking for Bill Potts, friend of mine.
[CYBERMAN] Bill Potts.
[DOCTOR] Yes, Bill Potts. You're a Cyberman. You're part of a neural net. Can you find her?

---------------------------------------

(Outside the lift)
[RAZOR] I love disguises. Do you still like disguises? Of course, they are rather necessary when you happen to be someone's former Prime Minister.

---------------------------------------

(Conversion Theatre)
[CYBERMAN] Accessing.
[NARDOLE] Get back from it.
[CYBERMAN] Bill Potts. Locating Bill Potts. I am Bill Potts.

---------------------------------------

(Outside the lift)
[MASTER] Hello, Missy. I'm the Master, and I'm very worried about my future. Give us a kiss.

---------------------------------------

(Conversion Theatre)
[DOCTOR] Bill? Bill, talk to me. What have they done to you?
[NARDOLE] Operation Exodus, whatever that is.
[MISSY] Oh, wrong name, for a start.
[(She goes and stands by Cyber-Bill's right shoulder.) CYBER-BILL] I waited.
[MISSY] This is not an exodus, is it? More of a beginning really, isn't it?
[CYBER-BILL] I waited.
[MASTER] In fact, do you know what I'd call it? I'd call it a genesis.
[MISSY] You've met the ex?
[MASTER] Specifically, the Genesis of the Cybermen.
[CYBER-BILL] I waited for you.
",2017-06-24,Doctor Who - World Enough and Time
"Doctor Who (1 Jul 2017    ; Twelfth Doctor) - The Doctor Falls

[HAZRAN] Everyone under their beds, now!
[ALIT] (a little girl) Again?
[HAZRAN] Alit, get under your bed and stay there!
[ALIT] It's the scarecrows. New ones.
[GAZRON] (another girl) It's okay. We'll be okay.
[REXHILL [OC]] Save your ammo! Wait for it! Fire!

---------------------------------------

(Memory)
[MASTER] How many times have you died?
[MISSY] How many different ways?
[MASTER] Have you burned?
[MISSY] I know you've fallen.
[MASTER] Have you ever drowned?
[MISSY] Have you felt the blade?
[MASTER] I suppose what we're really asking, my dear, is, well
[MISSY] Any requests?

---------------------------------------

(Level 1056 Hospital roof)
[MASTER] So, I imagine you're the next one along, then?
[MISSY] Oh, I think so. I'm a bit hazy on the whole regeneration thing, I'm afraid.
[MASTER] You mean, I'm going to turn into a woman and you don't even remember it happening?
[MISSY] Oh! Am I a woman now?
[MASTER] Well, kind of, yeah.
[MISSY] Hold me.
[MASTER] Kiss me.
[MISSY] Make me.
[DOCTOR] Do you two want to be alone? Which, in your case, would mean more than it usually does.
[MASTER] We've been debating the best way to kill you.
[DOCTOR] Where's Bill?
[MISSY] Well, we thought we might chuck you off the roof, but I wasn't sure how many regenerations you had left.
[MASTER] Yeah, we could have been up and down the stairs all night.
[MISSY] We could shoot you, but that's a bit vanilla.
[MASTER] But old school, nice for a change.
[MISSY] For a change.
[DOCTOR] I said, where is Bill?
[MASTER] Well, if we told you that, I'm afraid you'd be really, really upset.
[MISSY] So
[BOTH] She's right behind you!
[MISSY] Look, there's Bill. Dead, dismembered, fed through a grinder and squeezed into a Cyberman. Doomed to spend an eternal afterlife as a bio-mechanical psycho-zombie. It was hilarious.
[MASTER] Ten years you spent up there, chatting. You missed her by two hours.
[MISSY] Ripped out her heart, threw it in to a bin, and burned it all away. He's internalising. I love it when he's Mister Volcano.
[DOCTOR] (to the Master) The last time I saw you, you were on your way to Gallifrey.
[MASTER] Well, I didn't stay. Why would I stay?
[DOCTOR] So they cured your little condition and kicked you out.
[MASTER] It was a mutual kicking me out.
[DOCTOR] Somehow you ended up in this dump. You never could drive.
[MASTER] Meh. You wouldn't understand.
[DOCTOR] Well, let's see how I do. Your Tardis got stuck. You killed a lot of people, took over the city, lived like a king until theyrebelled against your cruelty. And ever since then you've been hiding out, probably in disguise, because everybody knows your stupid round face.
[MASTER] Round?
[MISSY] It's a little bit.
[MASTER] Shut up! Do you want to see my city, Doctor? Do you want to see what happens when you're too late to save your little friend and everybody else?
[MASTER] See? This used to be just a hospital. Now it's mass production. The Cyber Foundries.
[MISSY] The whole city is a machine to turn people into Cybermen. What do you think? Exciting, isn't it? Watching the Cybermen getting started.
[DOCTOR] They always get started. They happen everywhere there's people. Mondas, Telos, Earth, Planet 14, Marinus.Like sewage and smartphones and Donald Trump, some things are just inevitable.
[MISSY] Doctor. Doctor, have you done something? What's happening?
[DOCTOR] People get the Cybermen wrong. There's no evil plan, no evil genius. Just parallel evolution.
[MASTER] Doctor, what have you done?
[DOCTOR] People plus technology minus humanity. The internet, cyberspace, Cybermen. Always read the comments, because one day they'll be an army.
[MISSY] Look, they're coming. They're coming for us!
[MASTER] This doesn't make any sense!
[DOCTOR] Doesn't it?
[MASTER] These Cybermen are primitive. They're programmed to track human beings and convert them. They home in on human life signs only.
[DOCTOR] You two, you should know by now. When you're winning, and I'm in the room, you're missing something.
[MASTER] What have we missed?
[DOCTOR] You shouldn't have hit me, Missy. I was waiting for my chance. Computer, containing the algorithm defining human life signs. I only had time to change one detail. A single number. One to a two. One heart to two hearts. I expanded the definition of humanity.Took 'em a while to update the net, but here we go. Welcome to the menu.
[DOCTOR] Now they think that we count as humans, and they're going to fix that in a hurry!
[MASTER] There must be other ways up here. We can't cover them all.
[DOCTOR] You can't fight a whole city. You know the stories. There's only ever been one way to stop that many Cybermen. Me!
[MASTER] Then do it. Stop them!
[DOCTOR] Begging for your life already? That's a new record.
[MASTER] I'm not begging you. I'd rather die than beg you.
[DOCTOR] Lucky day, then.
[MASTER] I can do this. They're not difficult. They're Cybermen.
[DOCTOR] Knock yourself out.
[MISSY] Your wish is my command.
[MISSY] I was secretly on your side all along, you silly sausage.
[DOCTOR] Is that true?
[MISSY] Don't spoil the moment.
[DOCTOR] Seriously, I need to know. Is that true?
[MISSY] It's hard to say. I, I'm in two minds. Fortunately, the other one's unconscious.
[DOCTOR] Nardole, have you been useful?
[NARDOLE [OC]] Yeah. Found this in the loading bay.
[NARDOLE] Shuttlecraft.
[DOCTOR] Get Junior up there.
[MASTER] Oh, you hit me really hard.
[MISSY] You're telling me. I think, I think I've still got the bump.
[DOCTOR] Right. First things first
[DOCTOR] Argh! Argh! Argh!
[DOCTOR] Bill.
[MISSY] What was that, Doctor? You'll only slow us down? Yeah, I think you're right.

---------------------------------------

(Shuttlecraft)
[MASTER] The Doctor's dead. He told me he'd always hated you. Let's go.
[NARDOLE] No.
[MISSY] The Doctor's dead. He told me he'd always hated you.
[NARDOLE] Yeah, I heard you the first time.
[MASTER] Oh, tedious.
[NARDOLE] Oi!
[MASTER] Look, we need to get away from here. Find a hole in the roof, or make one. Is there a great big gun on the front? That would be good.
[NARDOLE] I don't think we're going anywhere. Bill's back.

---------------------------------------

(Hospital roof)
[DOCTOR] Bill, I will fix this. I will get you back again, I swear.

---------------------------------------

(Countryside)
[MISSY] What level are we on?
[MASTER] Must be one of the solar farms. Hologram sky, bit of atmosphere.
[ALIT] Who are you?
[NARDOLE] That's the last floor we can bust through. Engine's blown. Hello, little girl. We're from downstairs, and, er, I think we're going to need your help.

---------------------------------------

(Barn)
[HAZRAN] Sorry you have to stay out here. You'd frighten the children.
[BILL] Where am I? How did I? Sorry, I can't remember.
[HAZRAN] The Doctor put you to sleep. You needed rest.
[BILL] What am I doing in a barn? What's wrong?
[HAZRAN] Sorry. It's just.
[BILL] Sorry, what?
[HAZRAN] The Doctor has explained that you're not dangerous, but it's difficult.
[BILL] What's difficult? Where, where is the Doctor? I need to
[HAZRAN] His injuries are, are being tended to.
[BILL] Injuries?
[BILL] I want to see the Doctor. I need to speak to him!
[BILL] Hello?
[ALIT] Hello. Everyone's too scared to talk to you. But I'm not.
[BILL] Why are they scared?

---------------------------------------

(Farm)
[NARDOLE] Come on you lot, put your backs into it. Remember the Alamo! Oh, maybe not.
[HAZRAN] Nardole, you're working them too hard.
[NARDOLE] This isn't work, it's war. Operation Exodus. They're looking for fresh meat, and you're it.

---------------------------------------

(Barn)
[BILL] Is that it?
[BILL] I really wouldn't harm you, you know.
[ALIT] I know.
[CYBER-BILL] That is not me.
[ALIT] I'm sorry.
[CYBER-BILL] I am Bill Potts.
[ALIT] I'm sorry! I'm sorry!
[CYBER-BILL] I am Bill Potts!
[DOCTOR] Hey, hey, hey, hey!
[DOCTOR] Hello, Bill Potts.
[CYBER-BILL] Doc-tor.
[ALIT] I'm sorry. I gave her a mirror.
[DOCTOR] Oh no, don't be sorry. You were being kind. Nothing wrong with kind. Jelly baby?
[ALIT] Thank you.
[DOCTOR] You're welcome.
[ALIT] Bye.
[DOCTOR] Toodle-oo.
[BILL] What was that, in the mirror?
[DOCTOR] Er, a Cyberman.
[BILL] What's a Cyberman?
[DOCTOR] A technologically augmented human being, designed to survive in a hostile environment. Perfectly sound idea. Unfortunately all they want to dois to turn everyone else into Cybermen too. They go viral.
[BILL] Why?
[DOCTOR] They consider themselves to be an improvement, an upgrade.
[BILL] No. Why do I see a Cyberman in the mirror?
[DOCTOR] What do you remember?
[BILL] There's quite a lot, you know? I was down there for ten years.
[DOCTOR] And then one day, they took you to the Conversion Theatre. Do you remember that?
[BILL] No. Bits of it. You turned up.
[DOCTOR] Do you remember what they did to you?
[BILL] Nothing. Look at me, I'm fine. I'm fine!
[DOCTOR] You are so strong. You're amazing. Your mind has rebelled against the programming. It's built a wall around itself. A castle made of you, and you are standing on the battlements, saying no. No, not me.
[BILL] What are you talking about?
[DOCTOR] All that time, living under the Monks, you learned to hang on to yourself.
[BILL] But I'm, I'm fine. Look at me!
[DOCTOR] Bill, what you see is not you. Your mind is acting like a perception filter. You still see yourself as you used to be.
[BILL] Used to be?
[DOCTOR] It won't last forever.
[BILL] What do you mean, used to be?
[DOCTOR] Bill, I'm sorry, but you can't be angry any more. A temper is a luxury you can no longer
[BILL] Why can't I? Why can't I be angry?
[DOCTOR] Bill, please!
[CYBER-BILL] You left me alone for ten
[BILL] Years! Don't tell me I can't be angry!
[REXHILL [OC]] Get back! You all right?
[DOCTOR] Because of that. That's why. Because you're a Cyberman.

---------------------------------------

(Farm)
[NARDOLE] Right. Everyone, back to work. Nothing to see here. Somebody broke the barn, no biggie. Come on, defences don't build themselves.
[DOCTOR] It's okay. They're just frightened.
[BILL] People are always going to be afraid of me, aren't they? Aren't they?
[BILL] What is that, engine oil?
[DOCTOR] No. It's an actual tear. But it shouldn't be.
[MASTER] Doctor. Right, while you've been here chatting up Robo-Mop, me and me have been busy. We've found it. (Razor) Oh, hello, my dear.My God, you were so boring for all those years. But it was worth every day of it, for this.
[DOCTOR] Bill, don't let him upset you.
[MASTER] Though, didn't you used to be a woman? I'm going to be a woman, fairly soon. Any tips? Or, maybe, I dunno, old bras?
[CYBER-BILL] I am not upset.
[MASTER] Oh. Well, doesn't that take all the fun out of cruelty. Might as well rile a fridge. Come on, this way.

---------------------------------------

(Countryside)
[BILL] Why are there so many children in that house?
[DOCTOR] Small community, several hundred at most. So they keep the children together for their protection.
[DOCTOR] Those things, they make it up here sometimes. They try to take the children.
[BILL] You all right?
[DOCTOR] Yes, fine.
[BILL] What was that?
[DOCTOR] They target the children because conversion is easier with a younger donor. The brains are fresher, and because the bodies are smaller, there's less to er
[BILL] Less to what?
[MASTER] Less to throw away.
[BILL] You said. I remember, you said you could fix this. That you could get me back. Did you say that?
[DOCTOR] I did say that, yes.
[BILL] Were you lying?
[DOCTOR] No.
[BILL] Were you right?
[DOCTOR] No. Bill.
[BILL] We're not going to get out of this one, are we.
[DOCTOR] Well, I don't know. There are always possibilities.
[BILL] No. I can feel it. In my head, the programming. The Cybermen are taking me over, piece by piece. It's like I'm hanging on in a hurricane, and I can't hang on forever.
[DOCTOR] Bill, look, whatever it takes
[BILL] No, I want you to know, as my friend, I don't want to live if I can't be me anymore. Do you understand?
[DOCTOR] Yeah.
[BILL] And that's not possible, is it?
[DOCTOR] Well, I'll tell you what else isn't possible. A Cyberman crying. Where there's tears, there's hope. Come on.

---------------------------------------

(Clearing)
[MASTER] Weird, how you don't remember any of this.
[MISSY] The two of us together puts the timelines out of sync. You can't retain your memories, so I don't have them.
[MISSY] You absolutely had to bring her, did you?
[MASTER] Her? It's a Cyberman now.
[MISSY] Yes, sorry.
[MASTER] Becoming a woman's one thing, but have you got empathy?
[DOCTOR] Where is it?
[MISSY] Lift shaft? Right here.
[MASTER] Hologram. Mustn't ruin the pretty forest. It's a wonder more people don't turn to genocide.
[MISSY] And the doors.
[DOCTOR] This is how we evacuate the children. There have to be more lifts, quite close.
[DOCTOR] We know Operation Exodus is ready. We can't hang around here.
[DOCTOR] What are you doing? You just called the lift!
[MISSY] Yeah, well, we're going to need them, aren't we?
[DOCTOR] The lift was downstairs, and quite possibly not empty.
[CYBER-BILL] Stand aside.
[DOCTOR] Do as she says.
[CYBER-BILL] Stand aside.
[MASTER] Do as she says. Is the future going to be all girl?
[DOCTOR] We can only hope.
[DOCTOR] Fire!
[MASTER] Kill it, kill it, kill it, kill it! Kill it, kill it. Kill it.
[DOCTOR] Missy, sonic the lift. Keep it here.
[BILL] Why's it different? Why does it look like that?
[MASTER] It evolved.
[DOCTOR] Exactly. Since we left, they've built a weapons-grade version to come after us. And we just gave our position away. Well done, the genius twins.
[MISSY] It doesn't matter. We can still get out of here. We go take the lift right to the top and escape in your Tardis.We could evacuate the Waltons back there, if you're feeling ridiculous.
[DOCTOR] We can't go back to the bridge. We can only go four or five floors up at the most. The further we move up the ship, the slower time moves for usand the faster it moves for the Cybermen. By the time we get to the bridge, they'll have had thousands of years to work out how to stop us.There is no safe way to get back to the Tardis. It's a mathematical impossibility.

---------------------------------------

(Level 1056)
[CYBERMAN] Operation Exodus. Troops to attack phase.

---------------------------------------

(Farm)
[HAZRAN] Nardole, what is that?
[HAZRAN] Tell me, what is it?
[NARDOLE] Doctor?
[DOCTOR] The Cybermen don't have fear, but they know how to use it. Operation Exodus. They're announcing their arrival. They're coming! The Cybermen are coming.
[BILL] How long till they get here?
[DOCTOR] Two hundred miles of time-dilated spaceship. According to my calculations, we need a plan, quick.
[HAZRAN] You realise this is hopeless, don't you?
[NARDOLE] Oh, I was hoping someone would say that. For a moment there I was feeling a glimmer of purpose.

---------------------------------------

(Farmhouse)
[BILL] But do we have long enough?
[DOCTOR] They're Cybermen. There's no such thing as long enough.

---------------------------------------

(Farm)
[HAZRAN] But Nardole, look at it. They've got armour! We don't have guns that can shoot through armour.
[NARDOLE] Look. Give me one of them rifles.

---------------------------------------

(Farmhouse)
[MISSY] Dearest, I've been thinking. We need your Tardis. We can't go up, but we can go down. Your Tardis is right at the bottomof the ship, isn't it?
[MASTER] Well, I suppose.
[MISSY] Is it, or isn't it?

---------------------------------------

(Cellar)
[BILL] What's that?
[DOCTOR] We're on a spaceship, remember? That's a service duct, rusted shut. Think you could get angry with it?

---------------------------------------

(Farm)
[NARDOLE] Is that windmill important?
[HAZRAN] Why?
[NARDOLE] No reason. You see that bush over there? Shoot it.
[HAZRON] You think you're quite something, don't you?
[NARDOLE] I try not to miss the obvious.
[REXHILL] How was that possible?
[DOCTOR] Because this is not the countryside. This is a spaceship.

---------------------------------------

(Farmhouse)
[MASTER] It's my Tardis.
[MISSY] Our Tardis.
[MASTER] And it's right in the middle of a city full of Cybermen.
[MISSY] They're all coming here.
[MASTER] And it doesn't work!
[MISSY] Because?

---------------------------------------

(Farm)
[DOCTOR] If it fooled you, it will fool the Cybermen. They're robots, but they've got monkey brains. You can always fool a monkey brain with a little bit of theatre.

---------------------------------------

(Farmhouse)
[MASTER] I landed here. I had trouble taking off.
[MISSY] The black hole?
[MASTER] Too close to the event horizon.
[MISSY] And you screwed up. You went too fast.
[MASTER] I blew the dematerialisation circuit.
[MISSY] Which reminds me. A funny thing happened to me once.
[MASTER] What?
[MISSY] A very long time ago, a very scary lady threw me against a wall and made me promise to always, always carry a spare dematerialisation circuit.I don't remember much about her now but, she must have made quite an impression.
[MASTER] You know you basically have me to thank for this.
[MISSY] You're welcome.
[MASTER] By the way, is it wrong that I er
[MISSY] Yes. Very.

---------------------------------------

(Dormitory)
[ALIT] I don't understand.
[DOCTOR] Well, it's very simple. The Cybermen have removed all fear from their hearts and minds. But you, Alit, you are going to put it all back.

---------------------------------------

(Farmhouse)
[HAZRAN] I've never met anyone like you. So where are you from?
[NARDOLE] I don't know. I was sort of found.
[HAZRAN] On a doorstep?
[HAZRAN] Who loved you?
[NARDOLE] I er probably should tell you, I'm not human.
[HAZRAN] I'll try anything once.
[NARDOLE] No! Stop, stop. It's Bill, it's Bill!
[HAZRAN] Oh. I'm so sorry.
[CYBER-BILL] I understand.

---------------------------------------

(Farm)
[BILL] Listen. Er, I don't suppose
[DOCTOR] We have a maximum of ten minutes before they attack.
[ALIT] Is it time?
[DOCTOR] Nardole?
[NARDOLE] We're ready.
[ALIT] Is that my gun?
[DOCTOR] Oh! Er, no, no. I don't like guns. (gives it to Hazran) I've got a better idea. Are you good at throwing?
[ALIT] Better than all the boys.
[DOCTOR] Then how about humanity's first weapon? (an apple) Tempting, isn't it?
[MASTER] Listen, me and sis are off now, but we were kind of wondering, what's your plan, Doc?
[MISSY] Because whatever you've got, you can't save them.
[DOCTOR] There's another solar farm five levels above us. If I can get all the children up there, and most of the adults
[MASTER] Then the Cybermen will find them again.
[DOCTOR] It's the best I can do, so I'm doing it. Do you have a problem with that?
[MASTER] You can't win.
[DOCTOR] I know! And?
[MASTER] Come on, Lady Version. I honestly don't know what you see in him.
[MISSY] Likewise.
[DOCTOR] No! No! When I say no, you turn back around! (catches up with them) Hey! I'm going to be dead in a few hours, so before I go, let's have this out, you and me, once and for all. Winning? Is that what you think it's about? I'm not trying to win. I'm not doing this because I want to beat someone, or because I hate someone, or because, because I want to blame someone. It's not because it's fun and God knows it's not because it's easy. It's not even because it works, because it hardly ever does. I do what I do, because it's right! Because it's decent! And above all, it's kind. It's just that. Just kind.If I run away today, good people will die. If I stand and fight, some of them might live. Maybe not many, maybe not for long. Hey, you know,maybe there's no point in any of this at all, but it's the best I can do, so I'm going to do it. And I will stand here doing it till it kills me.You're going to die too, some day. How will that be? Have you thought about it? What would you die for? Who I am is where I stand. Where I stand, is where I fall. Stand with me. These people are terrified. Maybe we can help, a little. Why not, just at the end, just be kind?
[MASTER] See this face? Take a good, long look at it. This is the face that didn't listen to a word you just said.
[DOCTOR] Missy. Missy. You've changed. I know you have. And I know what you're capable of. Stand with me. It's all I've ever wanted.
[MISSY] Me too. But no. Sorry. Just, no. (she takes his hand) But thanks for trying.

---------------------------------------

(Countryside)
[ALIT] Hello.
[CYBERMAN] You will not be harmed. You will be upgraded.
[ALIT] No, thanks.
[NARDOLE] Alit, let's go!

---------------------------------------

(Farmhouse)
[NARDOLE] Do you get it now? This whole floor, under the soil, it's fuel lines and fusion turbos. And if you happen to be a genius with insane computer skills, you can remote-spark a critical failure and boom!
[ALIT] Boom!
[NARDOLE] You weren't listening to a word of that, were you?
[HAZRAN] No, I'm still not getting it.
[NARDOLE] On it. Three, two, one.
[DOCTOR] So, any second now, the Cybermen will decide that we have significant weaponry.
[NARDOLE] (to Alit) Awesome weaponry. The ultimate apple upgrade.
[DOCTOR] Which means that they will change their campaign parameters.
[NARDOLE] How's that?
[DOCTOR] Up till now, this has been a mercy mission.
[HAZRAN] A what?
[DOCTOR] They want to upgrade you. That's why they come for your children. But now they think we're a military target, so they will fall back, regroup,and plan a much bigger assault.
[BILL] Oh, good-o.
[DOCTOR] Yes, good. Because they will stop tracking the children, which means
[REXHILL] They're moving back.
[DOCTOR] Time to go.
[REXHILL] But, we're surrounded.
[DOCTOR] Oh, I love being surrounded. It means everyone's looking at me. Hazran, let's get going.
[HAZRAN] Right then. Come on, you lot. Everybody down to the cellar.
[DOCTOR] Nardole, I want you to lead the evacuation.
[NARDOLE] What? No.
[DOCTOR] There's another solar farm on floor 502. There should be enough livestock in the cryogenic chamber
[NARDOLE] You need me with you.
[DOCTOR] Thanks for all the software. I will take it from here.
[NARDOLE] Sir, with respect, I'm worried about your plan.
[DOCTOR] Plan? What plan?
[NARDOLE] I think as soon as this place is evacuated, you're going to blow the whole floor, killing as many Cybermen as you can.
[DOCTOR] No. No, course not. I won't do that until I've left.
[NARDOLE] Liar! It can't be done remotely.
[DOCTOR] You couldn't do it remotely.
[NARDOLE] Neither could you. And more to the point, you are not sending me up there to babysit a load of smelly humans.
[DOCTOR] Yeah? Well, I'm afraid that's exactly what I'm doing.
[NARDOLE] Huh? This is me we're talking about. Me. You know what I was like. If there's more than three people in a room, I start a black market.Send me with them, I'll be selling their own spaceship back to them once a week. Please, I would rather stay down here and explode. You go and farm the humans.
[DOCTOR] Listen. One of us has to stay down here and blow up a lot of silly tin men, and one of has to go up there and look after a lot of very scaredpeople, day after day, for the rest of their lives, and keep them safe. Now the question is this, Nardole. Which one of us is stronger?
[NARDOLE] Damn.
[DOCTOR] My condolences.
[NARDOLE] I'm going to name a town after you. A really rubbish one.
[DOCTOR] Oh, I'm counting on it.
[NARDOLE] And probably a pig. Young lady, you're coming with me. No arguments. May I remind you I'm still empowered to kick your arse.
[BILL] You'd have to go back down there to that hospital and find it, then.
[NARDOLE] Look, Bill
[BILL] My arse got kicked a long time ago, and there's no going back. (she stands next to the Doctor) All I've got left is returning the favour.
[NARDOLE] Oh, great. So she's allowed to explode.
[DOCTOR] Are you sure?
[BILL] You know I am.
[NARDOLE] I don't know what to say.
[BILL] You'll think of the right words later.
[NARDOLE] Doctor. Bill. (starts to leave) You're wrong, you know. Quite wrong. I never will be able to find the words.

---------------------------------------

(Cellar)
[NARDOLE] Right, everyone. I need you to be big, I need you to be brave, and I need you to follow me.

---------------------------------------

(Clearing)
[MASTER] Right. Come on, then, hop in. Straight down. Tardis.
[MISSY] Come here.
[MASTER] I'm sorry?
[MISSY] Come here, I said.
[MASTER] Seriously? Are we really going to do this?
[MISSY] I loved being you. Every second of it. Oh, the way you burn like a sun. Like a whole screaming world on fire. I remember that feeling, and I always will. And I will always miss it.
[MASTER] Now that was really very nicely done.
[MISSY] Thank you.
[MASTER] It's good to know I haven't lost my touch.
[MISSY] You deserve my best.

---------------------------------------

(Farm)
[DOCTOR] Oh, they love to advertise. We have to keep them away from the house till everyone's clear. We've got to buy them time.

---------------------------------------

(Service duct)
[NARDOLE] All right back there? Hazran, keep them moving.

---------------------------------------

(Farm)
[BILL] They'll attack on both sides. I'll take the back, yeah?
[DOCTOR] Yeah. This is it, I'm afraid. So, if there's anything we ought to be saying?
[BILL] I can't think of anything. Can you?
[DOCTOR] (thinks) No.
[BILL] But, hey er, you know how I'm usually all about women and, and kind of people my own age.
[DOCTOR] Yeah?
[BILL] Glad you knew that.
[DOCTOR] Without hope. Without witness. Without reward.

---------------------------------------

(Clearing)
[MASTER] How long do I have?
[MISSY] Oh, I was precise. You'll be able to make it back to your Tardis, maybe even get a cuppa, although you might leak a little.
[MASTER] And then regenerate into you.
[MISSY] Welcome to the sisterhood.
[MASTER] Missy? Seriously, why?
[MISSY] Oh, because he's right. Because it's time to stand with him. It's where we've always been going, and it's happening now, today.It's time to stand with the Doctor.
[MASTER] No. Never. Missy! I will never stand with the Doctor!
[MISSY] Yes, my dear, you will.
[MASTER] Don't bother trying to regenerate. You got the full blast.
[MASTER] You see, Missy, this is where we've always been going. This is our perfect ending. We shoot ourselves in the back.
[NARDOLE] Okay, to the lifts. Floor 502. Squeeze as many in as you can, we only get one trip. They'll take years to get back here.
[HAZRAN] Come along.
[DOCTOR] Telos! Sealed you into your ice tombs! Voga! Canary Wharf! Planet 14! Every single time, you lose. Even on the Moon.
[DOCTOR] Ah! Hello. I'm the Doctor.
[CYBERMAN] Doctors are not required.
[DOCTOR] Argh! No, no. I'm not a doctor. I am the Doctor. The original, you might say.
[DOCTOR] Doctor. Doctor, let it go. Time enough.
[DOCTOR] Pity. No stars. I hoped there'd be stars.[Level 502](Nardole waits by a lift door on a new, identical farm, right down to the daffodils.)
[ALIT] They still might come, your friends.
[NARDOLE] No. No, I don't think so.
[ALIT] What about the Cybermen?
[NARDOLE] Well, the Doctor's destroyed most of them, so it'll take them a while to regroup, before they find us again.
[ALIT] And then what?
[NARDOLE] Well, I'm sure I'll think of something.
[GAZRON] Nardole, Alit! Hazran says the food's ready.
[NARDOLE] Right. Come on. Let's go and find the others.
[ALIT] You know Hazran?
[NARDOLE] Yes?
[ALIT] I think she likes you.
[NARDOLE] Well, she's only human.[Level 507](Now a charred post-apocalyptic wasteland with a few fires still burning. Cyber-Bill limps through the ashes and finds the Doctor, falls to her knees and touches him gently, weeping over him. A tear falls on his forehead. Then she stands and looks skywards as if screaming at the heavens. Rain begins to fall and a figure rises out of a very rapidly created pool of water.)
[BILL [memory]] Promise you won't go?
[HEATHER [memory]] Promise.
[BILL] Am I dead?
[HEATHER] Does that feel dead to you? You're like me now. It's just a different kind of living.
[BILL] How did you find me?
[HEATHER] I left you my tears, remember?
[BILL [memory]] I don't think they're mine.
[HEATHER] I know when you're crying them. Time to go.
[BILL] But the Doctor, we can't just leave him.
[HEATHER] Of course we can't. And we're not going to.
[BILL] I suppose this is the only place he'd rest in peace. If there's any place he'd do that.
[BILL] How can you fly the Tardis?
[HEATHER] I'm the Pilot. I can fly anything. Even you.
[BILL] So I'm like you now. I'm not human any more.
[HEATHER] I can make you human again. It's all just atoms. You can rearrange them any way you like. I can put you back home, you can make chips,and live your life, or you can come with me. It's up to you, Bill, but, before you make up your mind
[HEATHER] Let me show you around.
[BILL] Back in time for tea?
[HEATHER] If you want.
[BILL] You know what, old man? I'm never going to believe you're really dead. Because one day everyone's just going to need you too much.Until then. (kisses his cheek) It's a big universe, but I hope I see you again.
[BILL] Where there's tears, there's hope. (to Heather) Just one thing. I've been through a lot since the last time we met, so I'll show you around.
[BILL [memory]] Doctor! Doctor!
[NARDOLE [memory]] Doctor!
[ROSE] Doctor.
[MARTHA] Doctor.
[DONNA] Doctor.
[JACK] Doctor.
[VASTRA] Doctor.
[JENNY] Doctor.
[SARAH-JANE] Doctor.
[AMY] Doctor.
[CLARA] Doctor?
[RIVER] Doctor.
[MISSY] Doctor.
[DOCTOR] Sontarans perverting the course of human history! I don't want to go. When the Doctor, when the Doctor was me. When the Doctor was me. It's starting. I'm regenerating. No! No! No! No! No! No!
[DOCTOR] Where have you taken me? If you're trying to make a point, I'm not listening. I don't want to change again. Never again!I can't keep on being somebody else. Wherever it is, I'm staying.
[(He runs outside and the Cloister Bell sounds.) [Snowstorm]DOCTOR] No!
[DOCTOR] I will not change.
[1ST DOCTOR] I will not change. I will not! No, no, no, no. The whole thing's ridiculous.
[DOCTOR] Hello? Is someone there?
[1ST DOCTOR] Who is that?
[DOCTOR] I'm the Doctor.
[1ST DOCTOR] The Doctor. Oh, I don't think so. No, dear me, no. You may be a doctor, but I am the Doctor. The original, you might say.

---------------------------------------

(Level 502)
[ALIT] They still might come, your friends.
[NARDOLE] No. No, I don't think so.
[ALIT] What about the Cybermen?
[NARDOLE] Well, the Doctor's destroyed most of them, so it'll take them a while to regroup, before they find us again.
[ALIT] And then what?
[NARDOLE] Well, I'm sure I'll think of something.
[GAZRON] Nardole, Alit! Hazran says the food's ready.
[NARDOLE] Right. Come on. Let's go and find the others.
[ALIT] You know Hazran?
[NARDOLE] Yes?
[ALIT] I think she likes you.
[NARDOLE] Well, she's only human.

---------------------------------------

(Level 507)
[BILL [memory]] Promise you won't go?
[HEATHER [memory]] Promise.
[BILL] Am I dead?
[HEATHER] Does that feel dead to you? You're like me now. It's just a different kind of living.
[BILL] How did you find me?
[HEATHER] I left you my tears, remember?
[BILL [memory]] I don't think they're mine.
[HEATHER] I know when you're crying them. Time to go.
[BILL] But the Doctor, we can't just leave him.
[HEATHER] Of course we can't. And we're not going to.

---------------------------------------

(Tardis)
[BILL] I suppose this is the only place he'd rest in peace. If there's any place he'd do that.
[BILL] How can you fly the Tardis?
[HEATHER] I'm the Pilot. I can fly anything. Even you.
[BILL] So I'm like you now. I'm not human any more.
[HEATHER] I can make you human again. It's all just atoms. You can rearrange them any way you like. I can put you back home, you can make chips,and live your life, or you can come with me. It's up to you, Bill, but, before you make up your mind
[HEATHER] Let me show you around.
[BILL] Back in time for tea?
[HEATHER] If you want.
[BILL] You know what, old man? I'm never going to believe you're really dead. Because one day everyone's just going to need you too much.Until then. (kisses his cheek) It's a big universe, but I hope I see you again.
[BILL] Where there's tears, there's hope. (to Heather) Just one thing. I've been through a lot since the last time we met, so I'll show you around.
[BILL [memory]] Doctor! Doctor!
[NARDOLE [memory]] Doctor!
[ROSE] Doctor.
[MARTHA] Doctor.
[DONNA] Doctor.
[JACK] Doctor.
[VASTRA] Doctor.
[JENNY] Doctor.
[SARAH-JANE] Doctor.
[AMY] Doctor.
[CLARA] Doctor?
[RIVER] Doctor.
[MISSY] Doctor.
[DOCTOR] Sontarans perverting the course of human history! I don't want to go. When the Doctor, when the Doctor was me. When the Doctor was me. It's starting. I'm regenerating. No! No! No! No! No! No!
[DOCTOR] Where have you taken me? If you're trying to make a point, I'm not listening. I don't want to change again. Never again!I can't keep on being somebody else. Wherever it is, I'm staying.

---------------------------------------

(Snowstorm)
[DOCTOR] No!
[DOCTOR] I will not change.
[1ST DOCTOR] I will not change. I will not! No, no, no, no. The whole thing's ridiculous.
[DOCTOR] Hello? Is someone there?
[1ST DOCTOR] Who is that?
[DOCTOR] I'm the Doctor.
[1ST DOCTOR] The Doctor. Oh, I don't think so. No, dear me, no. You may be a doctor, but I am the Doctor. The original, you might say.
",2017-07-01,Doctor Who - The Doctor Falls
"Doctor Who (25 Dec 2017; Twelfth Doctor) - Twice Upon A Time

(Tardis)
[DOCTOR 1] Quite an Arctic storm blowing out there. Hmm! Come along, Polly, my child, with my cloak.
[POLLY] Hey, Doctor, you've got the most fantastic wardrobe.
[DOCTOR 1] Yes. We don't know what we're in for outside there. Pretty soon we shall be having visitors.

---------------------------------------

(Tracking station)
[POLLY] You're different. You've got no feelings.
[KRAIL] I do not understand that word.
[DOCTOR 1] Emotions. Love, pride, hate, fear.
[DOCTOR 1] Have you no emotions, sir?
[POLLY] What's happened to you, Doctor?
[DOCTOR 1] I guess this old body of mine is wearing a bit thin.

---------------------------------------

(Cyberman ship)
[BEN] Doctor! Wakey, wakey, it's all over now.
[DOCTOR 1] No. It isn't all over. It's far from being all over.
[BEN] What are you talking about?
[DOCTOR 1] I must get back to the Tardis.

---------------------------------------

(Antarctica)
[DOCTOR 1] I can't go through with it. I will fight it. I will not change.
[DOCTOR [OC]] Hello? Is someone there? Hello?
[DOCTOR 1] Who is that?
[DOCTOR] I'm the Doctor.
[DOCTOR 1] Oh, I don't think so. No. Dear me, no. You may be a Doctor, but I am the Doctor. The original, you might say.
[DOCTOR] You. How can it be you?
[DOCTOR 1] Do I know you, sir?
[DOCTOR] This is the South Pole. We're at the South Pole.
[DOCTOR 1] Of course we are. Don't you know that?
[DOCTOR] This is where it happened.
[DOCTOR 1] Where what happened?
[DOCTOR] This is it. The very first time that I, well, you, we regenerated. You're mid-regeneration, aren't you? Your face, it's all over the place, but you're trying to hold it back.
[DOCTOR 1] What do you know of regeneration? Are you a Time Lord?
[DOCTOR] You know who I am. You must.
[DOCTOR 1] Hmm. Have you come to take the ship back?
[DOCTOR] The ship. You still call it a ship.
[DOCTOR 1] Oh dear, what have you done to it?
[DOCTOR] Nothing.
[DOCTOR 1] (walking around the Tardis) The windows.
[DOCTOR] I don't remember this.
[DOCTOR 1] They're the wrong size. The colour.
[DOCTOR] I don't remember trying not to change.
[DOCTOR 1] I'm sure it's changed.
[DOCTOR] Not back then.
[DOCTOR 1] Look at it. It seems to have expanded.
[DOCTOR] Well, it's all those years of bigger on the inside, You try sucking your tummy in that long. Why are you trying not to regenerate?
[DOCTOR 1] I have the courage and the right to live and die as myself.
[DOCTOR] Too late, it's started. A few minutes ago, you were weak as a kitten, right? Now you're fine. We're in a stateof grace, both of us, but it won't last long. We have a choice. Either we change and go on, or we die as we are.But if you, if you die here, if your future never happens, if you don't do the things that you are supposed to do, the consequences could be...
[DOCTOR] The snow.
[DOCTOR 1] The snow?
[DOCTOR] Look at it!
[DOCTOR 1] How extraordinary.
[DOCTOR] Everything's stopped. But why? Maybe it's us, maybe it's something else, but somehow, something has gone very wrong with Time.
[CAPTAIN] Hello?
[CAPTAIN] Sorry. So sorry. I don't suppose either of you is a doctor?
[DOCTOR] You trying to be funny?

---------------------------------------

(Ypres 1914)
[CAPTAIN] There's something I should like to say. That is, there is something I should very much like you to understand.I do not have the slightest desire to kill you. The only reason I would do so is self-defence.However, since you are aware I might kill you in self-defence, there is the strong possibility you will kill me in self-defence.Does rather make me wish you understood English.
[GERMAN SOLDIER] Lass mich einfach hier. Ich will dich nicht toten. Bitte geh.
[CAPTAIN] Or that I spoke German. War is hell, eh?
[FEMALE VOICE] Timeline error. There is a timeline error. Timeline error. There is a timeline error.

---------------------------------------

(Antarctica)
[DOCTOR [OC]] Everything's stopped.
[DOCTOR 1 [OC]] But why?
[DOCTOR [OC]] Maybe it's us, maybe it's something else, but somehow, something has gone very wrong with Time.
[CAPTAIN] Hello? Sorry. So sorry. I don't suppose either of you is a doctor?
[DOCTOR] Are you trying to be funny?
[CAPTAIN] She's coming. She's coming. It's her.
[DOCTOR 1] Not human, I think. State your planet of origin and your intentions. This is Earth, a level five civilisation.
[DOCTOR] And it is protected.
[DOCTOR 1] It's what?
[DOCTOR 1] Protected by whom?
[DOCTOR] Oh, it is early days, isn't it?
[DOCTOR 1] (to the Captain) May I suggest, for your own safety, you step onboard my ship?
[CAPTAIN] What ship?
[DOCTOR] He means, get inside the box.
[DOCTOR 1] A little snug from this angle

---------------------------------------

(Tardis)
[DOCTOR 1] But you might be in for a sur... My Tardis. Look at my Tardis!
[CAPTAIN] This is impossible!
[DOCTOR 1] Have I been burgled?
[CAPTAIN] It's... but it's...
[DOCTOR 1] It's hideous!
[CAPTAIN] Bigger on the inside than it is on the outside.
[DOCTOR] You know, I thought it probably was. I'm glad it's not just me.
[CAPTAIN] What is this place?
[DOCTOR 1] This place is, or ought to be, my Tardis.
[DOCTOR] Technically, that is your Tardis. It's about seventy feet that way, see? Always remember where you parked. It's going to come up a lot.
[CAPTAIN] Is this madness? Am I going mad?
[DOCTOR] Madness? Well, you're an officer from World War One at the South Pole, being pursued by an alien through frozen time. Madness was never this good.
[CAPTAIN] World War One?
[DOCTOR] Judging by the uniform, yes.
[CAPTAIN] Yes, but what do you mean, one?
[DOCTOR] Oh, sorry. Spoilers.
[DOCTOR 1] Enough of this! Who are you?
[DOCTOR] Er, you know who I am. You knew the moment you saw me. I'd say stop being an idiot, but I kind of know what's coming.
[DOCTOR 1] I assure you, I do not have the faintest idea who you are.
[DOCTOR] Well, I know who you are.
[CAPTAIN] (holding a video tape) Is anyone going to explain what's going on?
[DOCTOR] Snap.
[DOCTOR 1] You are me? No. No.
[DOCTOR] Yes. Yes, I'm very much afraid so.
[DOCTOR 1] Do I become you?
[DOCTOR] Well, there's a few false starts, but you get there in the end.
[DOCTOR 1] But I thought
[DOCTOR] What?
[DOCTOR 1] Well, I assumed I'd get er, younger.
[DOCTOR] I am younger!
[CAPTAIN] You know, I really don't think I'm completely following. Oh. Oh dear.
[DOCTOR 1] Oh, you're in shock. Let me help you. Er, brandy. Get him brandy. Do you have any? I had some somewhere.
[DOCTOR] Hang on.
[DOCTOR 1] Sit down here, my boy. Collect your wits.
[CAPTAIN] Who are you people?
[DOCTOR 1] I am the Doctor, and this is my
[DOCTOR] It's complicated. Actually, I am also
[DOCTOR 1] My nurse.
[DOCTOR] Excuse me?
[DOCTOR 1] I realise that seems a little improbable.
[DOCTOR] Well, yes.
[DOCTOR 1] Because he's a man.
[DOCTOR] What?
[DOCTOR 1] Older gentlemen, like women, can be put to use.
[DOCTOR] You can't, you, you, you can't say things like that.
[DOCTOR 1] Can't I? Says who?
[DOCTOR] Just about everyone you're going to meet for the rest of your life. Here.
[DOCTOR 1] Have you had some of this?
[DOCTOR] Well, you know, I may have snuck a glass at some point in the last fifteen hundred years. It's been rock and roll.
[DOCTOR 1] There you are, get this down you. You'll feel a lot better.
[CAPTAIN] Thank you, yes.
[DOCTOR 1] I er, I don't understand any of this.
[DOCTOR] Well of course you understand. I am your future self.
[DOCTOR 1] Are you indeed. And I suppose this is meant to be my Tardis?
[DOCTOR] Our Tardis.
[DOCTOR 1] What's wrong with the lights?
[DOCTOR] It's supposed to be like this.
[DOCTOR 1] Why?
[DOCTOR] It, it's atmospheric.
[DOCTOR 1] Atmospheric? This is the flight deck of the most powerful space-time machine in the known universe, not a restaurant for the French. Good Lord, what is that?
[DOCTOR] Oh, look what someone has accidentally left here.
[CAPTAIN] I say, it's some sort of guitar, isn't it?
[DOCTOR] Oh, is it yours?
[CAPTAIN] No.
[DOCTOR 1] It appears to have been played quite recently. It's the only thing here that's been cleaned. Yes, in fact this whole place could do with a good dusting.Obviously Polly isn't around any more.
[DOCTOR] Please, please. Please stop saying things like that.
[DOCTOR] I can't get the engines to start. There's some kind of signal blocking the command path.
[FEMALE VOICE [OC]] Exit your capsule. The Chamber of the Dead awaits you.
[DOCTOR] I'll fix the engines while you keep her talking. Fields up.

---------------------------------------

(Chamber of the Dead)
[FEMALE VOICE [OC]] Look around you. You stand in the Chamber of the Dead.
[FEMALE VOICE [OC]] You are known to all here, for you are the Doctor of War.
[DOCTOR 1] The Doctor, yes. But the Doctor of War? Never, ma'am, never.
[FEMALE VOICE [OC]] We offer you a gift. Return to us the human on your Tardis and in exchange, you may speak with her again.
[DOCTOR 1] Speak with whom?
[DOCTOR 1] Young lady, who are you?
[BILL] Is he here? Is the Doctor here?
[BILL] Doctor! (they hug) I knew it! I did, I knew it. I knew you couldn't be dead, you don't have the concentration. Doctor? What are you doing?
[DOCTOR] Just keep still, please. Bill Potts.
[BILL] Yeah.
[DOCTOR] My friend Bill Potts was turned into a Cyberman. She gave her life so that people she barely knew could live. So, let's be clear. Nobody imitates Bill Potts. Nobody mocks Bill Potts.
[BILL] Bill Potts is standing right in front of you.
[DOCTOR] How is that even possible?
[BILL] Well, long story short. I totally pulled.
[DOCTOR 1] You, you did what?
[BILL] Heather. Do you remember, the girl in the puddle? Well, she showed up. She came for me.
[DOCTOR] How romantic. Where is she?
[BILL] Well, she's. She's.
[DOCTOR] And how did you get here?
[BILL] I don't... I, I can't
[DOCTOR] You can't remember. No, I bet you can't. (He scans her again.)
[DOCTOR 1] That device. What is it?
[DOCTOR] It's a sonic screwdriver.
[DOCTOR 1] A, a what screwdriver?
[DOCTOR] It's really a very good job.
[DOCTOR 1] An audio screwdriver?
[DOCTOR] There are only three low-key markers indicating that she's a duplicate.
[BILL] I'm not a duplicate!
[DOCTOR] So, who has been stealing the faces of the dead?
[DOCTOR 1] Time travel technology, eh? Obviously.
[DOCTOR] From the far future.
[DOCTOR 1] I know. Sunglasses?
[DOCTOR] They're sonic.
[DOCTOR 1] Indoors?
[DOCTOR] So, what are you?
[GLASS WOMAN] We are what awaits at the end of every life. As every living soul dies, so we will appear. We take from you what we needand return you to the moment of your death. We are Testimony.
[DOCTOR] You come from the distant future. You travel back in time, find people at the exact point of death, and what, you harvest something from them?
[GLASS WOMAN] Yes.
[DOCTOR] On behalf of the dying, what is it that we have that the future needs so badly?
[DOCTOR 1] And what has any of this to do with a War World One Captain landing at the South Pole in the wrong decade?
[GLASS WOMAN] We were returning him to the appointed time and place of his death. An error in the timeline ejected him into the wrong time zone. Now his death must proceed as history demands.
[DOCTOR 1] If I may.
[DOCTOR 1] Who were you?
[DOCTOR] She wasn't anyone.
[DOCTOR] She's a computer-generated interface, connected to a multiform, inter-phasing data-bank.
[DOCTOR 1] Oh, for heaven's sake, will you put that ridiculous buzzing toy away and look at the woman! You see? Her face, it's very slightly asymmetrical. If it were computer generated, it wouldn't produce that effect.
[DOCTOR] Yes. You're absolutely right. I should have noticed that.
[DOCTOR 1] Well, it might help if you could see properly.
[CAPTAIN] Er, excuse me! Doctor?
[DOCTOR] Get back inside.
[CAPTAIN] I'm not quite sure, but it seemed to me that this young lady's life was being offered in exchange for my own. As it happens, I think my number is pretty much up anyway.
[BILL] What are you talking about? Doctor, what's he talking about?
[CAPTAIN] So, might as well make it count for something, eh? I should be happy to take your place, if that would resolve this situation.
[GLASS WOMAN] Accepted.
[BILL] That is, that is not happening. That's totally not happening. Agreed?
[DOCTOR] Tell me what to do, then. Bill Potts would tell me what to do.
[BILL] Do what you always do. Serve at the pleasure of the human race.
[DOCTOR] Here's what's going to happen. First, I'm going to escape. You, with me.
[DOCTOR 1] Where are we going?
[GLASS WOMAN] Escape is not possible.
[DOCTOR] It is possible, and it is happening, and I'm taking Bill and the Captain with me.
[DOCTOR 1] Why are you advertising your intentions? Can't you stop boasting for a moment?
[DOCTOR] Mister Pastry, too. I could do with a laugh.
[GLASS WOMAN] Escape is not possible.
[DOCTOR] Oh, I'm going to do way more than escape. I'm going to find out who you are and what you're doing, and if I don't like it, I will come backand I will stop you. I will stop all of you!
[DOCTOR 1] Who the hell do you think you are?
[DOCTOR] The Doctor.
[DOCTOR 1] I am the Doctor. Who you are, I cannot begin to imagine.
[GLASS WOMAN] Then let us show you, Doctor. See who you will become.
[DAVROS] Doctor!
[DALEK] Exterminate!
[CYBERMAN] You will be assimilated.
[DOCTOR] No, no, that's not a good idea.
[DOCTOR 10 [OC]] They all died.
[GLASS WOMAN] The Doctor has walked in blood through all of time and space. The Doctor has many names.
[DAVROS [OC]] The Destroyer of Worlds.
[GLASS WOMAN] The Imp of the Pandorica. The Shadow of the Valeyard. The Beast of Trenzalore. The Butcher of Skull Moon. The Last Tree of Garsennon. The Destroyer of Skaro.He is the Doctor of War.
[DOCTOR 1] What, what was that?
[DOCTOR] To be fair, they cut out all the jokes. Do what I do when I do it.
[DOCTOR] Jump!
[GLASS WOMAN] They are not escaping.

---------------------------------------

(Antarctica)
[DOCTOR] Jump!
[BILL] What do we do now?
[DOCTOR] Run!
[BILL] Where? They've got the Tardis.
[DOCTOR] Yes, that's exactly what they're supposed to think.
[BILL] But they do though. Look.
[DOCTOR] They've got my Tardis. Over to you, Mary Berry.
[DOCTOR 1] Come on.
[BILL] Doctor, is that another Tardis?
[DOCTOR] No. No. It's another of the same Tardis.
[BILL] Hang on, the windows are the wrong size.
[DOCTOR] Inside, quickly!

---------------------------------------

(Console room)
[DOCTOR] Take off, now! Deep space, anywhere.
[CAPTAIN] I tell you what. These police boxes, they're ever so good, aren't they?
[DOCTOR 1] The navigation systems don't function properly. I'm unable to programme our flight with any accuracy. So, my dear, I presume you travel with him.
[BILL] Used to. Kind of miss it.
[DOCTOR 1] Well, he clearly misses you. That ship of his is in dire need of a good spring clean.
[DOCTOR] No, no, no, stop, stop, stop talking. Look, look, look. Oh, look at the, look at the astral map. Look at all the lovely blinking lights. Look at that.
[BILL] He's you. He is, isn't he? He's you. He's one of your old faces.
[CAPTAIN] I'm find I'm lagging behind a tiny bit again. You
[DOCTOR 1] Not those again. I forbid it!
[DOCTOR 1] I said that.
[DOCTOR] Same difference.
[DOCTOR] If her face was based on a human original, perhaps identifying who that was will tell us what we need to know about Testimony.
[DOCTOR 1] Why am I wearing these?
[DOCTOR] Because I love it. Never take those off.
[DOCTOR 1] What's browser history?
[DOCTOR] I'm trying to match her face in the Tardis data bank, but there's hardly anything in it yet. We need a bigger database. Possibly the Matrix on Gallifrey. No. We need something bigger than the Matrix.

---------------------------------------

(Chamber of the Dead)
[BILL [on screen]] Basically.
[CAPTAIN [on screen]] A striking looking creature.

---------------------------------------

(Console room)
[CAPTAIN] Quite beautiful, really, isn't she?
[DOCTOR 1] Well, aren't all ladies made of glass, in a way? (laughs)
[CAPTAIN] (laughs) Very good, sir, very good.
[BILL] Are we now?
[DOCTOR 1] Oh, my dear. I hope it doesn't offend you to know that I have some experience of the er, fairer sex.
[BILL] Me too.
[CAPTAIN] Good Lord.
[BILL] Where are we?
[DOCTOR 1] But you steered the ship, you piloted her perfectly. We are at the very centre of the universe.
[DOCTOR] Out there is the most comprehensive database of all life anywhere. There is just one little problem.
[BILL] Which is?
[DOCTOR] It wants to kill me.

---------------------------------------

(Villengard)
[DOCTOR] The Weapon Forges of Villengard. Once the nightmare of the seven galaxies, now home to the dispossessed.
[CAPTAIN] I say, I think there's something moving over here.
[DOCTOR 1] Step away, please.
[CAPTAIN] Probably just rats. I'm used to rats.
[DOCTOR] Deep breaths, deep breaths. Just breathe, Captain, you'll be fine.
[DOCTOR 1] That creature, it looked familiar.
[DOCTOR] It's mutated a bit, but yes, I should think it did.
[DOCTOR 1] Come along, my dear chap. You'll be fine.
[DOCTOR] Get him into the Tardis.
[BILL] What are those things?
[DOCTOR] What we came here for. The biggest database in the galaxy. They'll settle down in a moment.
[BILL] So, do we talk to them, ask them questions? How does it work?
[DOCTOR] We don't do anything. I do.
[BILL] Oh no, no, no, no, no, no!
[DOCTOR] You're going to wait in the Tardis.
[BILL] Why?
[DOCTOR] Because you need to look after the Captain.
[BILL] You're lying. You think I'm a duplicate, a trick.
[DOCTOR] I don't know what I think. But if there's the slightest chance that Bill Potts is alive and standing in front of me, then I will not,under any circumstances, put her life in danger again.
[BILL] Seriously. You're looking right at me and you don't even know I'm here.
[DOCTOR] Correct. I ask you to respect that, and respect me.
[BILL] You're an arse. Do you know that? You, you, you, you're a stupid bloody arse.
[DOCTOR] As I have always respected you.
[DOCTOR 1] If I hear any more language like that from you, young lady, you're in for a jolly good smacked bottom.
[DOCTOR] Can we just pretend that that never happened?
[BILL] I'm a broad-minded girl. I mean, I know we have this whole professor - student thing going on.
[DOCTOR] Can we just never, ever talk about this again?
[BILL] I hope we talk about it loads. I hope we spend years laughing about it. Come back alive.
[DOCTOR] Be here when I do.

---------------------------------------

(Console room)
[DOCTOR 1] Perhaps another nip of brandy?
[DOCTOR 1] Hmm. So that's where it went.
[BILL] I'll look after him.
[DOCTOR 1] Good girl, quite right. Now, young lady, I don't want to have to repeat myself.
[BILL] I don't think any of us want that.
[DOCTOR 1] I'll see you both presently.
[BILL] Brandy?
[CAPTAIN] Please.

---------------------------------------

(Villengard)
[DOCTOR 1] These creatures. What are they?
[DOCTOR] Old friends of ours, but they've really come out of their shell.
[DOCTOR 1] Out of their shell?
[DOCTOR 1] Are you all right?
[DOCTOR] I'll be, I'll be fine in a moment.
[DOCTOR 1] What's the matter?
[DOCTOR] I died a few hours ago, then I refused to regenerate. It catches up with you. You know, it's like a big lunch.
[DOCTOR 1] I did exactly the same.
[DOCTOR] I know you did. But why? I don't remember this. Why are you refusing the regeneration?
[DOCTOR 1] Fear. I'm afraid. Very, very afraid. I don't normally admit that to anyone else.
[DOCTOR] Don't worry. Technically, you still haven't.
[DOCTOR 1] Why are you?
[DOCTOR 1] There's something in that tower!
[DOCTOR] Must be my friend.
[DOCTOR 1] Why do you call him your friend?
[DOCTOR] He's got a great big gun. Are you suggesting I insult him? (runs into a beam of light) Just scan me. Go on, scan me.Because I've got big news for you. I'm dying.
[DOCTOR] You see, it's true. Dying. Now, be honest with yourself. Wouldn't you like to see that up close?
[DOCTOR] Come on. Up and at 'em, Corporal Jones.

---------------------------------------

(Console room)
[CAPTAIN] Funny thing. I wasn't afraid in the crater. One doesn't want to die, of course, but one gets in a certain frame of mind,one pulls oneself together, and gets on with the matter in hand. Big shock for everyone back in Cromer, of course.
[BILL [OC]] You have family?
[CAPTAIN] My wife will miss me. That's perfectly natural. But she's a solid woman, remarkably solid, and my boys. Well, sons are supposed to move on from their fathers. It's the proper way.
[BILL [OC]] Of course.
[CAPTAIN] Trouble is, I thought I'd been rescued. It felt rather like a miracle, in fact. But I do have this feeling they're going to put me back. Back in that crater in time to die. And you see, I'm not ready any more. I've lost the idea of it. That's the trouble with hope. Makes one awfully frightened. (laughs) I must sound like the most dreadful coward.

---------------------------------------

(Villengard)
[DOCTOR] Okay, I'd better go up alone.
[DOCTOR 1] I won't hear of it.
[DOCTOR] That thing up there won't miss the chance to kill me twice. The paradox would rip the universe apart, and you know how much hard work itis putting it back together again. You keep a lookout down here.
[DOCTOR 1] Oh, if you insist.

---------------------------------------

(Tower)
[DOCTOR] You know what? You're a bit of a legend these days, but not everyone believes it. People don't think that it could happen. That someone like you could turn against your own kind, because your kind don't do that.

---------------------------------------

(Villengard)
[DOCTOR 1] Out of their shells.

---------------------------------------

(Tower)
[DOCTOR] Because people don't believe there could be any such thing as a good Dalek.
[RUSTY] I am not a good Dalek. You are a good Dalek.

---------------------------------------

(Villengard)
[DOCTOR 1] Oh. Hello, my dear.

---------------------------------------

(Tower)
[DOCTOR] Now, Rusty, you know that I'm dying, and if you don't want me to go off and die somewhere else where you can't watch, you're going to have to stop shooting at me.
[RUSTY] I agree to your terms.
[DOCTOR] Well, I'm going to need some proof.
[DOCTOR] You know what? You are the very first Dalek that ever got naked for me.

---------------------------------------

(Villengard)
[BILL] You're the first one, yeah? Like, the original version of the Doctor.
[DOCTOR 1] My dear, you should get back to the ship. This place isn't safe.
[BILL] You're the one who stole the Tardis and ran away.
[DOCTOR 1] The Captain might be needing you.
[BILL] Nah, the Captain's fine. Why did you do it?
[DOCTOR 1] Oh, I'm sure your Doctor has explained.
[BILL] I'm not even sure he remembers.
[DOCTOR 1] There were many pressing reasons.
[BILL] I don't mean what you ran away from. What were you running to?
[DOCTOR 1] That's rather a good question.
[BILL] Questions are kind of my thing. How are you with answers?

---------------------------------------

(Tower)
[DOCTOR] It's been a long time. Remember the good old days, when I got miniaturised and I climbed around inside you?
[RUSTY] You taught me to hate the Daleks.
[DOCTOR] Billions of years ago. What have you been up to since then?
[RUSTY] Destroying Daleks.
[DOCTOR] Yes, all the ones who come here to murder you. Yes, I saw the mess outside.
[RUSTY] Why are you here?
[DOCTOR] As a Dalek, you are linked in to the Dalek hive mind. All Daleks are. Biggest database I know. I'd like to access it.
[RUSTY] Why would I help you?
[DOCTOR] Because helping me, in any way, does something wonderful. It hurts the Daleks.

---------------------------------------

(Villengard)
[DOCTOR 1] There is good and there is evil. I left Gallifrey to answer a question of my own.By any analysis, evil should always win. Good is not a practical survival strategy. It requires loyalty, self-sacrifice and er, love. So, why does good prevail? What keeps the balance between good and evil in this appalling universe? Is there some kind of logic?Some mysterious force?
[BILL] Perhaps there's just a bloke.
[DOCTOR 1] A bloke?
[BILL] Yeah. Perhaps there's just some bloke, wandering around, putting everything right when it goes wrong.
[DOCTOR 1] Well, that would be a nice story, wouldn't it?
[BILL] That would be the best.
[DOCTOR 1] But the real world is not a fairy tale.
[BILL] You dash around the universe trying to figure out what's holding it all together, and you really, really don't know?
[DOCTOR 1] You know me in the future. Do I ever understand?
[BILL] No. I really don't think you do. Everyone who's ever met you does. You're amazing, Doctor. (hugs him) Never forget that. Never, ever.
[DOCTOR 1] Well, that's very kind of you.
[BILL] We just needed to understand you, Doctor.

---------------------------------------

(Tower)
[DOCTOR] Professor Helen Clay, University Of New Earth, year five billion and twelve. There's footage. Can you run it?

---------------------------------------

(Villengard)
[DOCTOR 1] A spy. A spy in the camp.
[BILL] No, not a spy. I'm Bill Potts, but I'm part of Testimony now.

---------------------------------------

(Tower)
[HELEN [projection]] The Testimony Foundation combines the resources of time travel, with the latest in memory extraction techniques. The near-dead can be lifted momentarily from their time streams, their memories duplicated, and then their physical selves returnedto the moment of their dissolution without pain, distress or any recall of the process. Now the dead can speak again. We can hear the testimony of the past, and channelled through our glass avatars, they can walk among us again. This is Heaven on New Earth.
[DOCTOR] Oh, it's not an evil plan. I don't really know what to do when it isn't an evil plan. Why did you stop it? Rusty?
[DOCTOR 1] He didn't stop it. They've frozen Time again.
[DOCTOR] Who has?
[GLASS WOMAN] Not everything's evil, Doctor.
[BILL] You're not the only kind one in the universe.
[DOCTOR] I knew you weren't real.
[BILL] Oh, shut up and stop being so stupid. Of course I'm real. What is anyone supposed to be except a bunch of memories? These are my memories, so this is me. I'm Bill Potts, and I'm back, and so long as I'm here, what the hell do you mean, you're not going to regenerate?
[DOCTOR] There has to be an end, Bill, for everyone, everywhere.
[BILL] What about the Captain? You know he has to die at his allotted point in time and space to correct the error.
[DOCTOR] I'm so tired of losing people. If the Captain has to die, a request. This was our fault.
[DOCTOR 1] How so?
[DOCTOR] Let us take him back.
[DOCTOR 1 [OC]] How was this our fault?
[DOCTOR [OC]] You and me tried to die twice in the same lifetime. Our lives are woven throughout time and space. We caused the timeline error that put the Captain in the wrong place. We created a whirlpool in time that landed him at our feet.
[DOCTOR 1 [OC]] But why him? What's so important about one Captain?
[DOCTOR [OC]] Everybody's important to somebody, somewhere.

---------------------------------------

(Tardis)
[DOCTOR] Are you all right?
[CAPTAIN] Yes, fine, absolutely. Just thinking. I told the wife I'd be home for Christmas. Funny how things work out.

---------------------------------------

(Ypres 1914)
[CAPTAIN] Thank you. Thank you all. You've all been most gracious in the unfortunate circumstances.
[DOCTOR 1] I regret, Captain, that the universe generally fails to be a fairy tale.
[GLASS WOMAN] When time resumes, you will not remember this. A perception filter will also render us invisible.
[CAPTAIN] Yes. One imagines some of those words were attached to actual meanings of some sort. One thing you could possibly do for me, if you were very kind?
[DOCTOR] Oh, anything. Name it.
[CAPTAIN] My family. Perhaps you could look in on them, from time to time?
[DOCTOR 1] We should be delighted. What's the name?
[CAPTAIN] Lethbridge-Stewart. Captain Archibald Hamish Lethbridge-Stewart.
[DOCTOR 1] I shall make it my business.
[DOCTOR] You can trust him on that.
[CAPTAIN] Thank you so much. I believe I am now ready.
[GERMAN SOLDIER] Das ist verruckt. Ich will dir nicht wehtun.
[CAPTAIN] 
[GERMANS] â« Stille Nacht, heilige Nacht. Alles schlaft, einsam wacht. â«
[CAPTAIN] I say, is that singing?
[GERMANS] â« hochheilige Paar Holder Knabe im lockigen Haar. Schlaf in himmlischer Ruh! Schlaf in himmlischer â«
[CAPTAIN] Is that Christmas carols?
[BRITISH] â« Silent night, holy night. All is calm, all is bright. Round yon Virgin Mother and Child. â«
[CAPTAIN] You know, I could swear it's coming from both sides.
[DOCTOR] If I've got my timings right, and clearly I have, then we should be right at the beginning.
[DOCTOR] I adjusted the time frame, only by a couple of hours. Any other day it wouldn't make any difference, but this is Christmas 1914, and a human miracle is about to happen. The Christmas Armistice.
[CAPTAIN] Wounded man here!
[CAPTAIN] Wounded man here! Wounded man!
[DOCTOR] It never happened again, any war, anywhere.
[CAPTAIN] I say, wounded man here. Wounded man!
[DOCTOR] But for one day, one Christmas, a very long time ago, everyone just put down their weapons, and started to sing. Everybody just stopped. Everyone was just kind.
[DOCTOR 1] You've saved him.
[DOCTOR] Both of them. Never hurts, a couple fewer dead people on the battlefield.
[DOCTOR 1] So that's what it means to be a doctor of war.
[DOCTOR] You were right, you know. The universe generally fails to be a fairy tale. But that's where we come in.
[SOLDIERS] â« For auld lang syne, my dear. For auld lang syne. We'll take a cup of kindness yet, for auld lang syne. For auld lang syne, my dear. For auld lang syne. We'll take a cup of kindness yet, For auld lang syne. â«
[DOCTOR 1] I think I'm ready now. But I should like to know, are you?
[DOCTOR] You'll find out. The long way round.
[DOCTOR 1] Whatever you decide, good luck, Doctor.
[DOCTOR] Goodbye, Doctor.

---------------------------------------

(Console room)
[DOCTOR 1] Well then, here we go. The long way round.

---------------------------------------

(Ypres 1914)
[BILL] Are you okay?
[DOCTOR] Shall we go for one last stroll, Miss Potts?
[BILL] Do you know what the hardest thing about knowing you was?
[DOCTOR] My superior intelligence. My dazzling charisma. Oh! My impeccable dress sense.
[BILL] Letting you go. Letting go of the Doctor is so, so hard, isn't it?
[DOCTOR] You see, that's, that's, that's not the sort of thing the real Bill Potts would say.
[BILL] I am the real Bill! A life is just memories. I'm all her memories, so I'm her.
[DOCTOR] If you say so.
[BILL] Okay, I'm going to prove to you how important memories are. I've got a little goodbye present for you.
[DOCTOR] Oh, that's nice. Will I have to pretend I like it? Because honestly, that rug
[BILL] Oh, come here, you. (kiss on cheek)
[CLARA] Merry Christmas, Doctor.
[DOCTOR] Clara.
[CLARA] Hello, you stupid old man.
[DOCTOR] You're back. You're in my head. All my memories are back.
[CLARA] And don't go forgetting me again, because, quite frankly, that was offensive.
[BILL] Memories. Important, right?
[NARDOLE] I know what you're thinking. Where is he? Hello, sir.
[DOCTOR] When you're already dying, you're entitled to think that your day couldn't get any worse, but here you are. And both of you are here. How does that work?
[BILL] We can be everyone. We are everyone.
[NARDOLE] Yeah, it's good this, innit? Now I'm all made of glass, not just my nipples. Yeah, but they got my hair a bit wrong though, didn't they?
[BILL] You don't have any hair!
[NARDOLE] I have invisible hair. Got a suggestion for you, then.
[DOCTOR] Oh, there's a novelty.
[NARDOLE] Don't die. Because if you do, I think everybody in the universe might just go cold.
[DOCTOR] Can't I ever have peace? Can't I rest?
[BILL] Of course you can.
[NARDOLE] It's your choice.
[BILL] Only yours.
[NARDOLE] We understand.
[DOCTOR] No. No, you don't. You're not even really here. You're just memories held in glass. Do you know how many of you I could fill? I would shatter you. My testimony would shatter all of you. A life this long, do you understand what it is? It's a battlefield, like this one, and it's empty. Because everyone else has fallen. Thank you. Thank you both, for everything that you were to me. What happens now, where I go now, it has be alone.
[NARDOLE] Cuddle.
[DOCTOR] Time to leave the battlefield.

---------------------------------------

(Tardis)
[DOCTOR] Oh, there it is. The silly old universe. The more I save it, the more it needs saving. It's a treadmill.
[DOCTOR] Yes, yes, I know. They'll get it all wrong without me. I suppose one more lifetime wouldn't kill anyone. Well, except me.
[DOCTOR] You wait a moment, Doctor. Let's get it right. I've got a few things to say to you. Basic stuff first. Never be cruel, never be cowardly, and never, ever eat pears! Remember, hate is always foolish. and love is always wise. Always try to be nice, but never fail to be kind. Oh, and you mustn't tell anyone your name. No one would understand it, anyway. Except, ah! (collapses) Except children. Children can hear it sometimes. If their hearts are in the right place, and the stars are too, children can hear your name. Argh! But nobody else. Nobody else, ever. Laugh hard, run fast, be kind. Doctor, I let you go.
[DOCTOR 13] Oh, brilliant!
",2017-12-25,Doctor Who - Twice Upon A Time
"Doctor Who (22 Apr 2017    ; Twelfth Doctor) - Smile

(Wheat field)
[GOODTHING [OC]] Kezzia, where are you?
[KEZZIA] Hey, Goodthing. I'm coming back in.
[GOODTHING [OC]] Kezzia, don't come in just yet.
[KEZZIA] I've been out since second sunrise. I'm hungry. Round them up, big fella.
[GOODTHING [OC]] Kezzia, please don't come in. We're having a little tiny Vardy problem.
[KEZZIA] Me and my Vardies have just pollinated three miles of wheat.
[GOODTHING [OC]] You've got to keep smiling.
[KEZZIA] Got to what?

---------------------------------------

(City)
[GOODTHING] It's the Vardies.
[KEZZIA] God, what's wrong with you? Is that smile supposed to look real? It's like you're standing in a wind tunnel.
[GOODTHING] Okay, big smiles now. Brace yourself! Mum is dead.
[KEZZIA] Sorry?
[GOODTHING] Smile, smile, smile!
[KEZZIA] That's not even funny.
[GOODTHING] No, it's not a joke. Mum is dead.
[GOODTHING] Mum is dead. And Hopeful, she's dead too. And her friend Sunshine, she's dead. And Eliza. And quite a few other people are dead.
[KEZZIA] (Crying emoji) Why are you saying this? You can't say things like that, grinning like an idiot.
[GOODTHING] Smile, really. Try. If you don't. I shouldn't have told you.
[GOODTHING] Please smile. Oh, you're on two tears now.
[KEZZIA] Is it hugging me? Who programmed that?
[GOODTHING] Please, give her a moment! She'll be happy in a moment! Kezzia!
[GOODTHING] No. Look, I'm smiling. Smiling!

---------------------------------------

(Wheat field)
[BILL] Which way is Earth?
[DOCTOR] Ah, space is bent. Earth is any way you choose to look. Why, you thinking about leaving?
[BILL] Thinking? I'm not thinking. My brain's overloading. Why a phone box?
[DOCTOR] I told you.
[BILL] Yeah, well, I get that it's a cloaking device, but why keep it that shape? Why do you like it?
[DOCTOR] Who said I like it?
[BILL] You kept it.
[DOCTOR] Come along.

---------------------------------------

(City)
[DOCTOR] This is one of the Earth's first colonies. They say the settlers have cracked the secret of human happiness.
[BILL] One question. Little fella said you made an oath? You're not supposed to leave the planet.
[DOCTOR] Okay, I suppose I owe you an explanation. A long time ago, a thing happened. As a result of the thing,I made a promise. As a result of the promise, I have to stay on Earth.
[BILL] Guarding a vault.
[DOCTOR] Guarding a vault.
[BILL] Well, you're not guarding a vault right now.
[DOCTOR] Yes, I am. I have a time machine. I can be back before we left.
[BILL] But what if you get lost, or stuck, or something?
[DOCTOR] I've thought about that.
[BILL] And?
[DOCTOR] Well, it would be a worry, so best not to dwell on it. Look at this building. Look at it. You know what I like about humanity?Its optimism. Do you know what this building is made of? Pure, soaring optimism.

---------------------------------------

(Walkway)
[BILL] What are they? Alien birds?
[DOCTOR] Vardies. Tiny robots. Work in flocks. They're versatile, hard-working. Good at learning skills.The worker bees of the Third Industrial Revolution, probably just checking us out for security.
[BILL] These are robots? These are disappointing robots.
[DOCTOR] That's a very offensive remark. Don't make personal remarks like that.
[BILL] Er, you can't offend a machine.
[DOCTOR] Typical wet brain chauvinism.
[BILL] Oh, what just happened?
[DOCTOR [OC]] Your ear's on fire.
[BILL] Ow! Your voice just came out in my ear. I mean, I know voices go into ears but this was like
[DOCTOR] We have been fitted with some kind of communication device that is using our own nervous system as hardware. We've just downloaded an upgrade for our ears.
[BILL] I'll never lose my phone again. I'll never run out of battery again!
[DOCTOR] Welcome to paradise.
[BILL] Hang on, is there a mute button though? What if you're in the loo?
[DOCTOR] Who needs loos? There's probably an app for that.
[BILL] So, where is everyone? Don't tell me we've come halfway across the universe and they've all gone out.We should've texted first or something.
[BILL] What's that? That is a robot. That is not a disappointing robot.

---------------------------------------

(City)
[DOCTOR] Technically, this isn't a robot at all. The tiny little things, those are the robots, this is the interface with them.
[BILL] Does it speak? Will we understand it?
[DOCTOR] Well, depends upon what aspect of your language have survived over so many thousands of years.
[BILL] Emoji. It speaks emoji!
[DOCTOR] Of course it does.
[BILL] Aw. It's cute.
[BILL] What's that?
[DOCTOR] Blank badges.
[BILL] Oh, yours isn't blank. It's got a face on the back.
[DOCTOR] Yours too.
[DOCTOR] Interesting.
[BILL] It's never on the side that you're looking at.
[DOCTOR] What's it doing now? What, what face is it making?
[BILL] Sort of puzzled. Me?
[DOCTOR] The same. Do you know what I think? I think that this is some kind of mood indicator.
[BILL] But you're never allowed to see your own mood.
[DOCTOR] Makes sense.
[BILL] Does it?
[DOCTOR] Well, seeing your own mood might affect your own mood. It's like a feedback loop, interfering with the information being collected. Like a scale weighing itself.
[BILL] So who's collecting the data?
[DOCTOR] Is the big question.
[BILL] So what do we do then?
[DOCTOR] Well, if they're badges then
[DOCTOR] What? Where's? Where's it gone?
[BILL] Oh, it's on your back.
[DOCTOR] Yours too.
[BILL] So, everyone you walk past can see what you're thinking. What if you really fancy someone?
[DOCTOR] Well, I suppose it means that you have to maintain eye contact with them.
[BILL] Oh, that's brilliant.
[DOCTOR] Welcome to the future.
[DOCTOR] Emojis. Wearable communications. We're in the utopia of vacuous teens.
[BILL] Look at this. It knew I was starving! Food from another planet. You've got to, haven't you?
[BILL] Smells like fish.
[DOCTOR] I'm not that fond of fish, except socially, which can complicate a meal like this.
[BILL] Should we eat it, though? I mean, what if they're not like us?
[DOCTOR] Well, the cutlery's human cutlery. No other species in the universe uses emojis. Everything here is human except
[BILL] No humans.
[DOCTOR] This is a perfect colony for humans, so where are all the colonists?
[DOCTOR] That's some sort of flavoured algae. I haven't seen any livestock yet.
[BILL] That's good, isn't it? In the future we don't eat living things, we eat algae.
[DOCTOR] I met an emperor made of algae once. He fancied me.
[BILL] Why aren't you loving this?
[DOCTOR] Everything is here, everything is ready, but there's no one here.
[BILL] It's like the Student Union first thing, before the actual students arrive. Two portions, though.
[DOCTOR] Well, that's because that one is mine. That's it! That's it! Of course! The whole place is waiting. We're just too early.
[BILL] So, they're all still in bed? Two portions. One portion. Is there going to be food sexism even in the future? Is this bloke utopia?
[DOCTOR] It's probably reading me as two people. The heartbeats. If you're going to travel twenty light years, you're going to want to make sure you've got somewhere to sleep at the end of it, aren't you? So, what do you do?
[BILL] Sorry? Two hearts?
[DOCTOR] You send a rocketload of intelligent robots up ahead of you. They build you a place to live, so that, when you arrive, it's all waiting. This is brilliant!
[BILL] You, you, you've got two hearts?
[DOCTOR] Robots, they don't breathe. They can fix the atmosphere for you, send data back, so you know whether to bring your waterproofs or not. Work in huge robot flocks. You just send them up ahead and you leave them to it.
[BILL] Yeah. Hearts, though. Why two?
[DOCTOR] Well, why one?
[BILL] Does that mean you've got really high blood pressure?
[DOCTOR] Really high.

---------------------------------------

(Greenhouse)
[BILL] So, if the people aren't here yet, what do we do? Put the kettle on? Or are we going to leave before they arrive? Is that what you're worried about? I can see you're worried.
[DOCTOR] Well, you never know what's round the next corner.
[DOCTOR] Ah, of course, wheat fields outside, now something else to eat when they get here. This is their crops. Look, they're going to haveorchards, olive groves. This is their nursery. Look the little robots are doing pollination work.
[BILL] Oh, this plant! There's one of these growing outside the Student Union. It smells amazing.
[DOCTOR] Rosemary.
[BILL] I'm smelling home twenty light years from home. Thanks for bringing me. This is a great day out. I mean, come on, admit it. You love it.
[DOCTOR] Did I say I didn't love it? Yes, I do. It's very lovable. You asked me where all the people were, and I theorised that they hadn't got here yet. Did I sound convincing?
[BILL] Yeah.
[DOCTOR] And did I convince myself?
[BILL] No.
[DOCTOR] No, no. And I'll tell you why. Because there should be somebody here. There should be some kind of set-up team, a skeleton crew.
[BILL] You're thinking. Tell me what you're thinking about.
[DOCTOR] A magic haddock.
[BILL] Obviously. What is this stuff? Is it snow?
[DOCTOR] This is fertiliser. Mineral fertiliser, calcium-based. Now, we don't have answers, so let's put together two questions. What is the source of this mineral fertiliser?
[DOCTOR] And where are all the people?
[BILL] Urgh!
[DOCTOR] Here, right here, in this garden.
[BILL] Oh, my God.
[DOCTOR] Despite appearances, they haven't been dead very long.
[BILL] What, those are the colonists?
[DOCTOR] The colonists aren't here yet. This is the set-up team, the skeleton crew.
[DOCTOR] I don't know. Maybe they ran out of fertiliser. Let's not ask them.
[DOCTOR] Oh, hello! We were just admiring your garden.
[BILL] Yes!
[DOCTOR] Moving on now because there's nothing of particular interest here. Cheerio.

---------------------------------------

(Staircase)
[BILL] If he's chasing us, he's moving very slowly.
[DOCTOR] Do you know what it means when something chases you very slowly?
[BILL] What?
[DOCTOR] It means there's a reason that they don't have to run.

---------------------------------------

(Corridor)
[DOCTOR] Okay, they're slow, but the city is full of them, so they catch you in the end.
[BILL] What do we do?
[DOCTOR] Question. We've been here for ages. Why are they attacking us now?
[BILL] Does it matter?
[DOCTOR] Only if we want to live.
[DOCTOR] Smile for me!
[BILL] Smile?
[DOCTOR] Use your whole face, right now, do it.
[BILL] (grinning) What good's smiling?
[DOCTOR] Smiles aren't just smiles. Psychologically, they have a measurable effect on your mood states. Yes. These robots, they built this place, they grew those trees. Something went wrong, but they were designed to make you happy.
[BILL] How would massacring hundreds of people make me happy?
[DOCTOR] How would massacring hundreds of people make me happy smiley face.
[BILL] Smiley face.
[DOCTOR] The magic haddock.
[BILL] What magic haddock? What's that all about?
[DOCTOR] The robots want you to be happy but they got the wrong end of the stick. I think we should give them what they want.
[DOCTOR] Don't even try without smiling. What a lovely place you have here. Thank you so much for your hospitality.
[BILL] We will come again. Doctor, I was thinking maybe next time we might go to Wiltshire, perhaps, or Aberdeen.
[DOCTOR] Ah, yes. Two thumbs up for Wiltshire slash Aberdeen.

---------------------------------------

(Walkway)
[BILL] Doctor!
[DOCTOR] Smile! Smile!
[BILL] Where did they come from?
[DOCTOR] Once we're out of the city, we should be safe.

---------------------------------------

(Wheat field)
[BILL] Are they coming after us?
[DOCTOR] I'm guessing that once we're out, we're not their problem.
[DOCTOR] Right. You'll be perfectly safe in the Tardis. She'll look after you until I get back.
[BILL] Where are you going?
[DOCTOR] There's a giant smiley abattoir over there and I'm having this really childish impulse to blow it up. Be right back.
[BILL] What, you're going back in? We've only just escaped! I thought we were going home.
[DOCTOR] Home? Why would we be going home? That place is a living deathtrap. We can't just leave it with its mouth wide open.
[BILL] But they're all dead. We saw them. It's too late.
[DOCTOR] We have to assume that there is a colony ship on the way. What do you think's going to happen when all those people arrive? They're expecting the new garden of Eden. What they are not expecting is to be the fertiliser. There's broadband in there. Go! Go and watch some movies or something!
[BILL] I get that someone has to do something but why is it you? Can't you phone the police? Isn't there a helpline or something?
[DOCTOR] And stay away from my browser history!

---------------------------------------

(Tardis)
[BILL] Penguin with its arse on fire.
[BILL] Huh.

---------------------------------------

(City)
[DOCTOR] Ah! Good morning! I'm happy! Good morning. Look at me, I'm happy, happy, happy, happy! What a lovely, beautiful morning, it makes me so happy. I'm happy.I hope that you are happy, too. See? (turns to show his smiley) Happy.
[]DOCTOR] Hello? Is someone there? I can hear you breathing.
[BILL] Why are you Scottish?
[DOCTOR] I'm not Scottish, I'm just cross.
[BILL] Is there a Scotland in space?
[DOCTOR] They're all over the place, demanding independence from every planet that they land on. Why are you here?
[BILL] Because I figured out why you keep your box as a phone box.
[DOCTOR] I told you, it's stuck.
[BILL] Advice and Assistance Obtainable Immediately. You like that.
[DOCTOR] No, I don't.
[BILL] See, this is the point. You don't call the helpline because you are the helpline.
[DOCTOR] Don't sentimentalise me. I don't just fly around helping people out.
[BILL] What are you doing right now?
[DOCTOR] I happened to be passing by, so I'm mucking in.
[BILL] You've never passed by in your life. You couldn't even leave me serving chips, so I'm not going to leave you.
[DOCTOR] Look at the wall.
[BILL] The wall?
[DOCTOR] Closely. Before, when the Vardy, the little microbots, were going to attack you, you asked me where they came from. Well, they didn't come from anywhere. They were here all the time.
[BILL] What? In the wall?
[DOCTOR] No, not in the wall. They're not in the wall, they are the wall.
[DOCTOR] They're all the walls. These little robots, they didn't build this place, they became it. They can be a part of a wall one minute, flying around the next.This whole structure is built from interlocking microbots. Smile! You're in the belly of the beast.
[BILL] So what do we do?
[DOCTOR] Well, the obvious. We find a real wall. Oh, you really are smiling, aren't you?
[BILL] Do you know why? You're an awesome tutor.
[DOCTOR] When the Vikings invaded, they used to pull their longboats out of the water, turn them upside down and live in them as housesuntil they'd pillaged and looted enough to build new ones.BILL
[DOCTOR] You didn't see a space ship outside, did you? When the settlers first landed, they must have lived in it and built out from it,so it's still here, somewhere inside this building. Ah. (a not-perfectly-smooth-and-white wall) Bits of meteor damage. Flecks of rust. Rivets. Oh, I love rivets.A wall. A real, honest wall. Not made of tiny robots but made of any old iron.
[BILL] Every spacecraft needs a door.
[DOCTOR] Not even locked. They were expecting to live in peace.

---------------------------------------

(Spaceship)
[BILL] Wicked.
[DOCTOR] We'll lock it after us, shall we?
[DOCTOR] Its life support systems are starting up. It knows we're here.
[BILL] Whoever did the interior decoration in here needs to take lessons from whoever did it out there.
[DOCTOR] Ah, this was built by humans, that was built by Vardy. Wet brains, dry brains.
[DOCTOR] Ah! Good, old, universally compatible, incorruptible maps. You are here. This is the engine room. That's the target. That's where I'm going.
[BILL] Where am I going?
[DOCTOR] You're staying here and you will be guiding me to here, using this map. I'll hear you through the thingummybob.
[BILL] I'm on a space ship. Like, for real. A proper one.
[DOCTOR [OC]] Left or right?
[BILL] Ow. Er, right.

---------------------------------------

(Cargo bay)
[DOCTOR] Well, they were certainly planning to make themselves at home here. They brought all their favourite knick-knacks.
[BILL [OC]] There should be a door

---------------------------------------

(Spaceship)
[BILL] That leads onto a corridor. I really am on a spaceship.
[DOCTOR [OC]] Yes.

---------------------------------------

(Cargo bay)
[DOCTOR] Which we are about to blow up.

---------------------------------------

(Spaceship)
[BILL] How are you allowed to do that? Like, how are you allowed to blow something up and not get into trouble? I mean, blow something up, get into trouble. That is a standard sequence.
[DOCTOR [OC]] What do you mean, allowed?

---------------------------------------

(Somewhere else)
[DOCTOR] It's a moral imperative. This is a murder machine.

---------------------------------------

(Spaceship)
[BILL] Beautiful, though, I mean, the whole place. You should be able to see a staircase.

---------------------------------------

(Somewhere else)
[DOCTOR] All traps are beautiful, that's how they work.

---------------------------------------

(Spaceship)
[DOCTOR [OC]] Up or down?
[BILL] Down. What? What's this big bit in the middle? There's a big empty space in the middle. The engine is right in the middle of a big empty space. What's that for?
[TANNOY] Attention. Attention. Erehwon systems initiated.

---------------------------------------

(Steps)
[DOCTOR] The ship's systems are set to respond to human presence. It was sleeping. We walked in, now it's waking up.

---------------------------------------

(Spaceship)
[BILL] Er, there should be a ladder.

---------------------------------------

(Top of ladder)
[DOCTOR] Got it.

---------------------------------------

(Engine core)
[DOCTOR] Beautiful. Fleishman Cold Fusion Engine. All I've got to do is back the flow into the calorimeter and run. It's like it wants to get blown up.
[BILL] Hang on, I'm being thick.

---------------------------------------

(Spaceship)
[BILL] I can come with you.
[DOCTOR] Took that long to think of photographing it?
[BILL] You'd already memorised it, hadn't you?
[DOCTOR [OC]] Yep.
[BILL] Stop trying to keep me out of trouble.

---------------------------------------

(Engine core)
[DOCTOR] There's no trouble. This is going to be a stroll in the park.
[BILL] No.

---------------------------------------

(Mausoleum)
[BILL] Doctor, why did people come here? Did something terrible happen?

---------------------------------------

(Engine core)
[DOCTOR] I can't hear you!
[DOCTOR] This isn't as easy as it looks.

---------------------------------------

(Mausoleum)
[BILL] I've got to know. The people who came here, were they the last people? Were they our last hope?
[DOCTOR [OC]] Earth was evacuated.

---------------------------------------

(Engine core)
[DOCTOR] But there were a number of ships. I've bumped into a few of them over the years. Right, I've re-routed the flow.No, no, no, no. That's not right. Bad noise. That's not right, no, no!
[DOCTOR] No. When the calorimeter reaches its peak. I could do with a hand here!
[BILL [OC]] Okay, on my way.

---------------------------------------

(Cargo bay)
[BILL] Oh.
[NATE] Are we there yet?

---------------------------------------

(Engine core)
[BILL [OC]] Doctor, there's something you need to know.
[DOCTOR] I'm too busy!
[BILL [OC]] Almost with you, Doctor.
[DOCTOR] You took your time. When I let this go, it's going to spin back. I want you to hold it tight while I jam it shut.
[BILL] (at the hatchway) Doctor? Doctor, can you hear me?
[DOCTOR] Ah! Don't worry about me. I'm having the time of my life, making new friends!
[BILL] Come on.
[DOCTOR] Get ready to run! Run really fast!
[DOCTOR] What? Where did you come from?
[BOY] Where is everybody?
[DOCTOR] When you say everybody

---------------------------------------

(Cryostore)
[TANNOY] My very good people, we will soon be beginning an emergency disembarkation. Good people, please prepare for disembarkation. We wish you a happy new world.
[BILL] Doctor?
[DOCTOR] Pods. Pods.
[BILL] What is it? What's happening?
[DOCTOR] We can't blow up the city.

---------------------------------------

(Engine core)
[BILL] Why? Those pods, what's in them?
[DOCTOR] I got it wrong. I got it very, very wrong.
[DOCTOR] The colony ship isn't on the way, it's right here. The colonists are all around us, cryogenically frozen. What's in those pods, Bill, is the surviving population of Earth. And I nearly killed all of them.
[TANNOY] Welcome to your new world. Be happy.
[BILL] They're waking up, aren't they?
[DOCTOR] We must have triggered the process when we came in.
[BILL] So what happens now?
[DOCTOR] Now? Now they're all going to leave this ship, and find their friends and family mulched in the garden. And if they don't smile about that, it's going to be the end of the human race.

---------------------------------------

(Cryostore)
[STEADFAST] Oh! Oh, those pods, eh? Not much headroom. Oh, I thought I'd be first up. Steadfast, MedTech One. What day is this?
[DOCTOR] The end of the world.
[STEADFAST] Again? We've only just got here.
[DOCTOR] Bill, with me.
[STEADFAST] What's happening?
[DOCTOR] What's happening is nobody leaves this ship until I tell you otherwise. Clear? Nobody leaves.
[BILL] Where are we going?
[DOCTOR] No idea. But if I look purposeful, they'll think I've got a plan. If they think I've got a plan, at least they won't try to think of a plan themselves.
[BILL] But you don't have a plan.
[DOCTOR] I don't know how to stop it happening again because I can't figure out why it happened last time. What made them do this?
[BILL] I think I need to show you something.
[TANNOY] Section A34, reanimation sequence commencing.

---------------------------------------

(Mausoleum)
[DOCTOR] The spacecraft landed. Most of the colonists were kept in cryogenic suspension. A few, the ones with skills
[BILL] The best ones. The brave ones.
[DOCTOR] They were woke to shepherd the little flocks of Vardy robots.
[BILL] She came here. She was happy. It was all going well. Those are the shepherds, aren't they? And they're all dead.
[DOCTOR] If we rearrange this data to reflect the time of death, what do we get?
[BILL] That's her.
[DOCTOR] This woman died. There's no sign of violence. So, you know, she just died the way that humans do. Then a few more people died all at the same time, and then a lot more died just after, and then, the rest. Dozens.
[BILL] A virus? A virus that went, well, viral?
[DOCTOR] Grief! Grief! Grief as plague.
[BILL] But how?
[DOCTOR] The Vardies. Well, their job was to maintain happiness. At first, that meant making sure there was enough oxygen and water. That's what the badges are meant to communicate. Satisfaction, a positive mental state. But the Vardy are smart. They learn, try to be good servants, so they expand the definition of happiness until
[BILL] She dies.
[DOCTOR] No one had ever died here before this lady. The Vardies, they'd never heard of grief before. This place is all about hope and the future, and happiness. No one ever thought about the opposite. The Vardies didn't know what to do with it. They identified grief as the enemy of happiness and everyone who was experiencing grief as a problem, as
[BILL] Compost.
[DOCTOR] And all those dead people, well, you know, they had friends and family, too, so
[BILL] Even more compost.
[DOCTOR] And so on, and so on, and so on. And what you get is a whole grief tsunami.
[BILL] And all of this took how long? One morning? All of these people were slaughtered in a day?
[DOCTOR] Slaughtered for their own good, because the Vardy think different. Like the magic haddock. Not bad, not good, just, just different.
[BILL] So, what will happen when the new people meet the robots?
[BILL] That's the boy. The first to wake up. Where did you get this?
[DOCTOR] I think it's his mother's, don't you?
[BILL] Yeah, or his Nan's. Well, he'll find her, when she wakes up in her pod.
[DOCTOR] I found it in the fruit garden, when we first arrived.
[BILL] Oh.
[DOCTOR] I would say that a lot of the colonists had friends or family who were working here as shepherds. When they find out what happened
[BILL] They'll be grief-stricken.
[DOCTOR] And after that
[BILL] A massacre. Okay, where are we going?
[DOCTOR] What's the opposite of a massacre?
[BILL] Okay, what?
[DOCTOR] In my experience, a lecture.

---------------------------------------

(Cryostore)
[DOCTOR] You brought the Vardy here, microbots to make your life so easy.But like every slave class in history, the Vardy are beginning to have ideas of their own.They wanted to eliminate unhappiness, but to a robot that meant eliminating unhappy people.They gave you monitors, badges, so they'd know when you were too unhappy to live.

---------------------------------------

(Armoury)
[BILL] You need to listen.
[STEADFAST] I did listen. What did I miss? The Vardy have killed our families.
[DOCTOR] But you need to understand why that happened.
[STEADFAST] I don't care why.
[DOCTOR] Then you will die, too, and so will everyone on your ship. The Vardy are not your enemy.
[STEADFAST] They want to kill us.
[DOCTOR] No. They want to help you. Killing you is just a side-effect.
[STEADFAST] Get out of my way.
[DOCTOR] You've got guns. You think that will help against a whole living city?
[BILL] That little boy, where did he go?

---------------------------------------

(City)
[NATE] My mum was a gardener. Have you seen her? She's supposed to be here.
[BILL] There he is!
[STEADFAST] Step away from the kid.
[BILL] They're not armed. You don't need to do this. You just need to
[NATE] What's wrong? What's going on? Where's my mum? Where's everyone? Where's everyone?
[BILL] Oh, no, no, no, no, no! Don't cry, don't cry! Hey, hey. Look, everything's going to be okay. Look, this is your new house. Isn't it lovely?
[NATE] I want Mummy.
[BILL] Smile. Smile. Smile. Smile. Everything's going to be fine if you just keep smiling.
[STEADFAST] Get away from the kid!
[DOCTOR] What's that? Rage? Revenge?
[STEADFAST] It's one robot.
[BILL] It's not one robot. Doctor, what do we do? Doctor, what's happening?
[STEADFAST] Cover fire, now!
[DOCTOR] Fascinating!
[BILL] What's fascinating?
[DOCTOR] The Vardy are identifying as under attack, which means they identify as a species. They are self-aware. They, they're alive!
[BILL] They're going to kill us!
[BILL] What are you doing?
[DOCTOR] I really hope this doesn't hurt. Do you know why I always win at chess? Because I have a secret move. I kick over the board. Here it comes!
[DOCTOR [OC]] Once, long ago, a fisherman caught a magic haddock. The haddock offered the fisherman three wishes in return for its life.The fisherman said, ""I'd like my son to come home from the war, and a hundred pieces of gold."" The problem is magic haddock, like robots, don't think like people.The fisherman's son came home from the war in a coffin and the King sent a hundred gold pieces in recognition of his heroic death. The fisherman had one wish left. What do you think he wished for?
[DOCTOR] Some people say he should have wished for an infinite series of wishes, but if your city proves anything, it is that granting all your wishes is not a good idea.
[BILL] It's okay. It's not going to hurt you. Actually, it doesn't even know who you are.
[STEADFAST] What happened? What have you done?
[DOCTOR] In fact, the fisherman wished that he hadn't wished the first two wishes. You see, in a way, he pressed the reset button.
[STEADFAST] What the hell did you do?
[DOCTOR] Aren't you listening? I pressed the reset button. Every computer has one, and anyone can find it, especially if they happen to bea scary, handsome genius from space. I re-initialised the entire command structure, retaining all programmed abilities but deleting the supplementary preference architecture.
[BILL] He turned it off and on again.
[DOCTOR] I turned it off and on again. Of course, I wiped their memories. They no longer have the faintest idea who you are and, in fact, they're wondering what you're doing in their very nice city.
[STEADFAST] Their city?
[DOCTOR] Yes, their city. It's made of them.
[STEADFAST] It's our city. They're our robots.
[BILL] They were.
[DOCTOR] Welcome to your new world. Meet the Vardy. They are, as of now, the indigenous life form.You'd best make friends with them because there's loads of them, and they're the only ones who know how anything works.
[STEADFAST] They killed our people.
[DOCTOR] Well, look, they have forgotten about that. They've forgotten about you, they've forgotten that you even made them in the first place. Now, since they have absolute powerover this city, and since I'm assuming you all don't want to sleep rough tonight, I have a suggestion for you.
[BOTH] Smile.
[STEADFAST] You can't be serious.
[DOCTOR] I am serious. In fact, I'm willing to be a negotiator.
[STEADFAST] Are you now?
[DOCTOR] Yes. Watch.
[DOCTOR] Hello, I'm the Doctor. A few hours ago, I made the mistake of not recognising your statusas an emergent new lifeform. As recompense for my mistake, please allow me to act as your negotiatorwith a migratory conglomerate known as the human race. They're looking for a place to stayand they've got their eye on your city. Would you like me to discuss rent?

---------------------------------------

(Tardis)
[BILL] So, is it going to work?
[DOCTOR] That's up to them.
[BILL] Did you just, well, did we just jumpstart a new civilisation?
[DOCTOR] It's a dirty job but someone's got to do it.
[BILL] Did you do this all the time?
[DOCTOR] Do what?
[BILL] Fly around sorting things out, like some kind of intergalactic policeman.
[DOCTOR] I don't sort things out. I'm definitely not a policeman.
[BILL] Well, you live in a police box.
[DOCTOR] That's a pure coincidence.
[BILL] Yeah, of course.
[DOCTOR] Back at the exact moment we left. The kettle's boiling, I've got a vault to guard, and everything is exactly as we left it.
[BILL] Wasn't snowing when we left.
[DOCTOR] Maybe I do need a steering wheel.
[BILL] Where are we?
[DOCTOR] London. And this is the Thames.
",2017-04-22,Doctor Who - Smile
"Doctor Who (29 Apr 2017    ; Twelfth Doctor) - Thin Ice

(Tardis)
[BILL] You never said we could travelto parallel worlds!
[DOCTOR] Not a parallel world.
[BILL] But that's London.
[DOCTOR] Our London.We're on the Thames. The last greatFrost Fair. 1814, February the fourth.
[BILL] Hang on, why aren't we home?Can't you steer this thing?
[DOCTOR] I told you. You don't steerthe Tardis, you reason with it.
[BILL] How?
[DOCTOR] Unsuccessfully,most of the time.
[DOCTOR] She's a bad girl, this one. Always looking for trouble.

---------------------------------------

(Next to the river)
[BILL] Whoa.
[DOCTOR] Last day before the thaw.Thought I'd better finda more reliable parking spot.
[BILL] Wait, you want to go out there?
[DOCTOR] You don't?
[BILL] It's 1814.
[BILL] Melanin.
[DOCTOR] Yes?
[BILL] Slavery is still totally a thing.
[DOCTOR] Yes, so it is.
[BILL] It might be, like, dangerousout there.
[DOCTOR] Definitely dangerous.
[BILL] So, how do we stay out of trouble?
[DOCTOR] Well, I'm not the right personto ask.
[BILL] Okay, when you go somewheredangerous, what do you take?
[DOCTOR] First door on the left,second right, under the stairs,past the bins, fifth dooron the left.
[BILL] What's there?
[DOCTOR] The wardrobe. Pick a dress.
[BILL] So the Tardis has dressesand likes a bit of trouble?Yeah, I think I'm low-keyin love with her.
[DOCTOR] Me too.
[GROCER] Watch out, sir!
[GROCER] Oh.
[BILL] Doesn't anyone notice the Tardis?
[DOCTOR] Your species hardlynotices anything.
[BILL] So, what are the rules?
[DOCTOR] Rules?
[BILL] Yeah.Travelling to the past,There's got to be rules.If I step on a butterfly,it could send ripples through timethat mean I'm not even bornin the first placeand I could just disappear.
[DOCTOR] Definitely. I mean, that's what happened to Pete.
[BILL] Pete?
[DOCTOR] Your friend, Pete.He was standing there a moment ago,but he stepped on a butterfly andnow you don't even remember him.
[BILL] Shut up!I'm being serious!
[DOCTOR] Yeah, so was Pete.
[BILL] You know what I mean.Every choice I make in this moment,here and now, could changethe whole future.
[DOCTOR] Exactly like every other dayof your life.The only thing to dois to stop worrying about it.
[BILL] Hmm. Okay. If you say so.
[DOCTOR] Pete's stopped worrying.
[NUT SELLER] Chestnuts, sir?
[DOTTIE] (a very little girl) Come to the Frost Fair, miss.Only a sixpence, miss.
[BILL] Oh, my God
[DOCTOR] You're not stepping on a butterfly,you're just taking a flyer.
[DOCTOR] It's just time travel.Don't overthink it.
[BILL] Is that whatyou said to Pete?
[DOCTOR] Who's Pete?
[WATERMAN] Sixpence to the waterman!Sixpence for the Frost Fair!
[WATERMAN] Sixpence to the waterman! Sixpence for the Frost Fair!
[BILL] Yeah, no big deal.Just walking on the Thames!I hope you realiseI'm going to try everything.Everything.
[WOMAN] Tasty ox cheek, piping hot!
[MAN] Lapland mutton! Lapland mutton,cooked right on the ice!
[WOMAN 2] Get your sheep hearts here!Juicy, juicy sheep hearts!
[BILL] Yeah. Maybe not everything.
[DOCTOR] Oh, go on. Try this, at least.
[BILL] Urgh!
[DOCTOR] It's my favourite.
[BILL] Your favourite?You've been here before?
[DOCTOR] Oh, yeah. A few times.
[BILL] Get in!
[DOCTOR] Of course, it's not really wrestlingunless it's in zero gravity
[BILL] Seriously?
[DOCTOR] With tentacles
[BILL] Okay.
[DOCTOR] And magic spells.
[BILL] Interesting.
[DOCTOR] What is?
[BILL] Regency England.Bit more black than they showin the movies.
[DOCTOR] So was Jesus.History's a whitewash.

---------------------------------------

(Skittles tent)
[BILL] Pub champion, two years running.
[DOCTOR] Ah.

---------------------------------------

(Fish pie tent)
[PIE-MAN] Best fish pies on the ice. Try your luck, ladies and gentlemen!Toss for a pie!
[BILL] Argh!
[PIE-MAN] Better luck next time, miss.
[BILL] And you're sure this isn'tcow brains or sheep eyes or
[PIE-MAN] I caught the fish myself, miss.Made it right here in the old...
[PIE-MAN] Hey!What are you about?
[DOCTOR] Do that again. Toss the coin.
[PIE-MAN] Pay me another and I will.
[DOCTOR] Forgetabout the pie, I don't want a pie.I just want to see how you cheated.
[PIE-MAN] Cheated?!
[BILL] Doctor.
[DOCTOR] Don't look at me like that. I'msaying you're a very good con-man.
[PIE-MAN] I'm a what?
[DOCTOR] A trickster. A swindler.You see, I'm a bit of a thiefmyself.I bet you that I could stealanything from your shop.

---------------------------------------

(Frost Fair)
[PIE-MAN [OC]] Get out!
[DOCTOR] Oh! In theory!I could steal anything in theory!
[BILL] Doctor.
[DOCTOR] Honestly, some people. More pie?
[BILL] Are there side-effects to timetravel? Like, physical symptoms?
[DOCTOR] Oh, yeah. Yeah, yeah.Sometimes you see lightsunder the ice.
[BILL] Okay, so you've seen the lights.
[DOCTOR] Of course.
[BILL] Well, why didn't you say something?
[DOCTOR] Well, you're enjoying yourself.I assumed we'd get to workeventually.
[DOCTOR] Now, are these lightselectric or organic?
[BILL] Organic lights?
[DOCTOR] Bioluminescence.Fireflies, glow-worms.
[KITTY] Please, sir. Have you seen my dog?He was right here,but then I looked away and he
[BILL] It's okay, we'll help.Um, what does he look like?
[KITTY] He's small and brownand ever so soft.
[DOCTOR] Are you sure of that?That collar's for a big dog.With long white hair.Nice con, though.Respect.
[KITTY] Run!
[DOCTOR] Ah!

---------------------------------------

(Urchin's hideout)
[SPIDER] (the boy in the red hat) What is it, do you think?
[KITTY] Something valuable.Don't break it.

---------------------------------------

(Frost Fair)
[DOCTOR] What happened to the girl?
[BILL] Does it matter?The boy's the one with your magicwand.
[DOCTOR] Sonic screwdriver.
[BILL] How is that a screwdriver?
[DOCTOR] In a very broad sense.
[BILL] All right, how's it sonic?
[DOCTOR] It makes a noise.
[DOCTOR] There they are!
[KITTY] Spider, come on!
[SPIDER] Kitty, come look!
[KITTY] They'll catch youand have you transported!Is that what you want? Spider!Spider, quick!
[DOCTOR] The lights. He's seen the lights.
[SPIDER] Kitty? Ah!
[DOCTOR] Stay back!
[BILL] Save him.
[DOCTOR] I can't. He's gone.
[BILL] Do somethingand save him.
[DOCTOR] I'm sorry about your friend,but the danger isn't over yet.There must be more of you livingrough here. Tell me where.
[KITTY] So, you can take us tothe Magistrate?
[DOCTOR] No, of course not.We're not here to arrest you,we're here to help.And if you show me where you live,we can do that.
[KITTY] We? She's gone!

---------------------------------------

(River's edge)
[BILL] How did you find me?
[DOCTOR] Get used to that question.
[BILL] Oh, clever.Yeah, very clever.
[DOCTOR] What's wrong?
[BILL] What's wrong?Seriously, what's wrong?I've never seen anyone die before.
[DOCTOR] A few hours ago, we were standingin a garden full of dead people.
[BILL] That was different.
[DOCTOR] How?
[BILL] They were dead already.
[DOCTOR] Morally and practically,that is not a useful distinction. Unlearn it.
[BILL] Don't tell me what to think.
[DOCTOR] I'm your teacher. Telling you things is what I do.
[BILL] Yeah? Tell me this.You've seen people die before, yeah?
[DOCTOR] Of course.
[BILL] You still care?
[DOCTOR] Of course I care.
[BILL] How many?
[DOCTOR] How many what?
[BILL] If you care so much,tell me how many peopleyou've seen die?
[DOCTOR] I don't know.
[BILL] Okay.How many before you lost count?
[DOCTOR] I care, Bill, but I move on.
[BILL] Yeah? How quickly?
[DOCTOR] It's not me you're angry with.
[BILL] Have you ever killed anyone?There's a look in your eyessometimes that makes me wonder.Have you?
[DOCTOR] There are situations whenthe options available are limited.
[BILL] Not what I asked.
[DOCTOR] Sometimes the choices are very
[BILL] That's not what I asked!
[DOCTOR] Yes.
[BILL] How many?
[BILL] Don't tell me.You've moved on.
[DOCTOR] You know what happens if I don'tmove on? More people die.There are kidsliving rough near here. They may well be next on the menu.Do you want to help me? Do you wantto stand here stamping your foot?Because let me tell you something. I'm two thousand years old, and I have never had the timefor the luxury of outrage.
[KITTY] What do you mean, on the menu?

---------------------------------------

(Urchin's hideout)
[BILL] Is this where you live?
[KITTY] For now.
[BILL] But there's no one here.
[KITTY] Good work!
[KITTY] Except you, Dot.I can see your shoes.
[DOTTIE] They're too big, that's why!
[DOCTOR] Oh, I see! I get it.You lure people to the fairand then you rob them.Very good. Very enterprising.
[KITTY] They're all right, Dot.Strange. But all right.And that's not how it is.
[DOCTOR] Oh, what? You don't rob people?
[KITTY] Course we do.But bringing people to the fair, that's by-the-by.On the side, like.
[DOCTOR] Why?
[KITTY] Why?For coin, of course. Why else?
[DOCTOR] Someone pays youto promote the fair, get people onto the ice?
[DOCTOR] Who? Who pays you?
[HARRIET] (in boy's clothing) Kitty, where's Spider?
[KITTY] Spider is.He...
[DOCTOR] Who's hungry? I'm hungry.Food! Bill, food!Food is always useful.
[DOCTOR] Now, I know what you're thinking,but don't worry.These are stolen!Well, eat up.Ah, with your permission, of course.
[DOCTOR] Don't suck your thumbswhile I'm away.The great tall tailoralways comesTo little boyswho suck their thumbs.Ere they dream what he's aboutHe takes his great sharpscissors outAnd cuts their thumbs clean offand then...
[KITTY] You done staring yet?
[BILL] We're going to find outwhat those things are, okay?They're not going to hurtanyone else, I promise.I promise.The Doctor, he helps people. That's what he does.
[KITTY] And you?What do you do,apart from shout at him?
[BILL] We were fighting.It happens.
[KITTY] Are you still fighting now?
[BILL] No.I moved on.
[DOCTOR] Okay,I'm wondering why the Frost Fair'son this part of the river.I bet that at least one of you knowswho paid Kittyto take people out on the ice.
[DOTTIE] It was a bad man, with a ship.
[HARRIET] Dottie!
[DOCTOR] A ship?What, do you mean a merchant?
[PERRY] Not that kind of ship.
[HARRIET] Perry!
[PERRY] What?
[KITTIE] It's all right. You can tell him.
[DOTTIE] It's a drawing.Here. On his hand.
[BILL] So, this guy,where would we find him?
[HARRIET] He finds us.
[BILL] But a tattoo on his hand,I mean, we could ask around?
[DOCTOR] Boring!I know somethingthat's much easier to find.
[BILL] Where are we going?
[DOCTOR] All right. You guys, hang tight!Laters.

---------------------------------------

(Frost Fair)
[DOCTOR] I was being all 'down with the kids'there, did you notice?
[BILL] Yeah, my hair was cringing.
[DOCTOR] Awesome.
[BILL] Please stop.

---------------------------------------

(Wharf)
[BILL] So, what's easier to find?
[DOCTOR] Conjecture. There's somethingfrozen under the Thamesand it's eating people.
[BILL] Okay.
[DOCTOR] Proposal. We need to geta closer look it.
[BILL] Good, yeah.
[DOCTOR] Plan. Let's get eaten.
[BILL] Is this stuff safe?
[DOCTOR] Potentially.
[BILL] Potentially?What does potentially mean?
[DOCTOR] Safe, with a frisson of excitement.
[BILL] Right, but we're not going to be like completelydefenceless down there, though?
[DOCTOR] No, no, no, no.Well yes. But don't worry about it.
[BILL] Why not?What have you got up your sleeve?Oh, my God!Have you been holding out on me?Do you have, like,magical, alien powers?
[BILL] What, was that an impolite question?

---------------------------------------

(Frost Fair)
[BILL] Why do we need diving suitson top of the ice?
[DOCTOR] If we're lucky, the lightswill come and take us under.Whatever they are, they're clever.When they went after the boy,they waited until he was awayfrom the crowds, by himself.
[BILL] What?Did you say something?
[DOCTOR] The question is, how?
[BILL] Doctor? Oh. Ah. Doctor?Doctor!Doctor!
[DOCTOR] Bingo!

---------------------------------------

(River Thames)
(River's edge)
[PIE-MAN] What?
[DOCTOR] I know you! You're the cheat!I love your work!
[BILL] The sound it made.I couldn't hear you,but that noise, it's like I felt itin my bones, you know?It sounded like, like
[DOCTOR] Despair.Loneliness.A prisoner in chains.
[BILL] That guy. He said he caught the fish himself.I bought pie off that guy. Fish pie!
[DOCTOR] Oh, hello.Aren't you magnificent?
[BILL] I ate that pie. I liked that pie.
[DOCTOR] Definitely not carnivores.Which means you're cooperating withthe creature, providing for it.What do you get in return, hmm?What did it take for youto evolve into that?
[BILL] The creature, do you reckon that'swhat's making London so cold?
[DOCTOR] Very possibly.
[BILL] What kind of alienmesses with the weather?
[DOCTOR] Ha, ha! You assume it's alien.
[BILL] Of course it's alien.
[DOCTOR] Alien, terrestrial, it's irrelevant.The real question is,who's keeping it in those chains?And perhapsour friend here can answer that.
[PIE-MAN] Who are you?What do you want with me?
[DOCTOR] The coin trick.Just tell me how to do it, please!Okay. Not the time.Have you ever seen a man around herewith a tattoo of a ship? What's that face? Is that a noor are you against tattoos?I'm against tattoos, too,I think that we are bonding.
[PIE-MAN] We're stood by the docks,and you just asked me if I've everseen a man with a tattoo of a ship.
[DOCTOR] Exactly.
[BILL] Fair point.
[DOCTOR] What point?
[BILL] Look, forget the tattoos.Have you seen anyone actingsuspiciously since the freeze?
[PIE-MAN] Well, there's the dredgers.
[BILL] The dredgers?
[PIE-MAN] There's a workhouse upriver.They have men out therepatrolling all hours.

---------------------------------------

(Workhouse)
[MAN [OC]] Hurry up! Be quick about it!
[BILL] What are they dredging for?
[DOCTOR] Let's find out.
[BILL] How are we getting in?
[BILL] You work for the palace?
[DOCTOR] Haven't had that one in a while.
[MAN [OC]] Let's be having you.
[OVERSEER] Oi. How'd you get through here?
[DOCTOR] Ah ha! At last, someone in authority.
[OVERSEER] Oh, I do apologise, sir.Does Lord Sutcliffeknow you're here?
[DOCTOR] Does Lord Sutcliffe knowwe're here. (to Bill)Does Lord Sutcliffe know we're here?
[BILL] Lord Sutcliffe insisted we come.
[DOCTOR] Hmm. Oh, that Lord Sutcliffe, yes.There's no arguing with Sutcliffewhen he puts his foot down.You'd better show us around.
[OVERSEER] Follow me, sir.
[MAN [OC]] Take it inside!Same as the last batch.
[BILL] Why all the fuss?It's just mud from the river,isn't it?
[DOCTOR] Mud is one word for it.
[BILL] Is this even the right place?The creature's almost a mile away.
[DOCTOR] The creature's headis almost a mile away.
[DOCTOR] I assume we're now at the other end.
[DOCTOR] These men, why do we trust them?
[OVERSEER] Hired them all myself, sir.
[DOCTOR] Ah. Why do I trust you?
[OVERSEER] Sir?
[DOCTOR] You understandhow important this is, yes?It is imperative that no one discoverswhere the stuff goeswhen it leaves here.
[OVERSEER] Oh, I know that, sir.We use unmarked carts.
[DOCTOR] Are they ever followed?
[OVERSEER] Oh no, sir.
[DOCTOR] Have you checked this personally?
[OVERSEER] Oh yes, sir.
[DOCTOR] All the way to Hampton?
[OVERSEER] No, to the steel mill, sir.
[DOCTOR] Hampton is code for the steel mill.
[OVERSEER] Code, sir?
[DOCTOR] Yes.Yes, we need to use code otherwise anyone could walk in hereand get you blabbing like a fool.
[OVERSEER] That's a good point, sir.
[DOCTOR] Now, these men, what do they knowof this material?
[OVERSEER] No more than I do, sir.
[DOCTOR] Yes, but you are someonewho knows more than he tells.
[OVERSEER] I'm not one to speculate.
[DOCTOR] But you can't help it becauseyou're a man of intelligence.
[OVERSEER] They won't let us smoke in here,so I assume it's fuel.Fuel for the furnaces, sir.
[DOCTOR] Excellent reasoning.Lord Sutcliffe appreciatesan enquiring mind.
[OVERSEER] Well, I keep my ear to the ground, you know.
[DOCTOR] And what is the groundsaying these days?
[OVERSEER] That this stuff burnsa thousand times longer than coal?
[DOCTOR] Very good.
[OVERSEER] Hotter, too.Hotter than they can measure.
[DOCTOR] Excellent!First class.
[OVERSEER] I'm right, aren't I, sir?
[DOCTOR] Oh, there's no stopping you.You keep this up, you won't beworking in this yard for very long.
[OVERSEER] (preening) Oh, you think not?
[DOCTOR] I can almost guarantee it.
[OVERSEER] You know what else they say?They say it even burns under water.
[BILL] No sh...

---------------------------------------

(Outside Sutcliffe House)
[BILL] So. This guy has a pet monsterthat turns people into fueland we're just rocking upat his door?
[DOCTOR] That's his door, this is us rocking.
[DOCTOR] If we're going to stop him,we need to know where he started.
[BILL] Meaning?
[DOCTOR] Which planet.
[BILL] Which planet?

---------------------------------------

(Drawing room)
[BILL] So, you think Sutcliffe is an alien?
[DOCTOR] Possibly.
[BILL] Because the creature is an alien.
[DOCTOR] It certainly appearsto be producing fuelsuitable for interstellar travel.Either way, Bill, I need you to leavethe talking to me.
[BILL] Why?
[DOCTOR] Because you have a temper.
[BILL] Oh okay, well, I lost it a tiny bit.
[DOCTOR] You're about to meet a man,alien or otherwise,for whom human beingsare raw material.Who grinds up children for profit.What we are here foris one thing.Information.We get that with diplomacy and tact.Charm, if necessary.
[BILL] Okay.I get it.
[DOCTOR] Always remember, Bill. Passion fights, but reason wins.
[SUTCLIFFE] Doctor Disco, from the Fairford Club!Obviously,one aspires to membership,but to actually be considered for
[SUTCLIFFE] Who, who let this creature in here?On your feet, girl,in the presence of your betters.
[DOCTOR] He's human.Thirty one years of age. Low on iron.
[BILL] Yeah, that was pretty convincingracism for an extra-terrestrial.
[DOCTOR] My thoughts exactly.
[DOCTOR] Oh, hello.Can I just say,this is very unlike me.I don't normally do this.
[BILL] Yeah, he was aiming for charming.
[DOCTOR] Basically.
[SUTCLIFFE] Well, you're not from the Fairford Club.
[DOCTOR] The creature in the river, where did it come from?
[SUTCLIFFE] Who the devil are you people?
[DOCTOR] Where did it come from?
[SUTCLIFFE] Nowhere!It's always been there.The secret's been passed downin the family since, I don't know when.As far back as records go.
[DOCTOR] Then tell me, do you also keepa record of how many it's killed?
[SUTCLIFFE] Please. People knowthe ice is dangerous,yet they will insiston their festivities.That's hardly my fault.
[DOCTOR] Don't sell yourself short. This isthe biggest Frost Fair in decades,and that's down to you.
[BILL] It is?
[DOCTOR] The man holding me has a tattooon his left hand.And that's not all, is it?The circus performers,the elephant, that's all you.
[SUTCLIFFE] I made the most of the situation.It's the first proper freezeit's caused in years.
[BILL] Why?Production down, huh?Not enough people dying?
[SUTCLIFFE] Girl, you show the ignoranceof all your kind.Without that beast,my mills would rely on coal mines,and men die in coal minesall the time.
[DOCTOR] I preferred it when you were alien.
[SUTCLIFFE] When I was?
[DOCTOR] Well, that explained the lack of humanity.What makes you so surethat your life is worth morethan those people out thereon the ice? Is it the money?The accident of birth that puts youinside the big, fancy house?
[SUTCLIFFE] I help move this country forward.I move this Empire forward.
[DOCTOR] Human progress isn't measuredby industry, it's measured by the valueyou place on a life.An unimportant life.A life without privilege.The boy who died on the river,that boy's value is your value.That's what defines an age.That's what defines a species.
[SUTCLIFFE] What a beautiful speech.The rhythm and, and vocabulary,quite outstanding.It's enough to move anyone with an ounce of compassion.So, it's really not your day, is it? If they know about the beast,then others must, too.We bring the plan forward.
[DOWELL] (chief henchman) When, sir?
[SUTCLIFFE] Now! In daylight.

---------------------------------------

(Carriage)
[BILL] No time for outrage.You've never had time for anythingelse, right?
[DOCTOR] Don't be smug.Smug belongs to me.
[BILL] Are you really two thousand years old?
[DOCTOR] Why?
[BILL] I just wanted to knowhow long it takes before you can make a speechlike the one you just made.It was worth the wait.

---------------------------------------

(Frost Fair)
[DOWELL] Come on, out.

---------------------------------------

(Fireworks tent)
[DOWELL] Get in there!Sit down and shut up.
[BILL] It could be rum.Rum came in barrels.
[DOCTOR] Nah, smell that.It's their home-made rocket fuel,redeployed as explosive.It's a little reckless,don't you think?Half the fair disappearsinto the river,the secret of your success won't bea secret any more.
[SUTCLIFFE] Hardly.The city will pause to mourna fireworks displaygone tragically awry,and the creature will be fed.By spring, this will bea footnote in history.That is progress.They're bringing the elephantout presently.We won't get bigger crowdsthan that,so make sure you'reoff the ice by noon.
[BILL] Noon? There's no way you cankeep us here that long.We'll just scream our heads off.
[DOCTOR] No. No, please, please, please
[BILL] He (But she is drowned out by the cries of the people watching the sword-swallower, and the acrobat, and the strongman bending iron rods over his head.)
[WATERMAN [OC]] Sixpence to the waterman.
[BILL] elp! (coughs)
[DOCTOR] If you're quite finished,I could use some help.
[BILL] Eh?
[DOCTOR] Sonic screwdriver. Inside pocket.
[BILL] Oh, okay.
[BILL] Yeah, bit more.
[DOCTOR] Kick it!
[BILL] Ah, okay.
[DOCTOR] Can you
[DOCTOR] Yes, yes.
[BILL] Um, Doctor?
[DOCTOR] Huh?Oh, hello!
[BILL] How are you doing that?
[DOCTOR] Er.Sonic screwdriver.It makes a noise. That's howthe fish choose a victim. That's how they know they'veisolated someone on the ice.
[BILL] Er better question. Why are you doing that?
[DOCTOR] Just, just a little more.
[DOWELL] What are you? Give me that!
[DOWELL] What the...?
[DOCTOR] Turn it off.There's a button on the side.
[DOCTOR] Here! Give it here!(He throws the screwdriver to the Doctor, whose hands are free, then falls through the ice.)
[DOCTOR] Afraid it has a knack to it. (Bill watches the hole seal up again.)
[DOCTOR] Bill. Miss Potts? I need you with me.
[BILL] I, I
[DOCTOR] Things to do, Bill. Decisions tomake. What are we going to do about Tiny?
[BILL] Tiny?
[DOCTOR] The creature.The loch-less monster.The not-so-little mermaid. Are wejust going to leave her down there?
[BILL] We can't set her free.She could burst up out of the waterand eat a hundred peopleright off of Southbank!She could eat half of London!
[DOCTOR] She might. It's a risk.So, what do you want to do, Bill?
[BILL] We already know the answers.Why are you even asking?
[DOCTOR] I don't know the answers.Only idiots know the answers.But if your future is builton the suffering of that creature,what's your future worth?
[BILL] Why is it up to me?
[DOCTOR] Because it can't be up to me.Your people, your planet.I serve at the pleasure of the humanrace, and right now, that's you.Give me an order.Not long till noon.I need an order.
[BILL] Save her.
[DOCTOR] I'll take care of this.You get everyone off the ice.

---------------------------------------

(Frost Fair)
[BILL] Need help, need it now. Are you in?
[KITTIE] Where's your friend?
[BILL] Not here.
[KITTIE] What's he doing?
[BILL] Not sure.But whatever it is, I don't thinkwe're going to miss it.
[DOTTIE] The thaw! The thaw is here!
[KITTIE] A lady fell through the ice!
[CROWD] The ice is melting!
[BILL] Quick! Get to the shore!
[WOMAN] The ice is melting! The ice!
[SUTCLIFFE] It's a mistake!The ice isn't melting.I swear to you, there is no thaw!
[HARRIET] The ice is melting!
[BILL] Quickly, quickly, that's it.
[SUTCLIFFE] Come on! Hurry!Come on!Something's happened. They've got the word out.We blow it now!
[BILL] No, not yet. Harriet, run!
[HARRIET] But there's still people...
[BILL] Forget them. There's no time. Kitty?Run!Now!
[SUTCLIFFE] What?
[SUTCLIFFE] Argh! Out of my way!
[BILL] (to a potman) Quick! Get to the shore!
[SUTCLIFFE] Argh!
[BILL] Doctor! Doctor!
[DOCTOR] Bill!Bill!
[BILL] You did it!She's free!
[BILL] Go!Where will she go?
[DOCTOR] Somewhere cold, I imagine.Hopefully, she's smart enoughto avoid you lot now.
[BILL] What if she isn't? What if we justlike, doomed Greenland?
[DOCTOR] I'll check in on Greenland.
[BILL] How long is she?!
[BILL] Ah.
[BILL] Can you hear that?

---------------------------------------

(Outside Sutcliffe House)
[DOTTIE] Harry, look!
[KITTIE] No pinching anything, you hear me?And no staring like gapeseeds whenthe lady talks peculiar. It's rude.
[BILL] Get a load of you lot!Cute as!Come in.

---------------------------------------

(Entrance hall)
[KITTIE] You going to tell uswhat we're here for?
[BILL] A very long time, I hope.

---------------------------------------

(Dining room)
[BILL] Go on.Eat as much as you like.
[DOCTOR] Er, you, boy!Remind me, what's your name?
[PERRY] (mouth full) Perry.
[KITTIE] Perry. His name's Perry.Why?
[BILL] Apparently, Lord Sutcliffe'slong-lost heir can't be a girl.

---------------------------------------

(Office)
[BILL [OC]] We must have changedsomething, right?I mean, people sawa monster in the Thames.
[BILL] Well, it doesn't look any different.
[NARDOLE] All right. There you go.There's your tea.I put a bit of coffee in it, aswell, just to give it some flavour.See, it's much better when you stick to your oath.
[NARDLOE] Oh sir, no.This is unacceptable.This is beyond unacceptable.This is naughty.
[DOCTOR] Language.
[BILL] I don't get it.London, 1814.Monster, sea creature,serpent,really, really big fish.Nothing.
[NARDOLE] Sir, you saidyou wouldn't be going off-world.
[DOCTOR] Do these look likeoff-world clothes to you?
[NARDOLE] But, sir, you saidyou'd be coming back to your office!
[DOCTOR] Look, here I am.I'm in my office.I'm drinking my tea, in my specially chosen tea clothes.
[BILL] I don't understand. How could itnot have been headline news?
[DOCTOR] Never underestimatethe collective human abilityto overlook the inexplicable.Also, the Frost Fair involveda lot of day drinking. May I?
[DOCTOR] You can always rely upon the papersto miss a headline.
[BILL] (reads) Lord Sutcliffe drownsin snap thaw.Shock as steel fortuneis passed to street urchin!
[NARDOLE] Sir.We need to talk. Your oath.
[DOCTOR] Give us a coin.
[NARDOLE] What?
[BILL] The new Lord Sutcliffe was foundstarving on London's streets. The inheritance was contested,everyone got super mad, blah, blah, blah,Urchin boy deemed legitimate.Oh my God, it worked!You did it.You saved them.
[DOCTOR] You did.You gave the order, boss.
[NARDOLE] Sir.
[DOCTOR] Give me a coin.We'll toss for it.Heads, the Tardis stays put.Tails, you leave me alone.

---------------------------------------

(Cellar)
[NARDOLE] Leave him alone. Huh. Chance would be a fine thing.Leave me alone.How about that for a new idea?I didn't ask to be re-assembled,did I?
[NARDOLE] Knocking.What was that about?No one's going to open the door,just because you're knocking!
[NARDOLE] Oh, getting cocky now, are you?Why?What do you think you know?What has he told you?
[NARDOLE] Because, yeah,he may have a little friend nowand, yeah, he may bea little bit distractedbut I tell you something,I'm still here. And as long as I'm still here,you are going nowhere!
",2017-04-29,Doctor Who - Thin Ice
"Doctor Who (6 May 2017    ; Twelfth Doctor) - Knock Knock

(Estate agents)
[ESTATE AGENT] Six bedrooms?
[PAVEL] I've got audio equipment, so some extra space would be good.
[FELICITY] I'd quite like underfloor heating.

---------------------------------------

(House for sale)
[ESTATE AGENT] This is bedroom five.
[PAUL] It hasn't got a door.
[ESTATE AGENT] And bedroom six is through there.

---------------------------------------

(Second house)
[ESTATE AGENT] As you can see, this offers more space.

---------------------------------------

(Street)
[SHIREEN] What do other people do?
[BILL] Other people have money.
[LANDLORD] Forgive me, but are you looking for somewhere to live?

---------------------------------------

(Outside the House)
[FELICITY] Oh, wow!
[PAUL] Oh, mate, check out the tower.
[LANDLORD] I'm afraid the tower is unsafe.

---------------------------------------

(Hallway)
[SHIREEN] Bill, look at it!
[BILL] Yeah, but why's it so cheap?
[PAVEL] This place is great. The rooms are huge! Can I move in tonight? My halls are kicking me out.
[LANDLORD] Yes. Yes, of course. So, you'll sign the contract?
[ALL EXCEPT BILL] Yes!
[FELICITY] Of course.
[SHIREEN] Bill?
[PAVEL] (sotto) Wicked!

---------------------------------------

(Pavel's room)
[PAVEL [OC]] What? No, no! No, no! Stop!
[PAVEL] Stop!

---------------------------------------

(Bill's home)
[BILL] Three, two, one.
[DOCTOR] That's all you've got? I thought you'd have loads.
[BILL] Thanks for helping, yeah?

---------------------------------------

(Tardis)
[BILL] You should hire this out, like a removal service.
[DOCTOR] Removals? Bill, I'm a Time Lord
[BILL] Time Lord? What's that, your job?
[DOCTOR] No. It's, er, my people, my species.
[BILL] Doesn't sound like a species. Sounds posh, like, yes, my lord. Doff my cap.
[DOCTOR] Oh, well, that's why I gave it up. Ran away.
[BILL] Time Lords. That's hilarious. Do you wear robes and big hats?
[DOCTOR] No. Er, big collars mostly.
[BILL] Do you want the postcode?
[DOCTOR] Sorry?
[BILL] To find the house.
[DOCTOR] Bill, the Tardis uses multi-dimensional space-time coordinates.
[BILL] So you know where it is.
[DOCTOR] Okay, right, put the postcode in here.
[BILL] Saw the bedroom. Do you sleep here?
[DOCTOR] If I need to. Done?
[BILL] Yeah.
[BILL] If I need to? What does that mean?
[DOCTOR] Sleep's for tortoises.
[BILL] Not Time Lords?
[DOCTOR] No! Unless we've regenerated or had a big lunch.
[BILL] Regenerated?
[DOCTOR] Oh, the questions, the questions, the questions. Just remember Time Lords. That's enough for now.
[DOCTOR] Oh, here we are.

---------------------------------------

(Pavement)
[DOCTOR] Oh, I'll use the Tardis, take it all to your room.
[BILL] Firstly, I don't know which one my room is. And secondly, that's weird and I want to make a good impression. It's cool, I'll just, er, get everything out of the Tardis and then you can go. Thanks for the lift, though!Bye!
[DOCTOR] That's your house?
[BILL] Sharing, yeah. Six of us, renting.
[DOCTOR] I thought you were students?
[BILL] Yeah. I was like, what's the catch, but, actually, it's fine, just a bit draughty.
[DOCTOR] Draughty?
[BILL] I meant draughty inside.
[DOCTOR] Interesting. I'll help you in.
[BILL] No, no, no. It's fine. You really don't have to. It's not
[DOCTOR] Really not a problem.
[BILL] No, wait, honestly. Um, if you just er. If you just go and do history or whatever.

---------------------------------------

(Hallway)
[SHIREEN] Hey. Where have you been? I thought (sees the Doctor) Ah, you're the Doctor.
[DOCTOR] Yes. Hi. Can I get past?
[BILL] Er yes, he's just helping with the move.
[SHIREEN] Helping?
[BILL] He's just my
[DOCTOR] Friend.
[BILL] Grandad.
[DOCTOR] Wait, I don't look old enough to
[BILL] To hold that box for very long.
[BILL] There. Me.
[FELICITY] How exciting is this?
[HARRY] Oh, wow. Doctor. Legend.
[BILL] He's my grandad.
[DOCTOR] Aw, come on. Father at least, please.
[BILL] All right, grand-father. You really can go now, though. Thanks for the help. (thumbs up) Job done.
[DOCTOR] Okay. Bye.
[BILL] Bye.
[HARRY] He's your grandad? That's awesome. Mine went greypacking on the Great Wall Of China with his boyfriend, but they got arrested for trying to steal a bit.
[BILL] A bit of what?
[HARRY] The wall.
[BILL] Okay.
[PAUL] (holding a box with bedding in it) Do you want a hand?
[BILL] Er, yeah. Thanks.

---------------------------------------

(Staircase)
[PAUL] I keep thinking there's going to be one of those bookcases that you pull special books and it's a secret passage.
[BILL] Yeah?
[PAUL] Spooky.

---------------------------------------

(Upper passageway)
[PAUL] Met Pavel on my first day. Often does this. Sits in his room for days. Says it gets him in the zone. All these lot are empty.

---------------------------------------

(Bill's room)
[PAUL] Yeah, this is nice. I picked my room before I'd even seen up here.
[BILL] I thought you wanted the tower?
[PAUL] Yeah, I wish. Can't find a way in. There's a freshers' party in the park tonight. This lot aren't interested, but it could be fun. Or not. Er, but either way, I was saying we should er throw our own party. You know, pop-up. Freestyle. Boom.
[BILL] Yeah, sounds good. See you later then.
[PAUL] Sure.
[BILL] Here you go, Mum. My own place. You proud? Thanks!
[BILL] Grrrrrrr!
[BILL] Stop it. There's no living puddles or weird robots, big fish. It's just a new house, and people you don't know. Not scary at all.

---------------------------------------

(Lounge)
[FELICITY] I just get nervous when there's no reception. Like something bad's goingto happen.
[SHIREEN] Have to get a landline.
[FELICITY] Landline? What is this, Scotland?
[HARRY] Actually, I was unpacking just now and heard this tapping? Little footsteps, like, in the room above?
[FELICITY] What?
[PAUL] Maybe it's a little doll that's come to life.
[SHIREEN] Or a massive, freaky spider.
[BILL] Probably just a mouse.
[SHIREEN] Yeah, we know. We're just messing with her.
[FELICITY] Mice? If there's mice, I'm leaving.
[HARRY] What's that?
[FELICITY] Pavel?
[PAUL] Pavel's upstairs.
[HARRY] Paul, go and have a look.
[PAUL] Why me?
[HARRY] You're physically the biggest.
[SHIREEN] And the most expendable.
[FELICITY] It's in the kitchen.
[BILL] It's all right, I'll go.

---------------------------------------

(Kitchen)
[SHIREEN] Maybe it's just the central heating?
[DOCTOR] There isn't any.
[FELICITY] I thought
[BILL] He'd gone home. Me, too. Isn't any what?
[DOCTOR] Central heating. I've been looking around, inside and out. Very interesting. Lots of wood.
[BILL] Er, why are you still here?
[DOCTOR] Do you know what that is?
[DOCTOR] That's an oil-burning heater. You might need it. There's no washing machine either. The hob is from the Thirties.
[HARRY] Thanks very much.
[DOCTOR] The power sockets will not take your devices.
[SHIRLEEN] Oh, I thought it was just my room.
[DOCTOR] No, no, no. They're out of date. What's that smell? Is that Chinese food? I love Chinese.
[BILL] Doctor.
[BILL] There might be a few old things, but it just needs updating. It's not like there's some massive mystery going on.
[DOCTOR] Did you hear the trees creaking outside when we arrived?
[BILL] Yeah. It was the wind.
[DOCTOR] There wasn't any wind. (to everyone) You should find another house.
[SHIRLEEN] Mmm, I don't think so.
[HARRY] The rooms are really big.
[PAUL] Exactly. And it's still the best place for the money. I'll just call the landlord, sort itout.
[SHIREEN] You can't. No reception.

---------------------------------------

(Lounge)
[PAUL] Okay, so I'll go down the hill. Oh, hi.
[FELICITY] Didn't hear you come in.
[LANDLORD] For a man such as myself, discretion is second nature. So, a gathering. You're all here.
[LANDLORD] No, except one.
[SHIREEN] Pavel's upstairs.
[LANDLORD] And one in addition.
[HARRY] He's the Doctor.
[LANDLORD] Doctor?
[BILL] Yeah, er, he's, he's my grandfather.
[LANDLORD] You're assisting with the relocation?
[DOCTOR] That's right, yeah.
[LANDLORD] It's a heart-breaking experience, to leave one's charge behind, all alone in the big wide world.
[DOCTOR] Indeed, yes. You got children?
[LANDLORD] I, yes, a daughter. But I'm most fortunate, she's still under my protection. So long as that's the case, I'm most content.So, I was calling to see if everything' s satisfactory?
[FELICITY] Actually, there are a few things.
[LANDLORD] Yes, I see. Go on.
[FELICITY] No central heating?
[SHIREEN] The power sockets are wrong.
[PAUL] And a landline.
[HARRY] Some new furniture.
[FELICITY] I need some curtains, carpets.
[BILL] Have you got a cat?
[LANDLORD] A cat?
[BILL] Er, er, yeah. Er, Harry said that he heard some, some noise upstairs, like walking around?
[LANDLORD] No cats. No pets. You understand I won't be able to do any of this tonight. But as soon as possible, yes. Knock on wood.
[LANDLORD] Do what I can.
[SHIRLEEN] That's another thing. This house is really creaky. Everything you touch, it's like uuuurrr!
[LANDLORD] It's unavoidable, my dear.
[HARRY] How do you get into the tower?
[LANDLORD] You don't. The tower is specifically excluded from the terms of our agreement.
[HARRY] Oh, right, well, thank you. No tower. Got it.
[LANDLORD] Right.
[LANDLORD] Oh, are you staying here tonight?
[DOCTOR] Yeah.
[BILL] Er no, he's not.
[DOCTOR] Well, I'm not sure.
[BILL] There's no reason to.
[DOCTOR] I probably will.
[BILL] There isn't a bed, so.
[LANDLORD] All right.
[DOCTOR] Sorry, excuse me. Sorry, sorry, sorry. Who, um, who's the Prime Minister?
[LANDLORD] I beg your pardon?
[DOCTOR] Margaret Thatcher? Harriet Jones? Wilson? Eden?
[LANDLORD] (sotto) I think it's better to leave your granddaughter here with her friends. They seem respectable, and I'll keep an eye, of course.
[LANDLORD] I'll attend to your requirements in the morning. In the meantime, sleep well.
[FELICITY] I take it back. You're fine. He's weird.
[SHIREEN] Oh! The washing machine!

---------------------------------------

(Front door)
[SHIREEN] That's weird.

---------------------------------------

(Lounge)
[SHIREEN] He's not there.
[HARRY] That's it.
[HARRY] That's the noise I heard.
[DOCTOR] Fascinating.
[PAUL] It's just pipes. I'm going to bed.
[BILL] Yeah. Might go up, as well.
[FELICITY] Me, too. Locking my door though.
[BILL] Er, Grandfather? Hello. Yeah. Perhaps you should leave now?
[DOCTOR] No, no, I'm fine.
[BILL] Or at least then, go and er, (sotto) sleep outside, in the car.
[DOCTOR] Er, are you two tired?
[HARRY] Well, I was
[DOCTOR] Good. No, I'm going to hang about with Simon.
[BILL] Harry.
[DOCTOR] And Florence.
[BILL] Felicity. Yeah, why?
[DOCTOR] Well, we're gonna, we're gonna chill. Yeah?
[FELICITY] Yeah. Okay, yes!
[DOCTOR] Put some tunes on, yes?
[FELICITY] Yes.
[HARRY] All right.
[DOCTOR] See? I'm good at making friends. Give me your phone.
[BILL] But why? There's no reception.
[DOCTOR] Phone.
[DOCTOR] I love this.
[FELICITY] Do you know who this is?
[DOCTOR] Do I know who this is? Yes, I know who this is.
[BILL] Yeah, it's Spotify so it's probably random.
[DOCTOR] (reading) Little Mix.
[PAUL] You like Little Mix?
[DOCTOR] Oh, clearly she does. Look, where's a whole playlist here.
[SHIREEN] (taking the phone) What else have you got on it?
[BILL] Can I have a word, please?

---------------------------------------

(Hallway)
[BILL] Honestly, Doctor, there's nothing going on. Nothing weird, nothing alien. Just an old house and a dodgy landlord, which is pretty standard for students. I'll see you later for more exciting Tardis action, but, basically, this is the bit of my life that you're not in. Do you know what I mean?
[DOCTOR] I know what you mean.
[BILL] Thanks.
[DOCTOR] So, up the wooden hill you go. Sleep well.
[BILL] Okay.
[DOCTOR] Maybe before you do, you should check on your friend who hasn't been seen for a day, and who has strange music coming out of his room.
[BILL] They said he just does that.
[DOCTOR] Nobody just does anything.
[BILL] You're not leaving, are you?
[DOCTOR] No. Your friend will probably be fine. (knocks on a panel) Knock on wood.
[SHIREEN] We need to have a talk about your taste in music.
[PAUL] You coming up?
[BILL] Yeah.

---------------------------------------

(Upstairs passageway)
[SHIREEN] Oh, this freaky Scooby-Doo house!
[PAUL] Bill, if you get scared in the night, you know where I am, yeah?
[BILL] What?
[PAUL] Just if you need any er, of my help, or my whatever, you know?
[BILL] Yeah. Er, I get that you're into me, but, um, sorry, you're not my type. It's just, er I tend to go for girls, usually, so
[PAUL] Oh. Oh, right! I was never in with a chance. Awesome!
[SHIREEN] Jeez! Stop! This is what I'm talking about.
[PAUL] This stuff really freaks you out, doesn't it?
[SHIREEN] No! It's just annoying.
[PAUL] Ah.
[SHIREEN] Go to bed.
[PAUL] Sure.
[PAUL] See you in the morning. Agh!
[SHIREEN] Night, then.
[BILL] Why didn't you get a room next to me, like we said?
[SHIREEN] What? I don't know. Doesn't mean anything.
[BILL] I'm not cool enough, is that it?
[SHIREEN] No, shut up. These are my mates, too.
[SHIREEN] Paul! Not funny!
[BILL] Do you fancy him?
[SHIREEN] No, who? Paul? Why? No.
[SHIREEN] Hey! It's not funny!
[SHIREEN] Paul? Are you okay?
[BILL] Mate, come on. We got the joke.
[SHIREEN] See? He's fine. Okay, see you in the morning.
[BILL] What?
[SHIREEN] Er, what's going on?
[BILL] Paul? Oh, we should get the Doctor.
[SHIREEN] Why, what's he going to do? Lecture?
[BILL] Just a normal day, just a normal day.
[BILL] Up.

---------------------------------------

(Hallway)
[FELICITY] Do you like this music, Doctor?
[DOCTOR] Reminds me of Quincy Jones. I stepped in for him once. The bassist he'd hired turned out to be a Klarj Neon Death Voc-Bot.What was worse, he couldn't play. This is very interesting.
[HARRY] The door?
[DOCTOR] Because it isn't.
[HARRY] Isn't?
[DOCTOR] A door, anymore. Try to open it.
[FELICITY] Come on. Shireen did it a minute ago.
[FELICITY] So, it's locked.
[DOCTOR] No. Look. It's completely sealed.
[FELICITY] I don't understand.

---------------------------------------

(Lounge)
[FELICITY] The shutters.
[HARRY] What about them?
[DOCTOR] Closed by themselves. Sealed.
[FELICITY] So, we're trapped?
[DOCTOR] Maybe that's the idea.
[HARRY] What do you mean?
[FELICITY] What's that?
[FELICITY] No. No, no, no! (dust falls from the ceiling) There's something in here. I can't be trapped! I can't!
[DOCTOR] Wait!

---------------------------------------

(Kitchen)
[DOCTOR] Don't go out there!
[FELICITY] I can't be trapped!
[HARRY] Great. Now we're stuck here. Why'd you try and stop her?
[DOCTOR] Listen.

---------------------------------------

(Outside the House)
[FELICITY] Police. Call the police. Call the police.

---------------------------------------

(Kitchen)
[HARRY] What's happened to her? What's going on? Do you think it's like she said? A thing?
[DOCTOR] Maybe.
[HARRY] And so is it out there now? Or in here?
[DOCTOR] Or both.
[HARRY] I'm scared.
[DOCTOR] Don't be.
[HARRY] Why not?
[DOCTOR] It doesn't help.
[DOCTOR] Who's there?

---------------------------------------

(Pavel's room)
[BILL] Oh, God!
[SHIREEN] Pavel?
[BILL] Pavel.
[SHIREEN] Do you think he can hear us?
[BILL] It'll be okay.
[SHIREEN] Is this what happened to Paul? Do we call an ambulance?
[BILL] No reception. Shireen, please sort the record out.
[BILL] Oh, no! Wait, wait, wait! Is it something to do with the music? Did someone do this to you?
[LANDLORD] I have no desire to intrude, but I felt there was a problem.
[BILL] How did you get up here? It's sealed shut.
[LANDLORD] Music can be pleasant, but a simple repetition like that, it's merely a distraction from the inevitable. Hope is its own form of cruelty.
[BILL] Pavel! No, wait! Put it back!
[LANDLORD] Oh, look. He's released. Mercy at last. Beautiful, isn't it? Nature contained. He's preserved in the walls, in thevery fabric of the building forever.
[SHIREEN] So this house is eating people?
[LANDLORD] We must all pay our dues.
[BILL] But not you?
[LANDLORD] Correct. I am the exception.
[LANDLORD] For I am your landlord.
[LANDLORD] You came here, you signed the contract. And now
[LANDLORD] It's time to pay.
[BILL] Go.

---------------------------------------

(Upper passageway)
[SHIREEN] What's that noise?
[BILL] That tower. It was at the back of the building. Logically, the door should be at the end of this corridor. Look for a way in!
[BILL] Indiana Jones, come on!
[BILL] Yes! The tower!

---------------------------------------

(Kitchen)
[DOCTOR] What if something's got into the wood? Into the lathes, behind the plaster, into the very fabric of the house? Wood nymphs, tree spirits, dryads. Anything's possible.
[HARRY] Doctor, what are you doing? We need to get out and call the police!
[DOCTOR] Who's there?
[HARRY] Doctor, you're provoking it. It's getting louder!
[DOCTOR] Wake up! Wake up! Out you come!
[DOCTOR] Oh! I was expecting something quite different, you know, like a gaseous creature, or microscopic! Did you see it move through the wood? Interacting at a cellular level. This must be alien! Got to be alien! What are you doing here? On your holidays? Harry, get a matchbox.
[HARRY] A matchbox?
[DOCTOR] All right, a shoe box. Don't let it get away!
[HARRY] What do you mean, alien?
[DOCTOR] Oh, little one!
[HARRY] Doctor.
[DOCTOR] Oh, it can move fast. Come on, where's that box?
[HARRY] Doctor!
[DOCTOR] What?
[DOCTOR] Ah. Now, this starts to make sense. Yes. Dryads indeed. We need to get out.
[HARRY] We can't!
[DOCTOR] Harry, in here!
[HARRY] What's the point of hiding ina cupboard?
[DOCTOR] It's not a cupboard!

---------------------------------------

(Basement)
[HARRY] What are they? They look like insects but you're saying they can shut doors, trap us?
[DOCTOR] They're not just in the wood, they're becoming the wood itself. Total infestation. Infestation of the Dryads!
[HARRY] You're talking like you've seen things like this before.
[DOCTOR] No, actually.
[HARRY] But you said they were alien.
[DOCTOR] Well, they could be native to this planet, but I've never seen them before. Have you?
[HARRY] That's what they're called? Dryads?
[DOCTOR] Well, that's what I'm calling them, yes.
[HARRY] You've gone crazy.
[DOCTOR] Well, I can't just call them lice, can I?

---------------------------------------

(Tower room)
[SHIREEN] (sotto) There's something behind there.
[ELIZA [OC]] Father? Is that you?

---------------------------------------

(Basement)
[HARRY] Maybe it belonged to a family that used to live here?
[DOCTOR] Harry, there's six boxes.
[HARRY] Tenancy agreement. Same as ours. Six signatures. Jake Christie, Annie Wren, Jonathan Frost.
[DOCTOR] What's the date?
[HARRY] Er, 1997. Sarah Tiller, Mark Hopethorne, Carl Richards.
[DOCTOR] (looking at a set of polaroid photographs) They move in, relax, go to their rooms, then panic. Infestation.
[HARRY] Doctor.
[HARRY] 1977.
[DOCTOR] 1957. Every twenty years.
[HARRY] There's something coming.
[DOCTOR] Good.
[DOCTOR] Christie, Wren, Frost, Tiller, Hopethorne, Richards.
[LANDLORD] Fine young men and women.
[DOCTOR] As were all the others. Where are they?
[LANDLORD] In the house.
[HARRY] What? Where? We haven't seen them.
[DOCTOR] He means they're in the house. The wood, Harry.
[LANDLORD] Don't think I haven't considered theconsequences, Doctor.
[DOCTOR] So why do it?
[LANDLORD] My daughter was dying.
[HARRY] What are you talking about?
[LANDLORD] Nothing could be done, until these creatures saved her.
[LANDLORD] We'd do anything to protect them.
[DOCTOR] Your daughter, she's here, she's in the house, isn't she?
[LANDLORD] Indeed. And she must survive.
[HARRY] We have to get out!
[DOCTOR] Harry, stay with me! Come back, Harry! Come back!
[HARRY] Aaah! Doctor!
[DOCTOR] Get him out!
[LANDLORD] God rest his soul.
[DOCTOR] Bill! Is Bill all right?
[LANDLORD] I'd be more concerned for yourself, Doctor. Your advanced age means you have less energy, less matter, but they'll take what they can get.
[DOCTOR] The insects are keeping your daughter alive. How does that work? Come on, call these off! Maybe I could help? I'm a doctor!

---------------------------------------

(Tower room)
[BILL] Er, are you okay?
[ELIZA] Oh, I haven't had visitors in such a long time. My name is Eliza.
[BILL] I'm Bill. This is Shireen.
[SHIREEN] Hey!
[ELIZA] I'm pleased to meet you.
[SHIREEN] Bill, look!
[ELIZA] What?
[BILL] You've got something just, just there.
[SHIREEN] I'm a celebrity, get me out of here, yeah?
[SHIREEN] Bill?
[SHIREEN] Cockroaches. Had them on my gap year in Morocco. No problem. Let's go.
[BILL] Shireen.
[SHIREEN] Oh, no. Oh, no! It's in my foot!
[BILL] Shireen!
[BILL] I, I don't understand. She's
[ELIZA] It's upsetting, I understand. But Father says we have to survive.
[LANDLORD] Eliza, do not fear this man. He says he might be able to make you well.
[DOCTOR] Bill, how are you?
[BILL] (close to tears) Yeah, yeah, I'm okay. Shireen.
[DOCTOR] The lice?
[BILL] Yeah.
[DOCTOR] Harry, too.  Um, in brief, he's her dad. He's been keeping her alive with the bugs for about seventy years. Your friends are the food.I said that I could help. Now, you must be Eliza. How are you feeling? Rotten?
[ELIZA] I am quite well.
[LANDLORD] Administer your treatment, Doctor.
[DOCTOR] Well, what's the medical history here? What happened? Eliza, you were very ill?
[ELIZA] Yes.
[DOCTOR] Yes? The doctors had, er, given up on you, but then one day your father brings you a present. Where did you find them? What, on the roof? In the garden?
[DOCTOR] You find the insects. You bring them into the house because you want to show them to her, presumably just to just to amuse her.You couldn't have known what they were.
[LANDLORD] Can you help her or not?
[DOCTOR] I am helping. This is me helping. How did you find out their unique abilities? Did you bring them in here?You brought them in here, right, but what activated them? You use a tuning fork now, but
[BILL] Pavel had that record on. A violin?
[DOCTOR] High-pitched sounds. Yes.
[DOCTOR] Soothes her to sleep. High-pitched sound. You leave your daughter alone for the night, or so you believe. The music wakes them. They set to work, and in the morning, you find her revitalised, just slightly wooden.
[DOCTOR] You realise there's a way she can survive.
[LANDLORD] Enough!
[BILL] No, wait. Doctor, that doesn't make sense.
[DOCTOR] Can you not interrupt? I'm doing my thing here.
[BILL] But why would he pick up insects from the garden and bring them in to see his ill daughter?
[DOCTOR] Everyone loves insects.
[BILL] I don't!
[DOCTOR] They're fascinating.
[BILL] Okay. Secondly, he's not wood. He's just like us.
[DOCTOR] He's. (looks at the Landlord) Yes.
[BILL] So, if he's her father, and she was preserved seventy years ago.
[ELIZA] I do not understand.
[DOCTOR] I forget, you see, your human lifespan, it's, it's not long, is it.
[LANDLORD] Do not let them trouble you.
[DOCTOR] What do you remember of the past, Eliza?
[ELIZA] My father, he knows what's best.
[DOCTOR] Yes, the lice preserve the appearance and the voice, but not so much the memories. He's not your father, am I right?
[LANDLORD] No! Stop talking!
[ELIZA] Father, what's the matter? I don't understand.
[DOCTOR] Your father would have had better things to do than playing with insects in the garden. But he isn't your father. When you were ill, he was sent out of the house by the doctors who are failing to save his mother!
[ELIZA] His mother?
[DOCTOR] Eliza, he's your son. Your loving son.
[ELIZA] My son?
[LANDLORD] (crying) Forgive me. Forgive me.
[DOCTOR] When you saw what the creatures had done, you understood, didn't you? The lice could keep your mother alive if you protected them,tamed them, fed them.
[LANDLORD] If you could save the one who brought you into this world, wouldn't you? Your silence is a confirmation.
[ELIZA] I did what you told me because I thought you knew best. But I, I am your mother?
[LANDLORD] Yes.
[ELIZA] And you, all these children you've taken. You told me it was necessary, that we had no choice.
[LANDLORD] That's right, it was. It meant we could stay together. Don't you understand? We were happy! I kept our lives a secret, and a secret we must remain.
[LANDLORD] You have brought her nothing but misery and confusion! You will be taken, like the others!
[BILL] Okay, now's the time for the plan.
[BILL] Well, start busking,
[DOCTOR] Eliza, people have died and will continue to die unless you stop all this right now.
[ELIZA] How can I stop it?
[DOCTOR] You're the parent. You're in charge!
[DOCTOR] That's it!
[LANDLORD] Do what I say! I control you!
[ELIZA] No. It's me. I control them.
[LANDLORD] Eliza, finish them now. Take them, or you'll die! They'll destroy you!
[DOCTOR] What's the point in surviving if you never see anyone, if you hide yourself away from the world? When did you last open the shutters?
[BILL] It's the freshers' party in the park.
[DOCTOR] Exactly. New friends, fireworks. That's what life should be.
[ELIZA] I remember. My son, leave my side at last. Go and see the world.
[LANDLORD] (little boy voice) No, I don't want to! If you won't finish them, I will!
[ELIZA] John!
[ELIZA] My little boy, this has to end.
[LANDLORD] No, we mustn't end. We have to destroy them.
[ELIZA] It's our time.
[LANDLORD] No, I don't want to!
[LANDLORD] No, no.
[ELIZA] Thank you.
[DOCTOR] We've got to get out of here.
[BILL] Is that?
[DOCTOR] Yes, your friend. She's restoring them! Come on.
[BILL] I thought you were gone.
[SHIREEN] Are you okay?
[BILL] Me? Yeah, I'm fine. What about the others?
[DOCTOR] Come on!

---------------------------------------

(Upper passageway)
[BILL] We need to get out! Now!

---------------------------------------

(Outside the House)
[DOCTOR] Wrong way! Wrong way! Wrong way!
[FELICITY] Bang goes our deposit.
[SHIREEN] Oh man, that's our house.
[HARRY] Gone.
[DOCTOR] Right, you lot, back to the estate agents. Better luck next time.

---------------------------------------

(Cellar)
[NARDOLE] Oh, here he comes.
[DOCTOR] Are you being cheerful? I'm against cheerful.
[NARDOLE] Bill told me you went on a little adventure. You see?
[DOCTOR] I see what?
[NARDOLE] Well, you don't have to go to outer space to find monsters. There's plenty of things that want to kill you right here on Earth.
[DOCTOR] Result.
[DOCTOR] Well, I am.
[NARDOLE] Obviously.
[DOCTOR] Okay, you can take the rest of the night off. Go on, go and do whatever it is you do. Actually, what do you do? No! Never tell me that.
[NARDOLE] I just want to have a look at this. Our friend inside's been a little restive lately.
[DOCTOR] Ah, I can sort that out.
[NARDOLE] No, it's all right, I don't mind.
[DOCTOR] Goodnight, Nardole.
[NARDOLE] Right. Goodnight, sir. See you in the morning.
[NARDOLE] A piano? You've put a piano in there? Why?
[DOCTOR] Goodnight.
[NARDOLE] (sighs) Oh, you don't learn, do you, sir.
[DOCTOR] Hey! Do you want dinner? I've got Mexican.
[DOCTOR] Look, I know you miss it all, but I'm stuck here too, you know? We're both prisoners. So what do you say, dinner? And I've got a new story for you, too. There's a haunted house and woodlice from space. And lots of young people get eaten.
[DOCTOR] I'm coming in.
",2017-05-06,Doctor Who - Knock Knock
"Doctor Who (13 May 2017    ; Twelfth Doctor) - Oxygen

(Lecture hall)
[DOCTOR] So, how does space kill you? I'm glad you asked. The main problem is pressure. There isn't any. So, don't hold your breath or your lungs will explode. Blood vessels rupture. Exposed areas swell. Fun fact! The boiling temperature of water is much lower in a vacuum. Which means that your sweat and your saliva will boil, as will the fluid around your eyes. You won't notice any of this because fifteen seconds in, you've passed out as oxygen bubbles formed in your blood. And ninety seconds in, you're dead. Any questions?
[DOCTOR] Yes.
[STUDENT] What's this got to do with crop rotation?
[DOCTOR] Er, I dunno. But space is great, isn't it?

---------------------------------------

(Outside the building)
[NARDOLE] You're missing it, aren't you?
[DOCTOR] Crop rotation?
[NARDOLE] Space.

---------------------------------------

(Outside the Vault)
[NARDOLE] I'm worried you're thinking about taking another trip, sir.
[DOCTOR] I'm here, I'm guarding the vault. What do you want from me?
[NARDOLE] The truth.
[DOCTOR] Don't be unreasonable.

---------------------------------------

(Tardis)
[DOCTOR] Space! Going to space is exactly like camping.
[BILL] Is it?
[DOCTOR] Er, well, no.
[BILL] Okay.
[DOCTOR] Well, in a way, yes.
[BILL] Great.
[DOCTOR] Too much between you and the outside and you might as well stay home. To really feel it, you need the space equivalent of a wafer-thin sleeping bag and a leaky two-man tent. So, pick a campsite.
[BILL] Got any reviews?
[DOCTOR] What?
[BILL] You know, like for restaurants. Waiter was a bit handsy, lasagne gave me the trots. Two stars.
[DOCTOR] Strangely, no.
[BILL] Oh, I don't know. That one.
[DOCTOR] Ah, yes, well, possibly we could go there, pitch our tent next to the toilet block. How about something a bit more exciting?
[BILL] What's that?
[DOCTOR] That is my theme tune. Otherwise known as a distress call.
[BILL] You like distress calls?
[DOCTOR] You only really see the true face of the universe when it's asking for your help.
[NARDOLE] I haven't seen my true face in years. Swapped it for this one on the run.
[DOCTOR] Oh, look, Bill, it's Nardole. What a lovely surprise. I thought I sent you to Birmingham for a packet of crisps.
[NARDOLE] Yeah, I saw through your cunning ruse.
[DOCTOR] Yes, well, if you will go thinking for yourself. What do you want?
[NARDOLE] I was given strict instructions to keep you at the university.
[DOCTOR] Who by?
[NARDOLE] You.
[DOCTOR] Well, you're not doing a very good job, are you? I'll overlook it this once.
[NARDOLE] Do you know what this is?
[DOCTOR] If it's not crisps, you're sacked.
[NARDOLE] Fluid link K57. Removed it from the Tardis the other night after your lecture.
[DOCTOR] That is very untrusting.
[NARDOLE] You took an oath, sir. The vault cannot be unguarded.
[DOCTOR] Oh, listen to Mister Boring.
[NARDOLE] I'm acting under your orders!
[DOCTOR] See how reliable I am?
[BILL] What's a fluid link?
[NARDOLE] No idea. But the Tardis can't go anywhere without it.
[DOCTOR] Who told you that?
[NARDOLE] You did.
[DOCTOR] Exactly. (snaps his fingers) Teach you to trust me.
[NARDOLE] No.
[DOCTOR] I'm docking your pay for this.

---------------------------------------

(Space station)
[NARDOLE] I'm a bit cross with you, sir.
[DOCTOR] Noted. Scored out. Forgotten.
[DOCTOR] Wait. There's no oxygen.
[BILL] What? Well, how come we're breathing?
[DOCTOR] Air shell around the Tardis. Hang on.
[DOCTOR] Now there's a really big air shell around the Tardis.
[BILL] How big?
[DOCTOR] Big enough for a stroll.
[NARDOLE] So cocky.

---------------------------------------

(Corridor)
[BILL] Why aren't we floating?
[DOCTOR] Artificial gravity.
[BILL] Doesn't feel like space.
[BILL] Aw! Now it feels like space!
[DOCTOR] Look at this. Classic design. Pressure seals, hinges. None of that shk-shk nonsense.
[NARDOLE] Space doors are supposed to go shk-shk, not urrrrr.
[DOCTOR] Are you going to be like this all day?
[NARDOLE] Yeah. Till you're back where you should be.
[BILL] Er, guys?
[DOCTOR] Hm?

---------------------------------------

(Repair bay)
[DOCTOR] Hello?(The man looks very unwell. The Doctor scans him.)
[DOCTOR] He's dead.
[BILL] Well, how can he be dead? He's standing up.
[DOCTOR] No. His suit's standing up. He's just along for the ride.
[BILL] Oh God, it's standing for him?
[DOCTOR] Gyro stabilisers, magnetic boots and gloves, onboard computer. It could run, jump, and update his Facebook. Death, where is thy sting?
[NARDOLE] So, back to the Tardis?
[BILL] Yeah, can you turn it off?
[NARDOLE] Turn what off?
[BILL] The suit. Just, please, just, just turn it off.
[DOCTOR] Why?
[BILL] He's just standing there. It's sick. It's disrespectful.
[DOCTOR] I'll tell you what's disrespectful. Whatever killed him.
[BILL] Well, there was no oxygen, right? Before we got here. Didn't he just suffocate?
[NARDOLE] Well, his tank's full. And his field's up.
[BILL] His what?
[DOCTOR] Forcefield. Keeps the air in.
[BILL] Well, look, can we just, like, lie him down or something? I mean, this isn't right.
[DOCTOR] No, it isn't. It isn't. Mining Station Chasm Forge. Crew of forty. I've got thirty six records of life signs terminated. Last log entry, Station declared non-profitable.
[NARDOLE] Yeah, your workers all dying'll do that for you.
[NARDOLE] Okay then! Back to the Tardis! Lovely in there. Nice and cosy.
[BILL] Yeah. Yeah, he's right.
[BILL] Doctor, are you listening?
[DOCTOR] Forty minus thirty six.
[BILL] Sorry, what?
[DOCTOR] Equals what?
[BILL] Oh no, I'm just saying that Nardole was saying
[DOCTOR] Four. Four, Bill. Four survivors, one distress call. The universe shows its true face when it asks for help. We show ours by how we respond.
[DOCTOR] Any questions?
[DOCTOR] Good.

---------------------------------------

(Section 02)
[DOCTOR] Hello!
[BILL] Has he got his tunes on?
[DOCTOR] Not exactly.
[BILL] Whoa!
[DOCTOR] Calm down. It's empty.
[NARDOLE] And you couldn't just tell us?
[BILL] Are you trying to scare us?
[DOCTOR] I'm maxing out your adrenaline. Fear keeps you fast. Fast is good.
[BILL] Do people ever hit you?
[DOCTOR] Well, only when I'm talking.
[BILL] So, it's basically a robot?
[DOCTOR] Ah, well. Sort of. Fairly dumb. Capable of simple tasks. (to Nardole) So you'd better watch your step. You could be out of a job. And ah! Speech.
[DOCTOR] Hello, suit.
[SUIT] Good morning. How may I assist?
[NARDOLE] Ooo, recognise that voice. Yes! Nice girl, actress, bit orange. Left me for an AI in a call centre.
[DOCTOR] What killed the crew of this station?
[SUIT] I am unaware of any recent deaths.
[DOCTOR] What about the oxygen? Where did it all go?
[SUIT] There has never been any oxygen in this station.
[NARDOLE] (laughs) Oh, listen to that. Still saucy after all these years.
[DOCTOR] Explain.
[SUIT] Oxygen is available for personal use only, at competitive prices.
[DOCTOR] It's only in the suits. Personal use. They only have oxygen in the suits themselves.
[SUIT] Any unlicensed oxygen will be automatically expelled to protect market value.
[NARDOLE] Charging for the air you breathe. She hasn't changed. What was her name?
[BILL] Hang on. Didn't we just fill this place with air?
[DOCTOR] Yes, I suppose we did.
[BILL] Because it said expelled.
[NARDOLE] What's that?
[DOCTOR] It's decompressing!

---------------------------------------

(Repair bay)
[NARDOLE] So!
[NARDOLE] The Tardis is on the other side of that.
[DOCTOR] Yes, I was really hoping that someone would state the obvious.
[NARDOLE] Vacuum behind it, can't open it.
[DOCTOR] Oh, you're on a roll.
[NARDOLE] And if we could, we'd be sucked out into space.
[BILL] What's that?
[DOCTOR] Er, nothing to worry about.
[BILL] Really?
[DOCTOR] Yes, not for several minutes. Well, don't stress early, it's a waste of energy.
[BILL] Stress about what?
[TASKER [OC]] Occupants of repair station, please identify. Occupants of repair station, please identify.
[DOCTOR] Hello there! You first.
[TASKER [OC]] I'm sorry?
[DOCTOR] Well, all your crewmates are dead. So, either you're extremely lucky or you killed them. Which is it?
[TASKER [OC]] This is Drill Chief Tasker. And I haven't killed anyone. Yet. Now who is this?
[DOCTOR] Doctor, plus two. You sent out a distress call. You should be expecting company. Now tell me, what happened to the crew of this station.(The dead man starts to walk towards them.)
[TASKER [OC]] Hang on, you're in the repair bay, right? Get out of there! Now!
[DOCTOR] Why?
[TASKER [OC]] There are suits in there! For God's sake, stay away from the suits!
[DOCTOR] Oh!
[BILL] Doctor!
[DOCTOR] It's fried, should be safe.
[NARDOLE] Er, you thought you were safe before.
[DOCTOR] Yes, well, I'm bound to be right eventually, aren't I?
[DOCTOR] Get me some history. (to Bill) You okay?
[BILL] Er, yeah. Just a, just a little freaked, I think.
[DOCTOR] Try not to breathe so fast.
[NARDOLE] A single line of instruction was sent to all suits. Deactivate your organic component.
[BILL] Organic component, as in people?
[NARDOLE] Ooo!
[DOCTOR] Interesting. They were killed by their own suits.
[BILL] Can you fry those ones, too?
[DOCTOR] Possibly, but we have another problem. Opening the airlock was the station's plan A. Plan B, filtering out all the oxygen.
[NARDOLE] So they can sell it back to us.
[DOCTOR] Capitalism in space. If we want to keep breathing, we have exactly one option. Buy the merchandise.
[COMPUTER] Oxygen levels are seriously depleted. Please step on board your Ganymede Systems Series Twelve SmartSuit. Engage pressure pad to activate customised robing.
[BILL] You said those things were going to kill us!
[DOCTOR] Well, on the bright side, we're dying already.
[BILL] How does this help?
[DOCTOR] We know that they killed their occupants on specific orders. I think these ones are off network for repairs, so they can't receive commands.
[BILL] What if you're wrong?
[DOCTOR] Well, we'll be horribly murdered! Let's say I'm right.
[NARDOLE] Doctor, if those suits have killed thirty six people, that means there's thirty six corpses walking about this station.
[DOCTOR] You know, that really doesn't matter right now.
[NARDOLE] Correction. Yeah, it does. Because I think there's something moving out there.
[DOCTOR] Suits, now!
[COMPUTER] Welcome to the Ganymede Systems Series Twelve SmartSuit. Oxygen field engaged. At current levels of exertion, you have two and a half thousand breaths available.
[BILL] Breaths? You couldn't just give it me in minutes?
[NARDOLE] It doesn't work like that. When you panic, you breathe quicker.
[DOCTOR] You die quicker.
[NARDOLE] Yeah, the scareder you are, the faster you suffocate. So, relax or die. Sorry, probably not the most helpful thought. So, breathe in, breathe out.
[DOCTOR] Drill Chief Tasker. Do you read me?
[TASKER [OC]] Read you, Doctor. You need to take Corridor Twelve to Processing. Quickly.
[DOCTOR] Come on.
[NARDOLE] We'd better go. Come on, but keep breathing.

---------------------------------------

(Corridor)
[DOCTOR] They're here. Come on! This way! Move!
[BILL'S SUIT] You look like you're trying to run. Would you like some help with that?
[BILL] Can you shut your girlfriend up?
[NARDOLE] Velma! That was her name!
[BILL'S SUIT] Confirmed. My name is now Velma.
[DOCTOR] We've hit a sealed door at the end of Corridor Twelve. No way through.
[BILL] My suit's really called Velma?
[VELMA] Correct. My name is Velma.
[DOCTOR] Tasker, come in.
[NARDOLE] Oh! They're through!
[BILL] Breathe in, breathe out. Breathe in
[DOCTOR] Hello?
[BILL] Breathe out. Breathe in, breathe out.
[NARDOLE] Anybody?
[DOCTOR] Tasker!
[)BILL] Breathe in.
[DOCTOR] Hello? Tasker!
[BILL] Breathe
[DAHH-REN] Here. Go! Quick!

---------------------------------------

(Processing)
[WOMAN] Deadlock the door!
[DOCTOR] Cutting it a bit fine, weren't we?
[TASKER] There was some debate over whether to open it at all.
[BILL] Wha! Sorry, I wasn't expecting. Hello.
[DAHH-REN] Great. We rescued a racist.
[BILL] What? Excuse me?
[TASKER] And you are?
[DOCTOR] We got your distress call.
[BILL] Sorry. It's just I haven't seen many, well, any of your people.
[DAHH-REN] It shows.
[TASKER] They're from the union.
[ABBY] The union's a myth.
[TASKER] Take a look.
[NARDOLE] Yeah. We're from the mythical union.
[TASKER] Dahh-Ren?
[NARDOLE] We're here to help.
[BILL] Sorry, is your name Darren?
[DAHH-REN] Dahh-Ren.
[BILL] Ahh. Makes more sense.
[BILL] Er, that's not me. That's not me.
[TASKER] It's just glitching. Ivan, take a look.
[BILL] Look, for the record, I'm not prejudiced. I'm usually on the receiving end.
[DAHH-REN] Oh? Why?
[BILL] What, you really don't know?
[VELMA] Would you like to give feedback on your experience so far? Would you class your experience
[DAHH-REN] Right, where's your ship?
[DOCTOR] Er, we're parked just off your repair station.
[ABBY] Then you might as well be on the moon. They're swarming round there now.
[TASKER] It's just maths now. Oxygen divided by bodies. And none of us have more than three thousand breaths left.
[DOCTOR] Then stop wasting them. I need a map of the base and a full rundown on what happened here.
[TASKER] Who the hell put you in charge?
[DOCTOR] I'm here to save your lives. But if you don't want me to, just raise your hand.
[TASKER] Abby, get the man a map.
[NARDOLE] (to Dahh-Ren) All right? Some of my best friends are bluish.

---------------------------------------

(Maintenence room)
[BILL] Why is Velma the only one that talks?
[IVAN] Velma?
[BILL] My suit.
[IVAN] The others do sometimes. Mostly to say, here's the bill.
[BILL] Is there a mute button?
[IVAN] Yours isn't working. Suit's a mess. Needs a complete overhaul.
[BILL] Thanks, mate.
[IVAN] Don't mention it.

---------------------------------------

(Processing)
[DOCTOR] Deactivate your organic component.
[TASKER] All the suits got the same command. Best guess, someone hacked the network.
[DOCTOR] And you survived how?
[ABBY] We were off network. You have to be to repair the conveyors.
[DAHH-REN] It was just dumb luck.
[DOCTOR] The measurements, are these in metres?
[TASKER] Average breaths. The only unit worth a damn out here.
[DOCTOR] Of course they are.
[ABBY] Forty breaths to the dorms, one twenty to the core. That's where we're headed. It's the safest place.
[DOCTOR] Are there more suits inside the base or out?
[ABBY] Outside is suicide.
[TASKER] Inside we can move faster than them. Outside they have the edge. Which means we're dead.
[NARDOLE] What are you mining? Is it worth stealing?
[ABBY] You think this is a robbery?
[DOCTOR] Well, killing you'd be a good start if it was.
[NARDOLE] It's how I'd do it.
[NARDOLE] If I was to do that sort of thing. Which, actually, I probably wouldn't, so please don't worry.
[DAHH-REN] Well, they picked a fine day for it. This is the least productive we've all been for months.
[TASKER] Look, we're mining copper ore. You'd need to steal a mountain to make it worth your while.
[DOCTOR] Your employers. Any help from them?
[TASKER] They're too far away.
[IVAN] Not that it matters. Whoever hacked the suits also cut the radio.
[DOCTOR] So your distress call
[IVAN] Was a botch. I boosted a suit radio through the dish.
[DOCTOR] Good job.
[DOCTOR] What about the brains of these suits? The AI?
[TASKER] They're dumb as rocks.
[DOCTOR] But can they learn? Evolve? Grow? Maybe get tired of carrying pesky humans around? Know the feeling?
[IVAN] They've got limited problem-solving, and that's it.
[DOCTOR] I'm missing something. What am I missing?
[ABBY] Oxygen. That's what we're missing.  Maybe find some of that and leave the big picture till later, yeah?
[TASKER] They're fixing the lock!
[ABBY] Well then, it's time to go.
[NARDOLE] Limited problem-solving, eh?
[IVAN] West corridor is free. Forty breaths to the core. Let's move.

---------------------------------------

(West corridor)
[DAHH-REN] Quick! They're through!
[COMPUTER] Instruction received. Organic component will be deactivated. Please remain calm while your central nervous system is disabled. Your life is in our hands.
[IVAN] Airlock!(Tasker joins the zombies as they stomp forward.)
[IVAN] Airlock. Helmets on.
[BILL] Where are we going?
[IVAN] Outside.
[BILL] Well, didn't they say that was a bad idea?
[DOCTOR] It is. But I know a worse one.
[BILL] Wait, why, why, why, why do I need that? What about the air forcefield thing?
[DOCTOR] Not strong enough for a vacuum. Trust me.
[BILL] What happens if I throw up in my helmet?
[NARDOLE] Colour and smells.
[BILL] (sotto) Don't throw up in helmet then. Check.
[VELMA] Warning. Helmet malfunction.
[BILL] Er, Doctor?
[VELMA] Please advise local technician.
[BILL] Somebody stop it!
[DOCTOR] Put it back on!
[BILL] Doctor, that's not me doing that.
[DOCTOR] Put it back on!
[BILL] I'm trying. I can't move my arms!
[DOCTOR] Stop the cycle!
[IVAN] We can't stop it. It's automated.
[DOCTOR] Now we know now why your suit was being repaired. Bill. Bill! You're about to be exposed to the vacuum of space.
[BILL] Oh, God!
[NARDOLE] So don't hold your breath.
[BILL] Or my lungs'll explode.
[DOCTOR] You were listening. Well done.
[BILL] What are we going to do?

---------------------------------------

(Compartment)
[BILL] (sotto) Suit? Suit. Velma?
[VELMA] Good morning. How may I assist?
[BILL] (sotto) Shh, shh. I can't move.
[VELMA] This suit is currently offline for diagnostic purposes.
[BILL] Ah, Nardole. Ivan, thank God!
[NARDOLE] You're awake. Told you.
[IVAN] Are you okay?
[BILL] Shh. No. What happened? I can't move.
[IVAN] Your suit is set to auto. The Doctor hacked it and walked you out.
[NARDOLE] And you've got oxygen deprivation which is why you feel like you feel.
[BILL] Have you looked down there?
[NARDOLE] Hmm? Ah, no, they're fine.
[BILL] What? Are we safe? What's stopping them?
[IVAN] This whole area's new. It's not in their mapping system.
[NARDOLE] See? You know, like when your satnav doesn't know a new road.
[BILL] So they can't come here?
[IVAN] Not without a floor plan.
[BILL] Good. What happened to the Doctor? I thought I saw him
[NARDOLE] Yeah, he. The Doctor took you to safety. He gave you his helmet.
[BILL] He died?
[IVAN] He should have done. I don't know how he survived.
[NARDOLE] Listen, about the Doctor. He walked in a vacuum for far too long. He's mostly okay but, he paid a price.
[BILL] What do you mean?
[NARDOLE] He's in Section Twelve.

---------------------------------------

(Section 12)
[BILL] Doctor?
[DOCTOR] Bill. You're up.
[BILL] You're blind.
[DOCTOR] I am? Well, that explains the bruised shins.
[DOCTOR] Oh, don't get all gooey on me. It's temporary.
[BILL] Really?
[DOCTOR] Yeah. Once we get back to the Tardis.
[BILL] The Tardis?
[DOCTOR] I've got stuff in there that'll cure anything. Failing that, I think I've got some spare eyes somewhere.They're from a lizard, but I'm sure they'll fit.
[BILL] So er, until then?
[DOCTOR] Until then what? You really think this is going to slow me down? I do most of my best work ordering other people around.
[DAHH-REN] You do know we're still here, right?
[DOCTOR] Didn't I send you out to get me a latte?
[BILL] So, what's the plan?
[DAHH-REN] Well, we've all been trying to get a radio working and the Doctor's been (pause) thinking.
[ABBY] Don't mean to hurry you, but in seven hundred breaths I'll be dead.
[DOCTOR] I need to think.
[NARDOLE] He really doesn't like help.
[ABBY] It's a transponder, from a ship.
[BILL] Doctor, you okay?
[DOCTOR] Bill, I've got no Tardis, no sonic, about ten minutes of oxygen left, and now I'm blind. Can you imagine how unbearable I'm going to be when I pull this off?
[BILL] Don't do this. You always do this.
[DOCTOR] Do what?
[BILL] Make jokes to distract me from whatever's about to kill us.
[DOCTOR] What else are jokes for?
[NARDOLE] Doctor! There's a rescue ship on the way.
[DAHH-REN] We've picked up a company transponder.
[ABBY] If there's a rescue ship on the way, then how can the rescue ship already be here?
[DOCTOR] Too many rescue ships. There's a first-world problem.
[ABBY] Who are you?
[DOCTOR] I'm the Doctor. I will do everything in my power to save all your lives. And when I do, you will spend the rest of them wondering who I was and why I helped you. If anyone's offering a better deal, be my guest.
[ABBY] You didn't save Tasker, did you? And he believed you. Trusted you.
[ABBY] And now he's dead.
[ABBY] Can you give me one good reason why you shouldn't join him?
[IVAN] Whoa! Whoa! We're all getting a little punchy here. It's the oxygen thinning. It's making it harder to think.
[DAHH-REN'S SUIT] Instruction received.
[ABBY] Will you get out of my way!
[IVAN] Argh!
[DAHH-REN'S SUIT] Complying. Please remain calm while your central nervous system is disabled.
[DAHH-REN] No, no!
[DAHH-REN'S SUIT] Your life is in our hands.
[ABBY] Head for the reactor core! Run!
[DOCTOR] What's happening?
[NARDOLE] Guess!

---------------------------------------

(Corridor)
[IVAN] They knew we were there, somehow.
[ABBY] Voice rec. Had to be.
[BILL] Doctor? Doctor, my suit! It's doing it again! I can't move!
[IVAN] The sequencer's jammed. It needs a reboot.
[DOCTOR] How long will that take?
[NARDOLE] Too long.
[DOCTOR] Okay, we'll pick her up. Come on.
[VELMA] Warning. This is an illegal manoeuvre.
[ABBY] The suit won't let us. Health and safety.
[NARDOLE] Health and safety?
[BILL] Doctor?
[DOCTOR] Okay, get her out of her suit. Give her mine.
[IVAN] The sequencer controls the release clamps. We can't get her out.
[NARDOLE] Well, we can't leave her here. They'll kill her!
[VELMA] Please do not interfere with the operation of this suit. Fines may be incurred.
[BILL] Oh, great. I'll get fined for dying!
[DOCTOR] Fined for dying.
[BILL] Doctor?
[DOCTOR] What if there never was a hack? What if this is just business? Business as usual.
[BILL] What do you mean?
[DOCTOR] Bill. Bill, do you trust me?
[BILL] Why are you saying that?
[DOCTOR] We're going to have to leave you here.
[BILL] What? I'll die!
[DOCTOR] You're not going to die. But I won't lie to you, this will not be good.
[ABBY] We have to go. Now.
[DOCTOR] You will go through hell, but you will come through it. And I will be waiting on the other side.
[BILL] But what if I was going to die
[DOCTOR] You're not going to die!
[BILL] Would you just say exactly the same?
[DOCTOR] I will see you soon.
[BILL] Just tell me a joke before you go.
[BILL] Just tell me a joke! He didn't tell me a joke. Is that a good thing or a bad thing? Mum! Answer me!
[VELMA] Instruction received. Complying.
[BILL] Mum!
[VELMA] Please remain calm while your central nervous system is disabled. Your life is in our hands.

---------------------------------------

(Reactor core)
[NARDOLE] Doctor, this isn't going to work.
[DOCTOR] Isn't it? Why, what do you think I'm doing?
[NARDOLE] Electrolysis. Splitting water into hydrogen and oxygen.
[DOCTOR] Oh, that's clever. I wish I could see me doing that.
[NARDOLE] Doctor, that water is cooling the nuclear core. We'd enjoy five minutes of oxygen before the whole thing overheated and blew.
[DOCTOR] Yes, five whole minutes! We could boil the hell out of an egg! Stop being such a quitter!
[NARDOLE] Doctor, it wasn't your fault. You couldn't have saved her!
[DOCTOR] You know what's wrong with this universe? Believe me, I've looked into it. Everyone says it's not their fault. Well, yes, it is. All of it.It's all your fault. So, what are you going to do about it?
[NARDOLE] There's nothing we can do! She's dead.
[DOCTOR] She's no more dead than you are. Than I am. Than everyone on this station is. Get me to a keyboard.
[NARDOLE] What? Why?
[DOCTOR] Because I'm not trying to make oxygen. Keyboard! Now, please!
[IVAN] You think you have a plan.
[DOCTOR] We've got exactly one plan left.
[IVAN] What plan?
[DOCTOR] The big one. The one you've been waiting for all your life.
[ABBY] What's he doing?
[NARDOLE] Coolant system again.
[DOCTOR] Yes, I've rejigged it a tiny little bit. Either that, or I've really screwed up the plumbing. It's tough when you're blind.
[ABBY] We need to know about this plan.
[DOCTOR] Ah ha. The nice thing about life is, however bad it gets, there's always one last option available.
[DOCTOR] Dying well.
[ABBY] No. No!
[IVAN] What is it?
[ABBY] Our life signs. He's wired them to the coolant system. If we die, it vents.
[DOCTOR] When the suits kill us - and they are going to kill us - the core will blow and the whole station will be destroyed. One very big boom.
[NARDOLE] Is that really the best you've got? Revenge?
[DOCTOR] Not just revenge. It's revenge as bright as the sun. It's revenge you can see across galaxies! Not bad for a blind man.
[IVAN] He's locked us out of the subroutine.
[DOCTOR] Oh, I'm sorry, I just thought I was tweeting.
[ABBY] They're through the third lock.
[DOCTOR] Open the doors.
[IVAN] Are you of your mind?
[DOCTOR] Er, yes, completely, but that's not a recent thing. Listen, all we've got left is a good death. This is the moment you've been waiting for since the day you were born. Don't screw it up now.
[ABBY] There's rescue ships on the way.
[DOCTOR] No, there isn't! No, there isn't. There never was a rescue ship.
[IVAN] What are you talking about?
[DOCTOR] There was no hacking, no malfunction. The suits are doing exactly what they were designed to do. What your employers are telling them to do.
[IVAN] And what would that be?
[DOCTOR] Save the oxygen that you are wasting. You've become inefficient. You even told me. Your conveyors were down.
[ABBY] So everyone had to die?
[DOCTOR] Ah ha! Well, you are just organic components, and you're no longer efficient, so you're being thrown away. You don't believe me? Check on that rescue ship. Access the log.
[ABBY] No, not true. None of it. You, you are just a lunatic.
[IVAN] It is true, Abby. The ship, it set off before the distress call.
[DOCTOR] They're not your rescuers. They're your replacements. The end point of capitalism. A bottom line where human life has no value at all. We're fighting an algorithm, a spreadsheet. Like every worker, everywhere, we're fighting the suits.
[IVAN] They're nearly through!
[DOCTOR] Open up. Let's send them a message. Let's teach them a lesson they will never forget. If they take our lives, we take their station and every penny they will ever make from it. Die well! It's the finish line! It's winning!
[ABBY] Open it.
[NARDOLE] (sotto) Doctor! Doctor
[DOCTOR] (sotto) What?
[NARDOLE] (sotto) It's Bill.
[DOCTOR] (sotto) Of course it's Bill. Fate and me, we have a thing. (normal) Hello, suits. Our deaths will be brave and brilliant and unafraid. But above all, suits, our deaths will be (pause) expensive!
[DOCTOR] Check your readings. We die, your precious station dies. The whole thing will blow. The company will make the biggest loss in its history. A moment ago, we were too expensive to live. Now we're more expensive dead. Welcome to the rest of your lives.
[ABBY] But you said that we were going to die.
[DOCTOR] Ah. Technically, I said you were as dead as Bill. Probably should've mentioned. Bill's not dead.
[DOCTOR] I saw earlier her suit battery was too low. Not enough for a lethal dose. I know what it takes to kill someone.
[IVAN] Ellie.
[ABBY] What are they doing?
[DOCTOR] Relax. They're giving us their oxygen. It's good for business.
[NARDOLE] I'm not sure I'm very happy about it.(The zombies swap oxygen tanks with our survivors.)
[IVAN] Thank you.
[NARDOLE] It worked!
[BILL] Doctor
[DOCTOR] Yeah?
[BILL] I think I'm alive.
[DOCTOR] Yep. You do seem to be under that impression.
[NARDOLE] Cuddle.

---------------------------------------

(Tardis)
[NARDOLE] Okay. Keep your eyes open. Keep them open up there, that's it.
[ABBY] You could have told us your actual plan in the first place.
[DOCTOR] I could have told Bill her battery was too weak to kill her, but the suits would have heard. I try never to tell the enemy my secret plan.
[NARDOLE] Better?
[DOCTOR] Hmm. Ah, we're back in the Tardis. When did that happen?
[ABBY] Thank you, Doctor, for all that you've done. I'm sorry that I didn't have more faith in your methods.
[DOCTOR] Ah, don't mention it. Now I can set you down on a hub world outside of corporate control, or anywhere, really. The universe is your crustacean.
[ABBY] Head Office. We've got a complaint to make.
[DOCTOR] I think we can arrange that.
[DOCTOR] Promise me you'll be loud?
[ABBY] Promise.

---------------------------------------

(Office)
[BILL] Does it work?
[DOCTOR] Does what work?
[BILL] Making a complaint to Head Office.
[DOCTOR] No idea. Never had a head office. But as far as I remember, there's a successful rebellion six months later. Corporate dominance in space is history,and that about wraps it for capitalism.
[BILL] Yay!
[DOCTOR] Then the human race finds a whole new mistake. But that's another story.
[BILL] Can't wait.
[DOCTOR] But you will.
[BILL] Laters!
[DOCTOR] Laters.
[NARDOLE] Never again.
[DOCTOR] Stop talking. Now.
[NARDOLE] I'm serious. We were so close to not making it back. Then what happens to the vault? You know what's at stake here.
[DOCTOR] Really, stop talking.
[NARDOLE] What if you got killed out there, huh? What happens to your precious Earth then? You need to be here, and you need to be ready if that door ever opens. Look at me.
[DOCTOR] I can't.
[NARDOLE] What if you came back injured or sick? You really think our friend down there won't know that? Won't sense it? Look at me!
[DOCTOR] Nardole, I can't. I really can't! I can't look at anything ever again. I'm still blind.
",2017-05-13,Doctor Who - Oxygen
"Doctor Who (20 May 2017    ; Twelfth Doctor) - Extremis

[				  RAFANDO] Death is an increasing problem. With over a billion intelligent species active in this galaxy alone, it is an ever-greater challenge to know how to kill all of them. On this planet, we are proud to serve as executionersto every living thing. The destruction of a Time Lord, however, is a particular honour.
[RAFANDO] This technology is precisely calibrated. As you can see, it will stop both hearts, all three brain stems, and deliver a cellular shock wave that will permanently disable regenerative ability.
[DOCTOR] I know how it works.
[RAFANDO] You certainly will in a moment. Following termination, the body will be placed in a Quantum Fold chamber, under constant guard for no less than a thousand years. In case of, shall we say, relapses. Life can be a cunning enemy. An additional stipulation of the Fatality Index is that the sentence must be carried out by another Time Lord. Apologies for our choice, but your people are not easy to come by.
[MISSY] Oh! Doctor! I didn't expect you. Thought you'd retired. Domestic bliss on Darillium, that's the word among the Daleks. What happened? Oh, I see. My condolences.
[RAFANDO] The prisoner will kneel.
[MISSY] Right.
[MISSY] Thank you.

---------------------------------------

(Outside the Vault)
[DOCTOR] They can't know I'm blind, Missy. No-one can know. Memories are so much worse in the dark.

---------------------------------------

(Execution place)
[RAFANDO] The Quantum Fold chamber is prepared.
[MISSY] Great.
[RAFANDO] The sentence will be carried out. Executioner?
[MISSY] Please, I'll do anything. Just let me live.

---------------------------------------

(Lecture hall)
[DOCTOR] Hello? Hello? Who's there?
[ANGELO] Good evening, Doctor.
[ANGELO] We have come here today direct from the Vatican.
[DOCTOR] Oh, right. That's nice. Well, if you've got a collecting tin, I'm sure I can find something. Er, leaky roof, is it?
[NARDOLE] Oh, no. No, no, no, no, no. Stop talking. Stop now. Please, just listen to them. It sounds important.
[ANGELO] We have come here to see you because your services and wisdom are recommended at the highest level.
[ANGELO] As you can see, this is the personal recommendation of Pope Benedict IX. In 1045.
[DOCTOR] Pope Benedict. Lovely girl. What a night. I knew she was trouble, but she wove a spell with her castanets.
[ANGELO] Doctor! On behalf of every human soul in this world, of any creed, of any faith, with the utmost respect and in complete secrecy, His Holiness, the Pope, the Bishop of Rome, requests most urgently, a personal audience.
[DOCTOR] Well, if he's so keen to talk to me, why doesn't he just come here himself?
[NARDOLE] He is here. He's standing right in front of us.
[DOCTOR] Hello, ah, the Pope. I'm sorry that I didn't recognise you there. You don't do this. The Pope doesn't zoom round the world in the Popemobile, surprising people. Why would you do that?
[POPE] Extremis.

---------------------------------------

(Office)
[ANGELO] There is an ancient text buried deep in the most secret of the Vatican libraries. A text older than the Church itself. The language of this text is lost to us, but thanks to the work of an early Christian sect, the title has survived.
[DOCTOR] Okay, so what's the title?
[NARDOLE] Oh. Yes, I can see that it says, er, Veritas. Oh.
[ANGELO] Literally, The Truth.
[DOCTOR] Obviously, this sect, they understood the language.
[ANGELO] It died with them. And all copies of their translation disappeared shortly after their mass suicide. A few months ago, after many centuries of work, the Veritas was translated again.
[NARDOLE] Right? And?
[DOCTOR] What did it say?
[ANGELO] No-one knows. Everyone who worked on the translation, and everyone who subsequently read it is now dead. Dead, Doctor, by their own hand.
[ANGELO] The Veritas is a short document. A few pages only. And yet, it contains a secret that drives all who know it to destroy themselves.
[DOCTOR] Confirmed suicides? All of them?
[ANGELO] In every case. Beyond doubt.
[DOCTOR] All bodies recovered?
[ANGELO] Except one, but we naturally assumed that he had
[DOCTOR] Assume nothing. Assumption makes an ass out of you, and umption. Cardinal, one of your translators is missing.
[ANGELO] Doctor, those translators were devout. Believers. They took their own lives in the knowledge that suicide is a mortal sin.
[POPE] Dottore, will you read the Veritas?

---------------------------------------

(Bill's home)
[BILL] Loo's through there.
[PENNY] Oh, ta! I thought you'd moved out from here?
[BILL] Yeah, slightly didn't work out. Second attempt on the way.
[MOIRA] Did I hear voices?
[BILL] I thought you were going out with Harry tonight?
[MOIRA] Howard.
[BILL] I don't like knowing their names. I only get attached.
[MOIRA] Did you bring someone home?
[BILL] Yeah. I'm a grown-up. I can do that, can't I?
[MOIRA] Of course not. I have very strict rules about men.
[BILL] Probably not as strict as mine.
[PENNY] Oh, hello. Are you Moira?
[MOIRA] Oh, you're a girl!
[PENNY] Mmm. I'm Penny.
[MOIRA] Oh! Oh, I see! Oh, I'm sorry. Here's me thinking that she dragged some poor, terrified man home.
[BILL] Well, phew.
[PENNY] Oh, phew.
[MOIRA] Right, you two, I'm off to the pub. Don't do anything I wouldn't do.
[BILL] Well
[BILL] Alone at last.
[PENNY] Oh God, what was that?
[BILL] The pipes. It's, it's the, the pipes in, in my bedroom. Be warned. Sometimes I shout at them.
[PENNY] What?
[BILL] Are you okay?
[PENNY] Yeah. Sorry, I'm just not quite used to all of this.
[BILL] Well, whatever this is, and actually it's not anything yet, it is absolutely nothing to feel guilty about. Okay?
[PENNY] Okay.
[PENNY] That was the Pope! Bill, that was the Pope!
[BILL] Yeah, yeah, give me a minute. I am about to have a truly awesome word with someone.

---------------------------------------

(Bill's bedroom)
[PENNY] Oh, my God!
[BILL] No, Penny! Wait!
[BILL] You're all going to Hell.

---------------------------------------

(Tardis)
[BILL] Doctor! Here's a tip. When I'm on a date, when that rare and special thing happens in my real life, do not, do not under any circumstances, put the Pope in my bedroom!
[DOCTOR] Okay. Now I know. Air cleared. Nardole will explain what's going on.
[BILL] Er, Doctor?
[NARDOLE] It's, er, I think it's pretty serious.
[BILL] What's happened?
[NARDOLE] Well, you
[NARDOLE] You know the Vatican?
[BILL] Yeah.
[NARDOLE] The one in Rome? In Italy?
[BILL] Yeah
[ANGELO] And what is that?
[DOCTOR] It's a sort of a, a reading aid.
[ANGELO] It looks dangerous.
[DOCTOR] Completely deadly. But, you know, swings and roundabouts.
[ANGELO] Pope Benedict said that you were more in need of confession than any man breathing. But when the offer was made, you replied it would take too much time. On behalf of the Catholic Church, the offer stands. You seem like a man with regret on his mind.

---------------------------------------

(Execution place)
[RAFANDO] Have you requested a priest?
[MISSY] Well, I haven't.
[DOCTOR] Apparently, I have.
[RAFANDO] I shall seek consultation.
[RAFANDO] There are four hundred and twelve precedents in the Fatality Index. Divine intervention, therefore, is permitted for a maximum of five minutes.
[MISSY] Five minutes.
[RAFANDO] The executioner may now discuss his immortal soul and any peril thereunto.
[FIGURE] Greetings, sinner. Only in darkness are we revealed.
[DOCTOR] I never sent for you.
[FIGURE] Goodness is not goodness that seeks advantage. Good is good in the final hour, in the deepest pit without hope, without witness, without reward.Virtue is only virtue in extremis. This is what he believes, and this is the reason above all, I love him. My husband. My madman in a box. My Doctor.
[NARDOLE] Your missus wouldn't approve.
[DOCTOR] How the hell did you get here?
[NARDOLE] Followed you from Darillium, on the explicit orders of your late wife, River Song. Warning, I have full permission to kick your arse.

---------------------------------------

(Tardis)
[NARDOLE] Okay, so you're blind and you don't want your enemies to know. I get it. But why does it have to be a secret from Bill?
[DOCTOR] Because I don't like being worried about. Around me, people should be worried about themselves.
[NARDOLE] Yeah, shall I tell you the real reason?
[DOCTOR] No.
[NARDOLE] Because the moment you tell Bill, it becomes real. And then you might actually have to deal with it.
[DOCTOR] Good point, well made. Definitely not telling her now.
[NARDOLE] You're an idiot.
[DOCTOR] Everyone knows that.

---------------------------------------

(Vatican)
[POPE] Que deve proseguire senza di me. Il Cardinale Angelo vi condurra alla biblioteca.
[ANGELO] Here you must go without me. Cardinal Angelo will conduct you to the library.
[POPE] Possa il Signore illuminare il vostro cammino.
[ANGELO] May God light your path.
[DOCTOR] Well, he could certainly give it a go.
[ANGELO] The entrance to the Haereticum, the library of forbidden and heretical texts. First instituted by your old friend, Pope Benedict, who still guards the door.
[NARDOLE] You old dog.

---------------------------------------

(Library)
[ANGELO] Very few know this place exists. The library of blasphemy, the Haereticum.
[BILL] Harry Potter!
[DOCTOR] Language!
[ANGELO] Please, stay close to me. The layout is designed to confuse the uninitiated.
[DOCTOR] Sort of like religion, really.
[BILL] You happy in those shades? Not dark enough for you?
[DOCTOR] In darkness, we are revealed.

---------------------------------------

(Execution place)
[NARDOLE] Remember, sinner, in darkness, we are revealed.
[RAFANDO] I regret, gentlemen, this consultation is over.
[MISSY] I regret it, too.
[RAFANDO] The sentence must now be carried out.
[MISSY] Well, take a few more minutes if you like. Knock yourself out. Actually do. Do that. Knock yourself right out.
[MISSY] I'll be good, I promise. I'll turn, I'll turn good. Please. Teach me, teach me how to be good.
[DOCTO] Without hope. Without witness. Without reward.

---------------------------------------

(Library)
[DOCTOR] Who was your date, then?
[BILL] Er, Penny. It's a long story.
[ANGELO] The very centre of the Haereticum. Home of the Veritas for over a thousand years.
[DOCTOR] Truth in the heart of heresy.
[ANGELO] And death in the heart of truth.
[NARDOLE] You'd be wizard at writing Christmas crackers, you two.
[NARDOLE] Doctor!
[BILL] What's that?
[ANGELO] I don't know.
[NARDOLE] Oh, look, it's a mysterious light, shining round a corner, approximately ten feet away.
[ANGELO] Hello? Who's there?
[BILL] Doctor?
[ANGELO] This library is forbidden!
[BILL] No, wait!
[ANGELO] Who are you?
[ANGELO] What are you doing here? Speak!
[ANGELO] Speak to me.
[DOCTOR] What's through there? What's through that door?
[ANGELO] There is no door there. It's a wall.
[ANGELO] Impossible. Quite impossible.
[DOCTOR] Let's take a look at the Veritas. I have a feeling the answers might be there.
[ANGELO] I have to check if there is a breach in the wall. I'll unlock the cage in a moment.
[DOCTOR] Sure.
[BILL] Oh, my God!
[DOCTOR] What's wrong? Oh, hang on.
[DOCTOR] I think there's someone in there.
[NARDOLE] Yeah, we are very slightly getting that.
[PIERO] I'm sorry. I'm sorry.
[PIERO] I sent it.
[DOCTOR] Sent what?
[PIERO] I sent it, yes.
[DOCTOR] Sent what where?
[NARDOLE] No, stop. You'll just get lost.
[DOCTOR] Cardinal Angelo, someone just broke into your book cage.
[NARDOLE] Priest, by the look of him. Shot out the lock.
[DOCTOR] Oh well, he hasn't gone far. So much for your forbidden library, Cardinal.

---------------------------------------

(Veritas cage)
[BILL] Doctor, look at this. Must have been his.
[NARDOLE] A laptop.
[BILL] Hey, there's Wi-Fi down here.
[DOCTOR] Of course there's Wi-Fi. It's a library.
[NARDOLE] Reading chair with a safety belt?
[BILL] What's CERN?
[NARDOLE] CERN?
[DOCTOR] The European Organization For Nuclear Research. The largest particle physics laboratory on this planet. Why?
[NARDOLE] Because four hours ago, someone, that priest presumably, e-mailed them a copy of the Veritas translation from this computer.
[BILL] Remember what he said. He said, I sent it. He sent the Veritas.
[NARDOLE] And CERN have just replied.
[DOCTOR] What'd they say?
[BILL] Pray for us. When do a bunch of scientists ask for prayers?
[DOCTOR] The same time anyone does. When they're very, very afraid.
[DOCTOR] Particle physicists and priests. What could scare them both?
[BILL] He's been down here for a while, that guy. Whoever he is.
[DOCTOR] At a guess, the missing translator.
[BILL] Oh, that's promising.
[NARDOLE] Promising?
[BILL] Yeah, at least one person read the Veritas and lived.
[NARDOLE] I think we know he isn't.
[DOCTOR] We know nothing of the kind. He might need help. He might have useful information. He's about fifty feet that way.
[BILL] Are you trying to get rid of us?
[DOCTOR] Why?
[NARDOLE] Because you're sending us into the dark, after a man with a gun.
[DOCTOR] Ah, well, I've thought of that.
[NARDOLE] Thank you.
[DOCTOR] Nardole, make sure that you walk in front of Bill.
[NARDOLE] Oh, great.
[BILL] Are you going to read this? Is that why you're sending us off?
[DOCTOR] I won't read this without you.
[NARDOLE] Really, he won't.
[BILL] Promise?
[DOCTOR] Trust me.
[BILL] We'll shout if we need you.
[DOCTOR] Me too.
[BILL] Does it give you the fear when he says trust me?
[NARDOLE] If I worked here, I'd cross meself.

---------------------------------------

(Library)
[NARDOLE] Bill, stay close by me, there's a man with a gun. Uh-uh-uh.
[BILL] Yeah, you don't actually have to do that. In fact, don't you dare do that.
[NARDOLE] Uh-uh-uh, Bill. You're to walk behind me now, like the Doctor said.
[BILL] Yeah, totally not happening.
[NARDOLE] Okay, Bill. Miss Potts.
[NARDOLE] I am the only person you have ever met, or ever will meet, who is officially licensed to kick the Doctor's arse. I will happily do the same to you, in the event that you do not align yourself with any instructions I have issued which I personally judgeto be in the best interests of your safety and survival.
[NARDOLE] Okay, Bill?
[BILL] Okay.
[NARDOLE] Good-o!
[BILL] Nardole, are you secretly a badass?
[NARDOLE] Nothing secret about it, baby doll.
[NARDOLE] Well, that answers that question.
[BILL] It's an opening, like we saw before.
[NARDOLE] Yeah, like a portal.
[BILL] You're right.
[NARDOLE] About what?
[BILL] It would be stupid to go and look.

---------------------------------------

(Veritas cage)
[DOCTOR] Cardinal Angelo? I could do with your help here.
[DOCTOR] I'm not absolutely sure how this is going to work. Either it's going to temporarily fix my eyesight, or it's going to burn out my brain. Just, er, give me a mo.

---------------------------------------

(Execution place)
[MISSY] I am your friend.
[DOCTOR] Makes no difference.
[MISSY] I know it doesn't. I know I'm going to die. I have to say it, the truth. Without hope. Without witness. Without reward. I am your friend.
[DOCTOR] On my oath as a Time Lord of the Prydonian Chapter, I will guard this body for a thousand years.

---------------------------------------

(Pentagon)
[WOMAN] Hello?
[NARDOLE] Hello.
[WOMAN] Who are you? Do you have clearance for Floor Three?
[NARDOLE] Floor Three of what?
[WOMAN] Of what?
[BILL] Of what?
[WOMAN] The Pentagon!

---------------------------------------

(Hub)
[BILL] So the Pentagon is through there.
[NARDOLE] Yeah.
[BILL] And, and, and the Vatican is through there.
[NARDOLE] Yeah.
[NARDOLE] I wonder what's through here?
[BILL] What is this? How is this possible?
[NARDOLE] Alien technology. Let's see what else they've got. (the next light to the left) Ooo. Bill! Come and take a look at this.

---------------------------------------

(Corridor)
[NICOLAS] Oh, hello. Are you coming?
[BILL] Coming where?
[NICOLAS] We're all in the cafeteria. You mustn't miss it.
[BILL] Why?
[NICOLAS] We'll all go together when we go. (laughs) Come on!

---------------------------------------

(Veritas cage)
[DOCTOR] Cardinal, it worked. I can see. Not well enough, not yet. The thing about the universe is, whatever you need, you can always borrow, as long as you pay it back. I just borrowed from my future. I get a few minutes of proper eyesight, but I lose something. Maybe all my future regenerations will be blind. Maybe I won't regenerate ever again. Maybe I'll drop dead in twenty minutes. But I will be able to read this!
[DOCTOR] Now, I have no idea how that is going to affect me, so I'd be a bit stupid to reject the precautions provided. Could you help me, please? Could you help me?
[DOCTOR] You know, I've read a lot of books that this chair would be quite useful for. Moby Dick. Honestly, shut up, and get to the whale.
[DOCTOR] You invited friends and family?
[DOCTOR] Oh, it's the old, old story. They never look so good in the morning.
[DOCTOR] Goodbye to the truth? I came a long way to read that book! Two thousand years at the last count. If you don't want me to read it, you could have stopped me any time you wanted. Why the play acting? This is not a game.
[MONK] This is a game.
[DOCTOR] Good, because I win.
[MONK] Doctor! Doctor!
[MONK] Doctor, we have the Veritas.

---------------------------------------

(Cafeteria)
[NICOLAS] Come, come, come, come.
[BILL] CERN.
[NARDOLE] Where what's-his-name sent the Veritas.
[NICOLAS] Ladies and gentlemen! Your attention please! I've been round everywhere, and I've checked everything. It's all ready to go. Five minutes. Last orders please!
[NARDOLE] (sotto) Look under the tables.
[BILL] (sotto) Oh, my God.

---------------------------------------

(Library)
[DOCTOR] Oh no. Oh, no! No, not yet! No, no, no, no!

---------------------------------------

(Cafeteria)
[NICOLAS] In vino veritas.
[BILL] Why are you doing this? You've got explosives!
[NICOLAS] We're saving the world.
[NARDOLE] You know, we should go. We should probably even run.
[BILL] How is blowing yourselves up saving the world?
[NICOLAS] Because this isn't the world!
[BILL] This isn't what?
[NARDOLE] Bill, time, tiny bit running out.
[NICOLAS] You haven't read it. You haven't read the Veritas.
[NARDOLE] Sorry, love to, but must dash.
[NICOLAS] Choose a number. Any number. Both of you. Now. And say it when I tap this table.
[BOTH] 36.
[NICOLAS] Try again. Keep going.
[BOTH] 17.
[NARDOLE] Huh?
[NICOLAS] Again, don't stop. Every time I tap the table.
[BOTH] 9. 48. 103. A million. Seven million and seven.
[NICOLAS] 67.
[BOTH] 905.
[THREE] 20,460.
[ALL] 12. 4. 87. 702!
[BILL] What is this? How are you doing that?
[NICOLAS] It's a test. It's a shadow test. I'm really very sorry.
[ALL] Eleven, ten, nine, eight, seven, six, five, four, three, two, one!

---------------------------------------

(Hub)
[BILL] Okay, what was that about? Those numbers, how did they do that?
[NARDOLE] Ooo. Oh. Ooo!
[BILL] You okay?
[NARDOLE] No! Yes. No!
[BILL] Someone's been through here. Could be the Doctor.
[NARDOLE] Those things, what do they look like?
[BILL] Projectors.
[NARDOLE] Exactly.
[BILL] Yeah, they're projecting the portals.
[NARDOLE] No, they're not. They're projecting everything. Those worlds, they're all projected. The Pentagon, the Vatican, CERN.
[BILL] They're not real?
[NARDOLE] No, no, they're holograms. They're holographic simulations. And the people in them, too.
[BILL] Sorry, what?
[NARDOLE] You know, like the holodeck on Star Trek, or a really posh VR without a headset. Through there, those places, that's basically Grand Theft Auto.
[BILL] But it can't be.
[NARDOLE] It is! Look at the tech. It definitely is.
[BILL] What? Sorry, you're not making any sense. When did we end up in a computer game? When did that start?
[NARDOLE] I don't know. Maybe when we arrived at the Vatican? But I programmed the Tardis myself. We were on target. We went to the Vatican, the real one, I'm sure of it. Oh.
[BILL] Oh?
[NARDOLE] Those machines, they project the simulations.
[BILL] Yeah?
[NARDOLE] And I'm just wondering what happens if we move outside the light of the projector? Don't let me be right. Please, don't let me be right.
[NARDOLE] I'm part of it! I'm part of the simulation! Bill, I'm not real!
[NARDOLE] Bill!
[BILL] Nardole!
[BILL] Doctor. Doctor?

---------------------------------------

(Oval office)
[DOCTOR] Bill, is that you?
[BILL] Hello, Doctor. Is that the President?
[DOCTOR] It was.
[BILL] I take it he read the Veritas.
[DOCTOR] So did I. Well, I listened to it. There's this thing on here, it reads aloud to you. It's very useful. Who needs Nardole? Where is Nardole?
[BILL] I need to know what's real and what isn't real.
[DOCTOR] Don't we all?
[BILL] Don't play games. Tell me.
[DOCTOR] The Veritas tells of an evil demon who wants to conquer the world. But to do it, he needs to learn about it first. So he creates a shadow world, a world for him to practise conquering, full of shadow people who think they're real.
[BILL] There was a thing. The shadow test?
[DOCTOR] If you're in doubt whether you're real or not, the Veritas invites you to write down as many numbers as you like, of any size, in any order, and then turn the page.
[BILL] All the same numbers in the same order.
[DOCTOR] Yes. Let's bring the story up to date, Bill. Imagine an alien life form of immense power and sophistication, and it wants to conquer the Earth. So it runs a simulation. A holographic simulation of all of Earth's history and every person alive on the surface. A practice Earth, to assess the abilitiesof the resident population. Especially the ones smart enough to realise that they are just simulants inside a great big computer game.
[BILL] But this is, this (knocks on the desk) This is real. I feel it.
[DOCTOR] Computers aren't good with random numbers. If you ask a computer simulated person to generate a random string of numbers, it won't truly be random. And if all the simulated people are part of the same computer programme, then they'll all generate the same string. The exact same numbers.
[BILL] The numbers. I said them, too.
[DOCTOR] I know. So did I. The trouble is, when simulants develop enough independent intelligence to realise what they are, there's a risk they'll rebel. Those deaths, they weren't suicide. Those were people escaping. It's like, er, Super Mario figuring out what's going on, deleting himself from the game because he's sick of dying.
[BILL] No, I'm real. I feel real!
[DOCTOR] Those pretend people you shoot at in computer games. Now you know.
[BILL] Know what?
[DOCTOR] They think they're real. They feel it. We feel it.
[BILL] Please, help me.
[DOCTOR] Bill, what's happening to you?
[BILL] Save me.
[DOCTOR] Bill, are you there?
[MONK] She was not real. You are not real.
[DOCTOR] No, I'm not. I'm a shadow. A puppet Doctor for you to practise killing.
[MONK] We have killed you many times.
[DOCTOR] Then what are you waiting for? Why don't you kill me now?
[MONK] You suffer. Pain is information. Information will be gathered.
[DOCTOR] Turn me off. Turn me off! I have nothing. Not even hope.
[MISSY] (memory) Without hope. Without witness. Without reward.
[DOCTOR] Funny. I don't believe much. I'm not sure I believe anything. But right now, belief is all I am. Virtue is only virtue in extremis. I take it that your intention is to invade the Earth?
[MONK] The simulations have been run. The Earth will be ours.
[DOCTOR] Well, consider this a warning on the eve of war. I am the Doctor. I am what stands between you and them.
[MONK] You are not the Doctor. You are not real.
[DOCTOR] Oh, you don't have to be real to be the Doctor. Long as you never give up. Long as you always trick the bad guys into their own traps.And here's the trap you fell into. Your simulation, it's far too good.
[DOCTOR] Do you see these? They're set to record. I'm blind, you see, so I'm psychically wired into these, so my memory print of the last few hours will still be intact on here. Information about you!
[MONK] You are not real. There is nothing you can do.
[DOCTOR] There's always one thing you can do from inside a computer. Even if you're a jumped-up little subroutine, you can do it. You can always (puts on the shades) e-mail!
[MONK] What are you doing?
[DOCTOR] I'm doing what everybody does when the world is in danger. I'm calling the Doctor. Pressing send.

---------------------------------------

(Bill's home)
[BILL] I'm doing it, I'm doing it. The essay, I'm doing it.

---------------------------------------

(Outside the Vault)
[DOCTOR] Are you on a date?
[BILL [OC]] No.
[DOCTOR] Are you sure?

---------------------------------------

(Bill's home / Outside the Vault)
[BILL] I think I'd kind of notice?
[DOCTOR] What about Penny? Do you know a girl called Penny?
[BILL] Well, yeah.
[DOCTOR] What's she like?
[BILL] Out of my league.
[DOCTOR] No.
[BILL] Sorry, what? No?
[DOCTOR] No.
[BILL] What does that mean, no?
[DOCTOR] It means I'm a scary, handsome genius from space and I'm telling you no, she's not out of your league.
[BILL] Okay, well, maybe I'll call her tomorrow.
[DOCTOR] Call her tonight.
[BILL] Tonight?
[DOCTOR] Something's coming, Bill. Something very big, and something possibly very, very bad. And I have the feeling that we're going to be very busy. Call her tonight.

---------------------------------------

(Outside the Vault)
[DOCTOR] Listen. If it comes down to it, if you're all I've got left and I need your help, you said you were my friend.

---------------------------------------

(Execution place)
[MISSY] Oi! Get off. Get off! I've just been executed. Show a little respect.
[RAFANDO] She's, she's alive.
[MISSY] I was just a bit sleepy, all right? Let's not split hairs. Shut up. Night-night.
[DOCTOR] Of course she's not dead. She's a friend of mine. I may have fiddled with your wiring a little bit.
[RAFANDO] You swore an oath.
[DOCTOR] I swore an oath I'd look after her body for a thousand years. Nobody mentioned dead.
[RAFANDO] You cannot do this. You will not leave this planet alive.
[DOCTOR] Do me a favour. The Fatality Index. Look up The Doctor.
[RAFANDO] You have an entry, just like any other sentient being.
[DOCTOR] Under Cause Of Death.
[RAFANDO] You do seem to have an impressive record of fatalities credited to you.
[RAFANDO] A truly remarkable record.
[RAFANDO] Where are you going? He's unarmed! You are unarmed?
[DOCTOR] Always.
[RAFANDO] You stand alone?
[DOCTOR] Often.
[RAFANDO] You're the one who should be afraid.
[DOCTOR] Never.
[RAFANDO] Have a nice day, then.
[DOCTOR] Nardole, help me move Missy to the Vault.

---------------------------------------

(Outside the Vault)
[DOCTOR] Something's coming, Missy, and I'm blind. How can I save them when I'm lost to the dark?
",2017-05-20,Doctor Who - Extremis
"Doctor Who (27 May 2017    ; Twelfth Doctor) - The Pyramid at the End of the World

[PENNY] Your tutor's a what?
[BILL] An alien.
[PENNY] What do you mean, an alien?
[BILL] A space one. A space alien.
[POPE [previously]] Will you read the Veritas?
[NARDOLE [previously]] So you're blind and you don't want your enemies to know.

---------------------------------------

(Street)
[PENNY] So your tutor ran a computer simulation.
[BILL] Well, yeah, more like he got, like, trapped inside one.
[PENNY] Can that happen?
[BILL] Yeah, he's an alien.
[PENNY] A space one.
[BILL] Yeah, a space one. Let's just call it a sort of dream.
[PENNY] Are you just completely mad?
[BILL] Is it working?
[PENNY] A little bit.
[BILL] Not so mad, then.
[MONK [previously]] What are you doing?
[DOCTOR [previously]] I'm doing what everybody does when the world is in danger. I'm calling the Doctor. Pressing send.

---------------------------------------

(Bill's home)
[PENNY] So this computer-simulation-dream thing.
[BILL] Yeah?
[PENNY] Which, to be clear, I don't believe a word of.
[BILL] Fair enough.
[PENNY] You said I was in it?
[BILL] Yeah.
[PENNY] How did it go? The dream version.
[PENNY] (laughing) The Pope?
[BILL] In person.
[PENNY] The Pope, in your flat. Here?
[BILL] Yeah.
[PENNY] Your tutor has strange dreams.
[BILL] I bet he does, you know.
[PENNY] Maybe he's just trying to keep you on the straight and narrow.
[BILL] Maybe, yeah. How do you feel on the subject?
[PENNY] Whoa!
[SOLDIER] Stay where you are! Clear.
[COMMANDER] Please remain still and calm. Sit down. Keep your hands in sight on the table. Miss Potts?
[BILL] Yeah.
[COMMANDER] Who's this?
[BILL] This is my friend Penny. Who the hell are you?
[OFFICER] Room secure, your Excellency.
[COMMANDER] This is Miss Potts, sir.
[BILL] Hi.
[COMMANDER] Miss Potts, this is the Secretary-General of the UN.
[SECRETARY-GENERAL] I have flown here today to speak to the President. I'm told you might be able to help.
[BILL] I don't know the President. How would I know the President? I mean, I wouldn't even have voted for him. He's orange.
[SECRETARY-GENERAL] I mean the President. The Doctor.
[BILL] The Doctor's not a president. What's he president of?
[SECRETARY-GENERAL] Well, in times of crisis, Earth.
[PENNY] Is it okay if I get an Ãber?

---------------------------------------

(Limousine)
[BILL] President of the world?
[SECRETARY-GENERAL] In times of unusual danger, that status is made official.
[SECRETARY-GENERAL] Turmezistan, near the border. This is a disputed area. Potential hot spot. The Chinese have troops here, the Russians here, the Americans here.And in the centre
[BILL] A pyramid.
[OFFICER] Sir, I have Colonel Brabbit on the line. Colonel Brabbit, you're on with the Secretary-General.
[SECRETARY-GENERAL] Colonel, what have you to report?
[BRABBIT] (American) Nothing, sir. Nothing at all. It seems dormant.
[BILL] Reporting what? What's dormant?
[SECRETARY-GENERAL] The pyramid. We are keeping it under observation.
[BILL] Why? What's it been doing?
[BRABBIT] You haven't told her?
[SECRETARY-GENERAL] I haven't, no.
[BRABBIT] It's a  five thousand year old pyramid. Just one problem with that. One little problem. It wasn't there yesterday.

---------------------------------------

(Tardis)
[DOCTOR] The end of your life has already begun. There is a last place you will ever go, a last door you will ever walk through, a last sight you will ever see,and every step you ever take is moving you closer. The end of the world

---------------------------------------

(Ordinary street)
[DOCTOR [OC]] Is a billion, billion tiny moments.
[ERICA] Don't shut the door!
[DOCTOR [OC]] And somewhere, unnoticed
[MAN] Sorry.
[DOCTOR [OC]] In silence or in darkness
[ERICA] Damn it!
[DOCTOR [OC]] It has already begun.

---------------------------------------

(Tardis)
[BILL [OC]] You talking to yourself in there?
[DOCTOR] I'm meditating.
[BILL [OC]] You've been in there for hours. I've been trying to talk to you. Have you double-locked this thing?
[DOCTOR] I'm busy thinking. Excellent. Who needs eyesight? Those Monk creatures I told you about. If they've modelled every event in human history, if they've simulated entire eventsstreamed from day one till now, think what they'd know. Think what they could do with that.
[BILL [OC]] The UN called. They want you in Turmezistan immediately.
[DOCTOR] Tell them no.

---------------------------------------

(UN aeroplane)
[DOCTOR] Oh.
[NARDOLE] They wouldn't take no for an answer.
[DOCTOR] How did they get it out of my office? The windows aren't big enough.
[COMMANDER] Oh. They are now.
[BILL] Are you going to ask what's going on?
[DOCTOR] Last I heard, you were on a date with Penny. What happened?
[BILL] Er, the United Nations Secretary-General.
[DOCTOR] Awesome.
[BILL] Nah, that wasn't a metaphor.
[DOCTOR] Good, because I really wasn't following it.
[SECRETARY-GENERAL] Mister President, I'm very pleased to see you. I think we have something of interest.
[DOCTOR] Why don't you tell me in your own words?
[SECRETARY-GENERAL] It's a matter of a pyramid.

---------------------------------------

(Agrofuel Research Operations)
[DOUGLAS] Ah. You're an angel.
[ERICA] Hey. You look, and don't take this the wrong way, you look awful.
[DOUGLAS] How could anyone possibly take that the wrong way?
[ERICA] Big night last night?
[DOUGLAS] There was drinking. There were breakages.
[ERICA] Textbook.
[DOUGLAS] We're going to stage two today.
[ERICA] Well, it would be rude not to. You okay mixing it? I broke my reading glasses.

---------------------------------------

(Near the Pyramid)
[DOCTOR] Tell me what you see.
[BILL] A five thousand year old pyramid.
[DOCTOR] What do you know?
[BILL] It wasn't there yesterday.
[DOCTOR] Therefore?
[BILL] It's not really a pyramid. It's something disguised as a pyramid, that just appeared out of thin air, and that's all way beyond human technology, so it's got to be alien. It's an alien space ship.
[DOCTOR] There you go.
[BRABBIT] But what's it doing?
[DOCTOR] It could have chosen anywhere on this planet. It chose to sit on the strategic intersection of the three most powerful armies on Earth. So what it's doing, Colonel, is sending us a message.
[BRABBIT] What message?
[DOCTOR] Bring it.
[SECRETARY-GENERAL] Mister President?
[BRABBIT] Sir? What are you doing?
[DOCTOR] Bringing it. Nardole.
[NARDOLE] On it, sir.
[SECRETARY-GENERAL] What's he doing? We don't know what that thing is capable of.
[NARDOLE] Nothing yet, all looks fine.
[BILL] What are you doing?
[NARDOLE] Oh, updating him.
[NARDOLE] There's something's happening, sir. It's opening up, sir. There's a door.
[DOCTOR] Nardole?
[NARDOLE] Something's coming out, sir.
[NARDOLE] Going by the description you gave me from the simulation, sir, I think that's one of the Monk creatures.
[DOCTOR] Hello?
[MONK] We know you.
[DOCTOR] Then you'll know that there is a line in the sand, and I'm the man on the other side of it. You want to keep me that way.
[MONK] We will take this planet and its people.
[DOCTOR] You will be prevented. You will be fought.
[MONK] We will be invited. We will take this world. We will rule its people. But only when we're asked. We will talk again.
[DOCTOR] When?
[MONK] At the end of the Earth.
[BRABBIT] 11
[BILL] Yeah, mine too.
[SECRETARY-GENERAL] It's everyone's. 11.57 PM.
[NARDOLE] Did you get that, sir? Everyone's phone's gone to 11
[DOCTOR] Yep, same here.
[BILL] What's
[BILL] What does that mean, 11
[DOCTOR] Also known as three minutes to midnight. The Doomsday Clock.
[NARDOLE] The what?
[DOCTOR] Symbolic clock face, representing a countdown to possible global catastrophe, started by some atomic scientists in 1947.The closer they set the clock to midnight, the closer we are to global disaster. Currently, it's set at three minutes to midnight.
[BILL] So now every clock in the world is the Doomsday Clock.
[DOCTOR] Thanks to the Monks, yes.
[BRABBIT] Is this a threat?
[DOCTOR] I wish it was. Threats are easy. I think this is a warning. Somewhere, somehow, the end has begun.

---------------------------------------

(Agrofuel lab)
[DOUGLAS] Fully automated.
[ERICA] Lunch?
[DOUGLAS] Well, it'd be rude not to.

---------------------------------------

(Turmezistan - Russian sector)
[ILYA] Da?

---------------------------------------

(Tardis)
[DOCTOR] Hello. Privyet. Sorry about that. Needed the call to zero in on your co-ordinates. Now, this is the Secretary-General of the UN. I am the President of the world. And this is Xiaolian, she's in charge of the Chinese army. Say hi to each other. Now, we've been having a bit of chat.The thing is, World War Three. What do you think? Basically, we're against it.

---------------------------------------

(UN Base Turmezistan)
[DOCTOR] Listen to me. Those creatures in that pyramid, they have studied your species, your civilisation, your entire history. They've run a computer simulation of this world since you lot first slopped out of the ocean looking for a fight,and they have chosen this exact moment and this exact place to arrive. Why?
[BILL] Because a war's about to break out?
[DOCTOR] Possibly. But whatever it is, they're right here, right now because they believe humanity will be at its weakest.
[XIAOLIAN] Then we'll demonstrate strength. We will attack the pyramid.
[NARDOLE] Force is never the answer. Isn't that right, Doctor?
[DOCTOR] Contact your masters. Co-ordinate your attacks.
[NARDOLE] Doctor?
[DOCTOR] I doubt you'll even scratch that thing, but if you demonstrate strength and unity, they might choose to step away. (sotto) Bill, take that look off your face.
[BILL] There's no look on my face.
[DOCTOR] They did not come here in peace. We have to do what we can.
[BILL] Yeah, I get it.
[NARDOLE] It's two minutes to now.
[DOCTOR] The Doomsday Clock is moving.
[SECRETARY-GENERAL] What do we do?
[DOCTOR] Co-ordinate your attacks.
[BILL] What's wrong with him? What's wrong with the Doctor?
[DOCTOR] Did Nardole send you to speak to me?
[BILL] Might have done. Might have said there was something you ought to tell me.
[DOCTOR] Funny thing, fear, isn't it? Once it rules you, you're even afraid to admit what's scaring you. For the record, I, for one, fully understand my weakness.
[BILL] Oh God, what's that?

---------------------------------------

(En route to the Pyramid)
[PILOT] Approaching target. Permission to strike.
[BILL] So, why is the pyramid active now?
[DOCTOR] Possibly they know they're about to be bombed.
[PILOT] Target distance ten miles. Set position five degrees.
[PILOT] Red 12. Mayday! Mayday!

---------------------------------------

(Near the Pyramid)
[NARDOLE] It's the Monks. They've hijacked the plane. How did they do that?
[NARDOLE] Oh, they're fine. The crew are alive.
[BILL] Who are those guys?
[ILYA] I think they're ours.
[BILL] Yours?
[ILYA] We targeted the pyramid with a missile.
[ILYA] From a submarine.
[DOCTOR] So demonstrating strength isn't going to help.
[MONK [OC]] We are ready to talk.

---------------------------------------

(Agrofuel lab)
[ERICA] Why don't you just take the afternoon off if you feel that bad?
[DOUGLAS] I can't just take the afternoon off.
[ERICA] How about a kip on the floor under your desk?
[DOUGLAS] Now, that's an idea I can get behind.

---------------------------------------

(Pyramid)
[BILL] I mean, this is a trap, right?
[DOCTOR] Possibly. Probably.
[BILL] And we're just walking into it.
[DOCTOR] Well, every trap you walk into is a chance to learn about your enemies. Impossible to set a trap without making a self-portraitof your own weaknesses.
[BILL] Great. Unless it kills us.
[DOCTOR] Well, you could say that about anything.
[MONK] The human race is about to end. The chain of events is already in motion. Life on Earth will cease by humanity's own hand. Observe.

---------------------------------------

(Simulation chamber)
[DOCTOR] Ah. The simulation machine looks a bit different from the outside.
[MONK] We are modelling the future. Each thread is a chain of days, leading to your end. We can detect when a catastropheis about to occur.
[DOCTOR] And?
[MONK] Stop it from occurring.
[BRABBIT] You don't look much like guardian angels.
[MONK] We have chosen this form to look like you.
[BRABBIT] You look like corpses.
[MONK] You are corpses to us. Your world is ending. You can do nothing, but we can save you.
[DOCTOR] Save us, then.
[MONK] To save you we must be asked.
[DOCTOR] Then what?
[MONK] We will protect you.
[DOCTOR] How long for?
[MONK] Forever.
[DOCTOR] Do you understand now? Do you see? Asking them for help has conditions. Invite them in, and it will be the last free action you take.
[MONK] If you do not ask for help, then see the days to come. These are the threads that lead to one year in your future. Take them as proof.
[XIAOLIAN] What was that?
[DOCTOR] Planet Earth with not a single living thing. Dead as the moon.
[BRABBIT] You seem pretty damn calm about it.
[DOCTOR] Do I? Oh, I'm sorry. It's not my first dead planet.
[MONK] Ask for help. It will be given.
[DOCTOR] Why do you need to be asked?
[MONK] Power must consent.
[DOCTOR] Power must consent. What does that mean?
[MONK] Those who hold power on this world must consent to our dominion.
[DOCTOR] Why?
[NARDOLE] One minute to midnight.
[DOCTOR] You could take this planet in a, in a heartbeat. Why do you need consent?
[MONK] We must be wanted. We must be loved. To rule through fear is inefficient.
[DOCTOR] Of course. Fear is temporary. Love is slavery.
[DOCTOR] No. No, don't do this. Please, don't even consider this!
[SECRETARY-GENERAL] What I saw was real. I felt it. If you can help us, I consent.
[DOCTOR] Please, listen to me!
[MONK] Do you have power?
[SECRETARY-GENERAL] I have power.
[MONK] Does power consent?
[DOCTOR] Please, stop. Just stop this.
[MONK] If your consent is impure, it will kill you.
[DOCTOR] Impure? What does that mean, impure?
[MONK] You act out of fear. Fear is not consent.
[DOCTOR] Planet Earth does not consent to your help, your presence, or your conquest. Thank you for playing the big pyramid game. Bye, bye. See you again next week, hopefully not.
[MONK] Without our help, Planet Earth is doomed.
[DOCTOR] Yes? Well, it's been doomed before. Guess what happened? Me!

---------------------------------------

(Agrofuel greenhouse)
[ERICA] What are you doing?
[DOUGLAS] I just need a minute. I was about to throw up in my suit.
[ERICA] I did that once.
[DOUGLAS] Urgh.
[ERICA] Oh, my God.
[DOUGLAS] Okay. Whatever that is, that is not meant to happen.
[ERICA] We need to sort this.

---------------------------------------

(UN Base Turmezistan)
[DOCTOR] Why do they need consent?
[BILL] Maybe they're like vampires. Can't come in unless they're invited.
[DOCTOR] They're not vampires.
[XIAOLIAN] The future we saw. Is it the war? Do we bring that future about?
[DOCTOR] That would seem to be the most obvious conclusion.
[XIAOLIAN] No. I say, no. Friend, I will not fight you.
[ILYA] We are just soldiers in the field.
[XIAOLIAN] Are we too afraid to disobey?
[BRABBIT] I'm not.
[ILYA] Neither am I.
[BILL] This is amazing.
[BRABBIT] What do you think, Mister President? Did we just give peace a chance?
[DOCTOR] The clock.
[BRABBIT] I'm sorry?
[DOCTOR] Look at the clock.
[NARDOLE] It's still one minute to midnight.
[XIAOLIAN] It made no difference. How could this make no difference?
[DOCTOR] Because it's not you who's going to end the world. You were never the problem.
[BILL] Then who is the problem?
[DOCTOR] Something is happening somewhere else.

---------------------------------------

(Agrofuel lab)
[DOCTOR [OC]] Somewhere in the world, in silence or in darkness, the world is ending right now. And we have to find out where.
[ERICA] It's gone crazy. It's much too strong. It's not just breaking the root system down, it's killing the whole thing. We have to seal off the lab, the greenhouse, everything. This can't be allowed to get into the atmosphere.

---------------------------------------

(UN Base Turmezistan)
[BRABBIT] This is impossible. We can't search a whole planet in a few minutes.
[DOCTOR] Narrow it down. They landed the pyramid in the middle of military crisis. What was the point of that?
[BILL] Okay, what was the point?
[DOCTOR] What was the effect? They told us the world was ending in a potential war zone. What did we assume was going to happen?
[BILL] World War Three.
[DOCTOR] But it didn't. The trick with misdirection, don't look where the arrow is pointing, look where it's pointing away from. So, what's already on our radar that we should be worried about right now? Forget about war. What else could end the world?
[NARDOLE] Bacteria.
[DOCTOR] I like the sound of that.
[XIAOLIAN] New strain of flu? Plague?
[DOCTOR] People can be immune. And whatever it is will kill all life on Earth, not just humans. Plague discriminates. So this isn't a plan, it's a mistake. Somebody, somewhere, is doing something that's about to blow up in everybody's face.
[ILYA] What are you doing?
[DOCTOR] The distraction tells us that whatever's coming is already on a watchlist. I just put all the top-secret intelligence documentsin the world online in searchable format.
[BRABBIT] What!
[DOCTOR] Sit down and google.

---------------------------------------

(Agrofuel lab)
[ERICA] It's never done anything like that before. Check the mix. Anything?
[ERICA] Douglas? Douglas! Douglas?!

---------------------------------------

(UN Base Turmezistan)
[BRABBIT] Doctor, listen.
[DOCTOR] What?
[BRABBIT] Isn't it worth at least just considering doing the deal?
[DOCTOR] What deal?
[BRABBIT] All we have to do is consent.
[DOCTOR] That's what the Secretary-General thought. They burned him.
[BRABBIT] He was afraid. I'm not being afraid, I'm being smart.
[DOCTOR] Yeah, being smart is not giving away your planet. So, an accident, leading to irrevocable consequences. I like bacteria. They can spread. Once they're out, you can't put them away again. What could they do? What do you depend on?
[NARDOLE] Air, water, food, beer.
[DOCTOR] Air, water and food. Let's say something's going to change, something is going to be released. Something new, something fast. I'm feeling, I'm feeling biochemical. Check biochemical trials.
[NARDOLE] Yes, sir.
[BRABBIT] Doctor. That world was dead a year from now. We should at least go in there and talk.
[NARDOLE] There are about a hundred thousand biochemical trials going on right now.
[DOCTOR] Specifically related to GM bacteria.
[NARDOLE] Er, six thousand?
[DOCTOR] How many have reached stage two? You cannot accept their offer.
[ILYA] Why not?
[DOCTOR] Because whatever the price is, it's too high.
[BRABBIT] We'll work it out.
[NARDOLE] Four hundred and twenty eight.
[XIAOLIAN] It's too many, and we don't even know if you're right.
[DOCTOR] Well, I probably am.
[BRABBIT] Probably isn't good enough!
[DOCTOR] Well, probably is all you've got. It's your planet. I can't just give it away.
[BRABBIT] You know what, sir? Finally, you've said something I agree with. It's our planet. Our choice.
[DOCTOR] You can't make a deal with them. You don't what you're agreeing to. I don't know.
[BRABBIT] All I know is, I plan on living to fight another day. Right now, what we don't have is a whole lot of other days.
[XIAOLIAN] Agreed.
[ILYA] Also agreed.
[BILL] Doctor, is it just possible that they're right?
[DOCTOR] Being right is easy. We need to win.
[BILL] All these soldiers in the room, and you're the only one still fighting.
[DOCTOR] Would you make the deal? Even not knowing what's going to happen?
[BILL] Those guys have modelled every event in human history to find our weak spot. Are you going to do the same in a couple of minutes?
[DOCTOR] Would you make the deal?
[BILL] No. Not if I had a choice. But we don't, do we?
[DOCTOR] It's your world.
[BRABBIT] Not any more. Okay, back to the pyramid and negotiate our surrender.
[BILL] Doctor? What are you going to do?
[DOCTOR] Well for a start, I'm going to tell you the truth. I've been keeping a secret from you.
[BILL] Doctor?
[DOCTOR] We can blind them. That's how we do it. We blind them!
[BILL] Blind who? The Monks?
[DOCTOR] Bill, go to the pyramid. Keep an eye on them all. Nardole, with me. To the Tardis.
[NARDOLE] Yes, sir.
[BILL] Have you got a plan?
[DOCTOR] You'll be hearing from me.

---------------------------------------

(Agrofuel lab)
[TANNOY] Biohazard. Lab in lockdown.
[TANNOY] Biohazard. Lab in lockdown. Biohazard. Lab in lockdown.
[ERICA] Oh Douglas, what have you done?

---------------------------------------

(Tardis)
[DOCTOR] Okay, here's the list of labs on the UNIT watch list. If they're being watched, that means they've got CCTV cameras with feeds to UNIT HQ. Can you hack them?
[NARDOLE] Course I can, I'm not just sexy. But there's four hundred and twenty eight of them. We can't watch them all.
[DOCTOR] Are you following me?
[NARDOLE] Yeah, I think I get it.
[DOCTOR] Yes, well, we're not going to watch them, we're going to switch them off. Can you do that?
[NARDOLE] What good would switching them off do?
[DOCTOR] If I'm right, the Monks are only watching one of those labs. How would they do that?
[NARDOLE] Well, I suppose they'd just hack the cameras.
[DOCTOR] So switch 'em off.
[NARDOLE] Okay, so, we've blinded them. But whatever's happening is still happening.
[DOCTOR] Yep.
[NARDOLE] And the Monks are powerful. They can just turn the cameras back on.
[DOCTOR] Yes, they can. But they're only watching one lab. So all we need to know is which lab just got its cameras back?
[NARDOLE] Oh, you genius!
[DOCTOR] Boom.

---------------------------------------

(Agrofuel lab)
[ERICA] Oh, my God!
[DOCTOR] No, I'm the Doctor, but it's an easy mistake to make. The eyebrows.
[ERICA] How did you do that? What is that thing?
[DOCTOR] It's Nardole. He's not my fault. Back to the Tardis. This place is toxic.
[NARDOLE] I'm not human.
[DOCTOR] Oh, you're human enough. I got your lungs cheap.
[NARDOLE] Oh, now he tells me.
[DOCTOR] Park her close. Monitor me. Oh, tidy up your room.
[DOCTOR] You have a problem, I believe.
[ERICA] Who the hell are you?
[DOCTOR] Don't be alarmed, we don't have time. Just jump straight to all the explaining.

---------------------------------------

(Near the Pyramid / Agrofuel lab)
[BILL] It's the Doctor.
[DOCTOR] Okay, found it. Lab in Yorkshire. Long story short, misplaced decimal point resulting in a bacteria that turns any living thing it touches into gunk.
[BRABBIT] So why is it going to end the world? Has it been dispersed already?
[DOCTOR] Ah, no, it's still in the lab. I think I can contain it.
[BRABBIT] We give him two minutes and we're heading in. Agreed?
[ILYA] Agreed.

---------------------------------------

(Agrofuel lab)
[ERICA] We have an air filtration system to take toxins out of the air. It runs a cycle every thirty minutes. It's going to pump the bacteria into the atmosphere.
[DOCTOR] So switch it off.
[ERICA] I can't.
[DOCTOR] Oh. Right, okay, when's the next cycle?
[ERICA] Twenty minutes.
[DOCTOR] What!

---------------------------------------

(Near the Pyramid / Agrofuel lab)
[BRABBIT] Anything?
[DOCTOR] The venting system is automatic. This is going to be trickier than I thought.
[BRABBIT] We're going in.

---------------------------------------

(Agrofuel lab)
[DOCTOR] Think. Think, think, think, think. Stupid Doctor. Stupid, stupid, stupid. Handsome Doctor. Adorable, hugely intelligent, but still approachable Doctor. What's another way to destroy bacteria?
[ERICA] Sterilisation.
[DOCTOR] And how do you sterilise something?
[ERICA] Put it in boiling water.
[DOCTOR] Or?
[ERICA] Put it in a flame.
[DOCTOR] She's got it. By George, she's got it!
[DOCTOR] I'm not going to lie to you. This means that your insurance premiums are going to go through the roof. In fact, pretty much everything is going to go through the roof, because I'm going to blow up the lab. We just need some kind of a trigger, first.
[ERICA] But what are you going to blow it up with? (lightbulb moment) The bacteria is making ethanol. The greenhouse and the lab are full of it!
[DOCTOR] Seriously, what are you doing when this is all over?

---------------------------------------

(Simulation chamber)
[BRABBIT] We're ready to talk.
[MONK] Do you have power?
[BRABBIT] Well, right now we're representing the three biggest armies on the planet, so I guess we do.
[MONK] Does power consent?
[BRABBIT] We consent.
[MONK] If your consent is impure, it will kill you.
[BRABBIT] I surrender. We surrender. What more do you want?
[MONK] To rule, there must be love. Your consent must be pure.
[MONK] You act out of strategy. Strategy is not consent.
[BILL] Ah!
[MONK] Do you consent?
[BILL] I don't have any power. I'm nobody.
[MONK] You represent the greatest power on the planet. You represent the Doctor. Is your consent pure?

---------------------------------------

(Agrofuel lab)
[ERICA] Is this going to work?
[DOCTOR] Trust me. I pop it in there. Machine goes ping. Lab goes boom. World is saved. You develop a pretty intense crush on me. Okay. Go through to the machine room. You're going to have to let me back in when I'm done. How long before the vents kick in?
[ERICA] Four minutes.

---------------------------------------

(Simulation chamber / Agrofuel lab)
[BILL] Doctor, you still there?
[DOCTOR] There's no way of stopping the lab venting, so I'm going to sterilise the building by blowing it up. Everything in here will be destroyed.
[BILL] Including you?
[DOCTOR] Not if I pull my socks up.
[BILL] Honest answer. You going to do it?
[DOCTOR] Course I'm going to do it.
[BILL] Because they're still offering a deal, and I'm the only one left.
[DOCTOR] Tell them you're flattered but don't.

---------------------------------------

(Simulation chamber)
[BILL] What does consent mean?
[MONK] You must ask for our help, and want it, and know you will then be ours. Only then can the link be formed.
[BILL] What link?
[MONK] Do you consent?

---------------------------------------

(Agrofuel machine room / Greenhouse)
[ERICA] Can you hear me?
[DOCTOR] I don't even know your name.
[ERICA] Erica.
[DOCTOR] Did you always want to be a scientist, Erica?
[ERICA] Since I was about eight. Before that, I wanted to be a bus driver, because I liked how they waved at other bus drivers.
[DOCTOR] Okay, I've given us two minutes.
[ERICA] Right, you need to get out of there.
[DOCTOR] Hello, I'm the Doctor, saving the world with my eyes shut.

---------------------------------------

(Simulation chamber)
[BILL] Doctor, the clock's going back. Have you done it?

---------------------------------------

(Agrofuel lab)
[DOCTOR] Yes, I have! I'm totally the President of Earth, and from now on, two planes! One for me and one for my glamorous assistant, Erica. Say hello to the folks at home, Erica, and let me through the door.

---------------------------------------

(Simulation chamber)
[DOCTOR [OC]] Bill, get the hell out of that pyramid!

---------------------------------------

(Agrofuel lab)
[ERICA] I can't open it. It's under emergency protocol. You need to use the combination lock. Set it to 3614.
[DOCTOR] Ah, you're going to have to guide me.
[ERICA] I can't see it from here. You can see it, right?
[DOCTOR] How long have I got?
[ERICA] One minute forty. 3614.

---------------------------------------

(Pyramid / Agrofuel lab)
[ERICA [OC]] Come on.
[BILL] Doctor, what's happening? You okay?
[DOCTOR] Bill, sorry, slight hitch. Working on it.
[BILL] What's the problem?
[DOCTOR] 3614. I need to open the door, but I can't er, see the numbers.
[ERICA] One minute twenty.
[BILL] I don't understand the problem.
[DOCTOR] Combination lock. All the sonic will do is calculate the number. I still have to enter it.
[DOCTOR] Nardole! Nardole! Nardole, I need you to do a visual on the lab. There's a camera in here.
[DOCTOR] Nardole? Nardole, can you hear me?
[BILL] I don't understand the problem. Just open the door.
[DOCTOR] I can't.
[BILL] Why can't you?
[DOCTOR] Because I'm blind. I'm sorry, I'm blind.
[BILL] What, what do you mean, blind? What are you talking about?
[DOCTOR] I lied. I've been blind since Chasm Forge. I didn't get my sight back. I've been lying to you. There's a combination lock with numbers, and I can't see them.
[BILL] You're an idiot. You are the stupidest idiot ever! But I'm not going to let you die.
[DOCTOR] No. You have to. There's no choice. No-one else can help me now.
[BILL] The Monks. The Monks can help you.
[DOCTOR] No! Bill, no, don't do that.
[BILL] I'm sorry.
[DOCTOR] I made a mistake. I have to face that. But do not ask the Monks for help. Bill!
[BILL] Doctor. This planet needs you, so I'm making an executive decision. I'm keeping you alive.
[DOCTOR] Bill, listen to me, please. I don't know what consenting allows them to do to you. You don't know what you're agreeing to!

---------------------------------------

(Simulation chamber)
[BILL] Can you give him his sight back?
[MONK] His sight can be restored.
[BILL] Then, then I'm asking you for help. I'm giving my consent.
[MONK] Is your consent pure?
[BILL] Just give him his sight back! You can have the world. Just make him see again. I consent.
[MONK] You act out of love. Love is consent. We must be loved.

---------------------------------------

(Agrofuel lab)
[DOCTOR] Bill! Do not make this deal! I forbid it! Bill, can you hear me? What's happening? Bill? Bill?
[DOCTOR] Bill, what have you done?

---------------------------------------

(Simulation chamber)
[BILL] I'll tell you what, old man. You'd better get my planet back!

---------------------------------------

(Agrotech machine room)
[MONK [OC]] Enjoy your sight, Doctor. Now see our world.
",2017-05-27,Doctor Who - The Pyramid at the End of the World
"Doctor Who (03 Jun 2017    ; Twelfth Doctor) - The Lie of the Land

(Family home)
[DOCTOR [on TV]] How lucky Earth is to have an ally as powerful and tender as the Monks,that asks for nothing in return for their benevolence but obedience.
[POLICE] Go! Go! Go! Get down! On your knees! Hands on your heads!
[POLICE 2] Get down! On your knees! Get down!
[POLICE] Search the room!
[COMMANDER] Jane Bishop.
[MOTHER] That's me.
[COMMANDER] You are charged with the manufacture and possession of propaganda intended to undermine the True History. This is in contravention of the Memory Crimes Act of 1975.
[MOTHER] 1975? (the Truth logo flickers on our screen.) The Monks have only been here a few months.
[COMMANDER] Therefore I sentence you to ten years in a labour camp. Take her away.

---------------------------------------

(Outside the home)
[POLICE] Come on!
[MOTHER] Be a good boy for Mummy! The Monks have only been here a few months! (Monk image flickers) Fight back! It's all lies!
[POLICE] Get in!
[MOTHER] You know it's all lies!
[POLICE] In there.
[POLICE 3] Right, nothing to see, move along!
[POLICE 3] Keep going.
[DOCTOR [OC]] So relax, do as you're told. Your future is taken care of.

---------------------------------------

(Bill's flat)
[BILL] Hello, Mum. The Monks, the Monks have only been here for six months.

---------------------------------------

(Street - memory)
[BILL [OC]] I can't remember how I escaped, Mum. I asked for their help and then, and then there's nothing. And then I woke up and the Monks were here, and they'd always been here.
[POLICE] Come with me!
[BILL [OC]] But I don't understand it, because no-one's saying anything.
[BILL [OC]] It's like, like they've been brainwashed.
[TV] deal with fairmindedness with those who would do them harm, by implementing a swift and painless death.
[TV] Praise be the justice of the Monks.

---------------------------------------

(Bill's flat)
[BILL] I travelled with a man called the Doctor and his friend Nardole, and I did this to save him. I'm trying to stay strongwithout them, but every day it's harder to remember what's real any more.

---------------------------------------

(Street - memory)
[DOCTOR [on TV]] If you suspect a colleague, a neighbour or a family member of being a memory criminal...
[BILL [OC]] And I know, I know how it looks, Mum, with all of the stuff that he's been saying on the telly

---------------------------------------

(Bill's flat)
[BILL] But it's all right, because I know he has a plan. One day soon, he's going to come back and save us all.One day
[NARDOLE] What are you doing? It's me, Nardie!
[BILL] No. Wait, wait. Shut up. Tell me something. That first time, with the Heather creature chasing us, where did we run away to?
[NARDOLE] Australia.
[BILL] What noise should spaceship doors make?
[NARDOLE] Shuck-shuck, obviously.
[BILL] Oh God, it happened. I knew it. It all really happened.
[NARDOLE] Ow!
[BILL] Where have you been?
[NARDOLE] That hurt me, that really hurt me!
[BILL] I needed you!
[NARDOLE] Well, I got contaminated by that bacteria in the lab, didn't I? I was laid up for six weeks. If I was human, I would have died.Right now, you'd be talking to. Come to think of it, who were you talking to?
[BILL] Um, er, my er, my mum.
[NARDOLE] I thought your mum (sotto) died. (normal) You know, when you were (sotto) little.
[BILL] I er, made up a version of her. Yeah, I talk to her all the time.
[NARDOLE] Oh. Oh well, that's not that weird. I used to have an imaginary friend, 'til he left me for someone else. Huh. I know, charming.
[BILL] They're doing something to us. The Monks. I can't think straight. (flicker of Monk and logo) It's like they're saying they'vebeen here for ever, and I know they haven't, but part of me is starting to think that it's real. Every day I have to, I have to remind myselfthat everything that you, me and the Doctor did actually happened, and it wasn't just a dream. Why do it? That's what I don't get. They invade somewhere, take control. Why go to the trouble of changing the past?
[NARDOLE] However bad a situation is, if people think that's how it's always been, they'll put up with it. That's ninety percent of the job done.
[BILL] Wait. You said you were ill for six weeks.
[NARDOLE] Hmm?
[BILL] What have you been doing since then?
[NARDOLE] Looking for the Doctor.
[BILL] Have you found him?
[NARDOLE] Well, let's just say. (pause) Yes, yes, yes, I found him.
[BILL] Oh!
[NARDOLE] So, all anyone's seen of the Doctor in the last six months are those broadcasts he does.
[BILL] He's faking it. I'm positive. He hasn't joined the Monks. He's being held prisoner. He's just, he's just biding his time, waiting.
[NARDOLE] The thing is, the Monks have got some kind of scrambler so no-one can trace the broadcasts. Lucky, then, that I have got this!
[NARDOLE] It traces the source of the signal and gives a map co-ordinate.
[BILL] Cool. Where'd you get it?
[NARDOLE] Found it in the Tardis. Yeah, it was in one of the drawers with some old takeaway menus and fifty Danish krone. Anyway, this is them.
[BILL] So he's at sea?
[NARDOLE] Mmm hmm. Yeah. Yeah. The Monks have got him on one of the old prison boats. Hulks, they used call them.
[BILL] So how do we get to him?
[NARDOLE] Every six weeks, all their food and fuel and stuff gets taken to them by a supply boat. The next delivery is in two days' time, off the coast of Scotland.
[BILL] That's our chance!
[NARDOLE] Yeah, that really has to stop.
[BILL [OC]] It's happening, Mum. I knew it would. So, Nardole has made contact with the captain of the supply boat that runs to and from the prison ship where the Doctor's being held. His son is serving ten years in a labour camp for possession of a box of comics, so he's no fan of the Monks.
[BILL [OC]] He'll get us on board the prison ship. Security is really tight, obviously, but Nardole says there's not been much in the way of resistance since the Monks took over, so they're more worried about the Doctor getting out than anyone getting in.

---------------------------------------

(Cargo area)
[MAN] Get those crates moving.
[BILL [OC]] But what we don't want is for them to do a spot-check on our identity papers.
[RICHARD] Papers! Spot check.
[BILL [OC]] Nardole doesn't have any, and I'm down as university kitchen staff.
[RICHARD] It's them.
[RICHARD] All right, what are you waiting for? We need to get this stuff on board. Chop chop. Come on!

---------------------------------------

(Passageway)
[BILL [OC]] After that, we're on our own.
[DOCTOR [OC]] Over the years, I have encountered innumerable civilisations, but never one as benevolent as the Monks.Their grace and humility. No, their grace and philanthropy is matched only by their
[NARDOLE] Careful.

---------------------------------------

(Doctor's room)
[BILL] Doctor? Doctor, it's me.
[DOCTOR] Guards!
[DOCTOR] What are you doing here?
[BILL] What does it look like? We've come to save you.
[DOCTOR] (to Nardole) This is your doing, isn't it? You shouldn't be here. I'll have to talk to the Monks now.
[BILL] Doctor
[DOCTOR] Stop. Don't. Don't move. They will kill you. Stay where you are.
[DOCTOR] Epsilon. Fire. Jupiter. Lily. (puts down handset) The Monks are on their way. When they get here, let me do the talking.
[BILL] Wait, what was that? Did you actually just call them, you nutter?
[DOCTOR] You deserve an explanation.
[DOCTOR] Human society is stagnating. You've stopped moving forward. In fact, you're regressing.
[BILL] This isn't exactly much better.
[DOCTOR] It's safer.
[BILL] Not so much for the people the Monks are killing.
[DOCTOR] The Romans killed people and saved billions more from disease, war, famine and barbarism.
[BILL] No, wait. What about free will? You believe in free will. Your whole thing is. You made me write a three thousand word essay on free will.
[DOCTOR] Yes, well, I mean, you had free will, and look at what you did with it. Worse than that, you had history. History was saying to you, look, I've got some examples of fascism here for you to look at. No? Fundamentalism? No? Oh, okay, you carry on. I had to stop you, or at least not stand in the way of someone else who wanted to, because the guns were gettingbigger, the stakes were getting higher, and any minute now it was going to be goodnight, Vienna. By the way, you never deliveredthat essay, anyway.
[BILL] Because the world was invaded by zombie Monks!
[DOCTOR] And whose fault was that, huh? I didn't ask for my sight back. No, you took it upon yourself to ignore me, to do what you thought was best. All I can say is that we are lucky it was a benevolent race like the Monks, not the Daleks. Yes, I know the Monks are ruthless. I get that. Yes, they play with history and I'm not exactly thrilled about that. But they bring peace and order.
[BILL] Okay. Yeah, yeah, I get it. It's like that time we discovered that huge fish creature in the, in the Seine in Paris.
[DOCTOR] That was a coded message. The big fish creature was under the Thames. If I'd played along, she'd have known that I was tricking you. Guns down.
[DOCTOR] I'm sorry, Bill. I just, I just, I really wanted to make you see.
[BILL] This, this is real? You, you're actually, you're actually doing this? Do you have any idea how hard the past few months have been? How hard it's been to hold onto to the truth? It would have been so easy to just, just, just give in and believe their lies.But I didn't. I fought against it, for you! For when you came back. And now you're saying you've joined them?You're helping them?
[DOCTOR] Bill, put, put, put the gun down.
[BILL] I'm serious, Doctor. We'll think of something else. But you'd better tell me now, because if you help the Monks, then nothing will ever stop them.They'll be here for ever.
[DOCTOR] It's not a trick, it's not a plan. I have joined the Monks. Whatever it takes, I'm going to save you from yourselves.
[DOCTOR] Good girl!
[DOCTOR] (to Nardole) Regeneration a little bit too much?
[NARDOLE] No, I thought it was a nice touch. Too much was Richard asking for our identity papers.
[RICHARD] I couldn't resist it. Your face.
[BILL] Er, hello? Could somebody tell me what the hell is going on?
[DOCTOR] You did it. You did it! The Monks are using some kind of, you know, something, to control the population. They must be, otherwise they wouldn't have been able to hold on to power for this long. Now, they don't trust me yet, not completely, and I had to just check that you weren't under the influence and testing me.
[BILL] So you, you, you haven't, you haven't turned. You're not working for them.
[DOCTOR] No, of course not. I've spent the last six months planning, and also recruiting all these chaps. Deprogramming them one by one, talking some sense into them. And there's loads of them. I could do with a Strepsil.
[BILL] But I shot you.
[DOCTOR] Yes, well, that was the plan, you see? Everyone exchanged their ammo for blanks.
[DAVE] Ahem.
[DOCTOR] Did you forget, Dave? You forgot? Well, that would have really blown the plan, wouldn't it?
[BILL] But you called the Monks.
[DOCTOR] I called the kitchen. Oh, could you pop down and explain it to them? They're going to be really confused.
[BILL] And you were in on this too?
[DOCTOR] Oh, it was partly his idea.
[BILL] Oh. My. God. I am going to beat the sh
[DOCTOR] No! No! Oh, come on, come on, we've got the band back together again. Now, lovely as it is to have you on board, literally and metaphorically, we're going to need some help.
[NARDOLE] So, who're we going to get?
[DOCTOR] The only person I know almost as smart as me.
[NARDOLE] Oh. Oh, I see. Blimey. Has it really come to that?
[BILL [OC]] Mum, it's me. We're coming back. We could have snuck back in, but the Doctor being the Doctor
[BILL [OC]] By the time we got back to the university, the Monks were waiting for us. Of course.
[BILL [OC]] We weren't headed to his office, though.

---------------------------------------

(Outside the Vault)
[BILL [OC]] Even so, the Doctor was nervous, Mum. I could tell. He had to do this, he said. He had to open the vault.
[DOCTOR] Move into the containment field, please.

---------------------------------------

(Vault)
[BILL] But it's, it's just a woman.
[BILL] God, the way you and Nardole have been carrying on, I thought you had some kind of monster in here, or something!
[DOCTOR] I do. Missy, Bill. Bill, Missy, the other Last of the Time Lords.
[BILL] Wait a sec. Why have you got a woman locked in a vault? Because even I think that's weird, and I've been attacked by a puddle.
[DOCTOR] She's going cold turkey from being bad.
[MISSY] Humph!
[DOCTOR] I want to ask if you've had any dealings with the Monks before.
[MISSY] Of course. I've had adventures too. My whole life doesn't revolve around you, you know.
[BILL] Did you defeat them?
[MISSY] I did.
[BILL] How?
[MISSY] I've got some requests. I want some new books, some toys, like a particle accelerator, a 3-D printer and a pony.
[DOCTOR] I don't think that you really grasp what's going on here. Nice people generally don't haggle over the fate of a planet.
[MISSY] I once built a gun out of leaves. Do you think I couldn't get through a door if I wanted to? I'm here, all right? I'm engaging with the process.
[BILL] Okay. Yeah. Yeah, we can, we can get those things for you.
[MISSY] C'est super. So, what have you got so far?
[DOCTOR] They hold on to power by targeting the part of the brain specifically to do with memory and perception, correct? Right?
[MISSY] Getting warm. Fingers tingling.
[DOCTOR] But they target it with what exactly? How do they sustain it?
[DOCTOR] How do their lies infiltrate the brains of billions? Is it some kind of airborne psychoactive?
[MISSY] No, no, that's very cold, very cold.
[DOCTOR] Something that's constantly being fed to the populace, constantly consolidating its hold. Is it in the water?
[MISSY] God, no. It's freezing, freezing. Absolutely freezing. Couldn't be colder. Very, very, chilly. So, so chilly. Oh, come on. I'm bored! You haven't been to see me in six months. No-one has! Not even that bald bloke who looks like an egg.BILL
[DOCTOR] I was in prison for six months.
[MISSY] Start at the beginning. How do they get a foothold on a planet?
[DOCTOR] Some idiot asks for their help.
[MISSY] Well, not just any idiot. It has to be a properly consenting human mind. A pure request, one without agenda or ulterior motive.
[DOCTOR] It's them. That person creates a psychic link, which forms an anchor that keeps the Monks in power. They're the lynchpin.
[MISSY] Scalding. Ow.
[DOCTOR] But the brainwaves of one person wouldn't be powerful enough to contain an entire planet. The statues! As soon as they got here,the Monks put up statues in every town square, and every park, and every playground.
[MISSY] You're on fire, you're literally on fire you're so caliente. That's Spanish for hot.
[DOCTOR] The statues are transmitters. They boost the signal and beam it out all around the world.
[MISSY] Boom! You've exploded. Now, all you have to do is find whoever opened the door to the Monks in the first place.
[DOCTOR] Say I already have.
[MISSY] Oh! Well then, you're sorted. Just kill them. That weakens the Monks' grip on the world.
[DOCTOR] No, no. No, no, that can't be right. There are planets that the Monks have ruled for thousands of years.
[MISSY] It's passed on through the bloodline. Usually the lynchpin goes on to lead a normal life, have their own family, and the link is passeddown through the generations.
[DOCTOR] But the Monks must have worked that out. They've been doing this for millennia.
[MISSY] Why? If the link is passed on, the Monks stay in charge, through, they think, their ruthlessness and efficiency. But if the lynchpin dies and the link isn't passed on, and the Monks get booted off the planet, well, they just chalk it up to experience.
[BILL] No, it's okay. I want to speak to her.
[MISSY] Yes?
[BILL] So when you defeated the Monks, that's how you did it?
[MISSY] Well, at this point, all that was left of the bloodline was a wee girl, and I just pushed her into a volcano.
[BILL] It's me. The lynchpin is me.
[MISSY] Awkward.
[BILL] So you're saying I have to die.
[MISSY] No. If you were just to die, everyone's false memories would have to fade, and that could take ages. It's actually better if you keep breathing, if your brain just keeps transmitting, well, nothing. That would blot out the residue false memories.
[BILL] What would be left of me?
[MISSY] You'd be a husk. Completely and irrevocably brain-dead. You couldn't even get on Celebrity Love Island.
[DOCTOR] Even if that was the truth, the fact that you're suggesting it shows there's been no change, no hope, no point. We don't sacrifice people. It's wrong, because it's easy.
[MISSY] You know, back in the day, I'd burn an entire city to the ground just to see the pretty shapes the smoke made. I'm sorry your plus one doesn't get a happy ending, but, like it or not, I just saved this world because I want to change.
[MISSY [OC]] Your version of good is not absolute. It's vain, arrogant and sentimental. If you're waiting for me to become all that, I'm going to be here for a long time yet.

---------------------------------------

(Secret HQ)
[NARDOLE] What did she say?
[DOCTOR] Nothing.
[BILL] There's a way to defeat them.
[DOCTOR] There isn't. Well, there is, but not that.
[BILL] Come on. You knew she was going to say something like this. It's why you needed me back. You could have escaped from that ship. You could have started something to defeat the Monks without me.
[DOCTOR] I wanted you back by my side because it's the safest place in the world.
[NARDOLE] Can someone...? What did she say?
[BILL] She said it's me. I asked the Monks for help and started all of this, so I have to be the one to finish it. The only downside is, if that's what we do, well, it's not worth me starting any long books.
[NARDOLE] Okay, well, er, let's er put a pin in it for now, as they say, and, er, see if we can think of something else.
[BILL] You said the safest place for me was by your side. That's what's protecting the Monks. It's why their plan works.
[DOCTOR] The Cathedral. The Monks' headquarters. Oh, yes. We're going to have to break in there.
[BILL] Why?
[DOCTOR] Somewhere in there, the Monks must have some kind of a machine that creates and broadcasts the myths of their history. The ones that are powered by, carried by, fed by your brainwaves. So, we get in, I plug myself into it, and replace the signals that they are receiving with my brainwaves and beam out the true history of the world. Oh, yes! I could even throw in some other stuff.The things that I could change just by thinking. Racism. People who talk in cinemas.
[NARDOLE] Are you sure? This would be an incredibly sophisticated transmitter, powerful enough to beam highly detailed propaganda to the entire world twenty four hours a day, and you're going to plug your brain into it?

---------------------------------------

(Boarded up building)
[NARDOLE] That's odd. There's no Monks guarding the entrance.
[DOCTOR] Come away from the window. How many Monks were there?
[NARDOLE] About twelve Monks there.
[DOCTOR] Twelve?(Nardole looks through the slats again. Oh, there's the Fiction Factory sign that says this shot is taken in Cardiff Bay.)
[NARDOLE] Well, you have to admit that's ever so clever.
[DOCTOR] You see? Another way they hang on to power is to create a myth that they're here in greater numbers than they really are.
[BILL] The beam's stronger here, isn't it? (flicker of Monk and logo) I can almost hear it. It's so hard to hang on to any thought of life before the Monks.
[DOCTOR] Yes, and it's going to get stronger the closer we get to the transmitter. The lies are going to become more convincing. You'll want to turn around. You won't know what you're doing here or why you're working against the Monks. Now, have you all got your stereo headphone iThing?
[BILL] Yeah. You never told us what we needed these for.
[DOCTOR] Ah, this is where you come in.
[BILL [OC]] The Monks are not our friends. They have invaded Earth and made its people slaves. They cling onto power by means of a powerful transmitter broadcasting myths and lies that suggest that they have always been here.

---------------------------------------

(Pyramid)
[BILL [OC]] In fact, they have only been here a few months, and have falsified and manipulated our history. Our mission is to interrupt their broadcast and replace it with the true history of Earth, which will weaken and undermine the Monks' power. The Monks are not our friends. They have invaded Earth and made its people slaves. They cling onto power by means of a powerful transmitter, broadcasting myths and lies
[BILL [OC]] That suggest that they have always been here.
[ALAN] Take cover!
[BILL [OC]] In fact, they have only been here a few months, and have falsified and manipulated our history.
[BILL [OC]] Our mission is to interrupt their broadcast and replace it with the true history of Earth, which will weaken and undermine the Monks' power.
[BILL [OC]] The Monks are not our friends. They have invaded Earth
[GUARD] Reloading now!
[BILL] Are you okay?
[ALAN] Yeah, I think it's my (discovers the damage) Oh. Doctor!
[DOCTOR] It's in here.
[DOCTOR] Everything all right, Alan?
[ALAN] You tricked us. You tried to make us believe the Monks were invaders. How could you say that? They've always been here. You know that.
[DOCTOR] Ah-ha. (sees the damaged tape player) Ah. Oh, I see.
[ALAN] The Monks are our friends. I won't let you hurt them. I'll die first. I'll kill you first.
[NARDOLE] Tarovian Neck Pinch. Yeah, I er, I studied their martial arts for a while, actually. Yeah, reached the level of Brown Tabard. Can't do it with this hand though. Kind of bugs me. Course, this wasn't my original hand, as you know. I won this in a game of er, yeah, let's crack on.

---------------------------------------

(Broadcast chamber)
[DOCTOR] Fake News Central.
[BILL] I can think. They're not in my head. Why is that?
[DOCTOR] We're in the eye of the storm. Guard the doors. We can't be interrupted.
[DOCTOR] Boo!
[NARDOLE] Not necessary.
[DOCTOR] Nee-owwm. Okay, he's out. Let's do this.
[BILL] It's working! The Monks are disappearing!
[DOCTOR] Oh, I didn't agree to this.
[BILL] What's happening?
[DOCTOR] He's fighting back. He's blocking me, countering every move.
[NARDOLE] Look!
[BILL] Oh, no, no, no.
[DOCTOR] Argh!
[BILL] Doctor!
[BILL] I wanted to do it before you woke up. But I had to say goodbye.
[DOCTOR] Bill, whatever you're planning, there's no need for this. Let me try again. He caught me unawares. Cup of tea and I'll get my second wind.
[BILL] Even your brain couldn't stand another roasting like that.
[DOCTOR] So we'll find another way. Let me talk to Missy again.
[BILL] We have the answer. Doctor, please. I don't want our last conversation to be this.
[DOCTOR] I don't want this to be our last conversation.
[BILL] Goodbye, Doctor.
[BILL] Thank you. God, it was worth it.
[DOCTOR] Bill. Bill, no, don't, Bill. Bill, Bill. It will kill you, Bill. It's too powerful. Bill, I, I order you!
[DOCTOR] I'm ordering you not to do this! Bill! Nardole, untie me! Nardole, untie me now!
[DOCTOR] Bill, don't do this!
[BILL] Okay. I don't usually let someone erase my brain on the first date, but seeing as it's you.
[DOCTOR] No! No!
[DOCTOR] Oh, no. No, no, no, no, no, no! They're hijacking her memories, infecting them like a virus. She's just reinforcing their lies. She's dying for nothing!
[DOCTOR] Argh! There must be a way to shut this thing down!
[BILL [memory]] Hello, Mum.
[NARDOLE] Doctor, look!
[DOCTOR] Oh, you clever, brilliant, ridiculous girl. Look at that! All the pictures I gave you. I thought I was just being kind, but I was saving the world.Bill, if there's any of you left in there, listen. You have to keep thinking about your mum, the memory you created. Her voice, her smile. The Monks can't get near it. Fill your mind with it! Push it into every corner.
[BILL'S MUM [on screen]] Bill.
[BILL] Mum.
[DOCTOR] She's filling its mind with one pure, uncorrupted, irresistible image. And it's broadcasting it to the world, because it can't help it.All those years you kept her alive inside you, an isolated subroutine in a living mind. Perfect, untouchable. She's a window on the world without the Monks. Absolutely loved, absolutely trusted. And that window is opening everywhere.
[DOCTOR] A glimpse of freedom. But a glimpse is all you need. The lie is breaking. Bill's mum, you just went viral!

---------------------------------------

(Street)
[DOCTOR] You did it. You broke the signal.
[NARDOLE] What are the Monks going to do?
[DOCTOR] What oppressors always do when they realise who's really in power. They run.

---------------------------------------

(University)
[BILL] This is exciting, isn't it? You know, kind of, it's like a turning point.
[BILL] Humans have learned that they can overthrow dictators and stuff, they just have to band together.
[DOCTOR] Well, it's not quite as simple as that. You, Appalling Hair.
[DOCTOR] This thing that we're sitting on. What is it?
[STUDENT] Er, we thought they were just like filming something here or something?
[DOCTOR] Thank you. Very helpful. Now go away, or something. You see? The Monks have erased themselves. Humanity's doomed to neverlearn from its mistakes.
[BILL] Well, I guess that's part of our charm.
[DOCTOR] No, it's really quite annoying. Anyway, I mustn't keep you. Three thousand words. The Mechanics of Free Will. Now six months overdue.
[BILL] Why do you put up with us, then?
[DOCTOR] In amongst seven billion, there's someone like you. That's why I put up with the rest of them.

---------------------------------------

(Vault)
[MISSY] I keep remembering all the people I've killed. Every day I think of more. Being bad, being bad drowned that out. I didn't know I even knew their names. You didn't tell me about this bit.
[DOCTOR] I'm sorry, but this is good.
[MISSY] Okay.
",2017-06-03,Doctor Who - The Lie of the Land
"Doctor Who (10 Jun 2017    ; Twelfth Doctor) - Empress of Mars

[KNIBBS] Don't let us down now, Valkyrie.
[COOLIDGE] Fingers crossed, Alan.
[KNIBBS] I got everything crossed. Okay, people. Transmission arriving in ten, nine, eight, seven, six.
[DOCTOR] Five, four, three, two, one! Sorry, I could never resist a countdown.
[COOLIDGE] Who the hell are you?
[BILL] Is this Neil Armstrong?
[KNIBBS] What?
[BILL] Neil Armstrong. First man on the Moon.
[DOCTOR] Not quite the first.
[BILL] What, ou mean he wasn't the first man on the Moon?
[DOCTOR] That is such a human-centric question.
[BILL] I'm the human in this set-up.
[NARDOLE] She is, actually.
[NARDOLE] It's a bit embarrassing, really.
[KNIBBS] Who are you people?
[DOCTOR] Friendly aliens. Don't mind us. Just a day out for the kids.
[COOLIDGE] It's from the Chief.
[DOCTOR] Is it? Oh, yes. That's right. Authorising us to go anywhere we please. So. Valkyrie.
[KNIBBS] Valkyrie is er probing the Martian ice caps with a new kind of camera on board. Uses a different spectrum to see under the poles and beam back pictures.
[KNIBBS] What the hell?

---------------------------------------

(Tardis)
[DOCTOR] Mars. 1881, or thereabouts. According to the Tardis, that's when the message was made. Though we may be a bit early.
[BILL] So, there were humans on Mars in Victorian times?
[DOCTOR] No. There weren't.

---------------------------------------

(Tunnel)
[NARDOLE] The Tardis registered multiple life forms below the surface, so this seems like the best place to look.
[BILL] Maybe someone's been messing around with time. Like in The Terminator.
[DOCTOR] The Terminator?
[BILL] It's a movie. You haven't seen it?
[DOCTOR] I'm a very busy man.
[BILL] You'd like it. It's got killer robots.
[DOCTOR] Ooo, I'll put it on me list.
[BILL] Even if there are people here, why would they bother writing messages on the surface of the planet?
[DOCTOR] State visit? Patriotic fervour? Rogue graffiti artist?
[BILL] Doctor.
[DOCTOR] I see it.

---------------------------------------

(Cave)
[BILL] If there's fire, there's got to be oxygen.
[DOCTOR] Wait, wait, wait. Let's not be rash.
[BILL] Okay.
[DOCTOR] I'll go first.
[DOCTOR] What are you doing?
[NARDOLE] Fire. Oxygen. Basic physics, isn't it?
[DOCTOR] Could've been basic death.
[BILL] Wait. How can there be oxygen here?
[DOCTOR] The indigenous Martians were superb engineers. Mind you, there's a lot here that doesn't make sense.
[BILL] (walking away) Oh, it's like the underground tunnels in The Thing.
[DOCTOR] The what?
[BILL] It's a movie. You'd like that one too. Everybody dies.
[DOCTOR] Bill? Bill? Bill! Bill!
[DOCTOR] Hang on! We'll find a way down! (to Nardole) Go back to the Tardis. Get ropes, lifting gear, anything you can find.
[NARDOLE] Oooo!
[DOCTOR] Nardole, what the hell are you doing?
[DOCTOR] So this could go very well or very badly.
[DOCTOR] Halt!

---------------------------------------

(Main cavern)
[CATCHLOVE] I say! We weren't expecting company.

---------------------------------------

(Tardis)
[NARDOLE] Right. Er, yeah. Right.

---------------------------------------

(Main cavern)
[DOCTOR] By the moons, I honour thee. I'm the Doctor. What is your name?
[DOCTOR] I know your people of old. I was once an Honorary Guardian of the Tythonian Hive.
[GODSACRE] Don't move. I'll sort this beggar out.
[DOCTOR] No, no, no, no! You don't understand. This creature is no threat. He may look like a monster to you
[GODSACRE] I wasn't talking to you. Are you all right, Friday?
[FRIDAY] Sir.
[GODSACRE] Who are you and what the devil are you doing here?
[DOCTOR] Well, I could ask you the same question. And I will.

---------------------------------------

(Outside the Vault)
[NARDOLE] Hello? Hello, Miss? I was wondering if I could ask for your help? Er, I need to get to Mars. Well, I need to get back to Mars, in fact. Er, and it's a little bit urgent, only the Tardis is acting up and I was wondering if you could tell me how to fix
[MISSY [OC]] Of course I can.
[NARDOLE] Oh. Right. Well, thank you.
[MISSY [OC]] But it's probably easier if I just show you.
[NARDOLE] Oh. Er, er.

---------------------------------------

(Officer's mess)
[CATCHLOVE] Indian or China, m'dear?
[BILL] Er. I, I dunno. China? (sotto) Where's Nardole?
[DOCTOR] (sotto) Er, well, he seems to have taken the Tardis.
[BILL] (sotto) What?
[DOCTOR] (sotto) I'm sure it's only a temporary thing, you know, but it means that for the time being we're stuck here on Mars. (normal) You were saying, Colonel?
[GODSACRE] Oh, er, well, yes, I was stationed out there. South Africa. One day, I, I came across something in the veldt. Something that was clearly not of this earth. An interplanetary vessel. I found Friday here on board, in a sort of coma, half dead.
[BILL] Why'd you call him that?
[CATCHLOVE] Man Friday? As in Robinson Crusoe? So, according to this (the psychic paper) you've been on board Friday's ship the whole time?
[DOCTOR] Yes. That we were. That was, that sounds, that sounds
[BILL] Convincing.
[DOCTOR] Quite. Yes, that's right. On his ship.
[CATCHLOVE] Well, I suppose it was pretty roomy, what.
[DOCTOR] It was. Yes! Wasn't it?
[BILL] Yes.
[DOCTOR] Very roomy. But the whole, you know, getting on board. I mean, that's all. It's all a bit hazy. Maybe you could tell us everything.
[GODSACRE] Yes, well, after I woke him up, Friday asked for my help.
[BILL] To repair his spaceship.
[GODSACRE] Yes. And to bring him home.
[DOCTOR] In return for what?
[CATCHLOVE] Ah. Well, now. That is the question.

---------------------------------------

(Drilling chamber)
[PEACH] Prepare to fire! At the double!
[PEACH] Go, go, go!
[CATCHLOVE [OC]] Friday helped us build the Gargantua, a remarkable piece of mining equipment fashioned from one of his ship's artillery.
[CATCHLOVE [OC]] He promised us gemstones, you see. Silver, gold. Treasure beyond our wildest dreams.

---------------------------------------

(Officer's mess)
[DOCTOR] That's why you helped him come home. To claim Mars in the name of Queen Victoria, to loot it of its riches, stake a claim.The red planet turned pink.
[CATCHLOVE] That was the general idea, old love. But there's nothing here. Whole show has been a ruddy wash-out. The ship crashed on landing. I go top side now and then to see if I can repair the beggar. That's what I was doing when I ran across you.
[BILL] And?
[CATCHLOVE] No joy so far.
[GODSACRE] It could have been a fresh start. For all of us. But now, supplies are running as low as morale. Things are pretty desperate, I'm afraid.
[BILL] You've told us why you came here. What does he get out of it?
[GODSACRE] Nothing.
[BILL] Nothing?
[GODSACRE] Well, he was hoping to find his people, but it appears that he was asleep on that ship for much longer than he anticipated. Mars is dead. Dead as a coffin nail. Friday is the last of his kind.
[DOCTOR] Is he now?
[BILL] You know what Friday is, then?
[DOCTOR] He's an Ice Warrior.
[BILL] And they're the proper Martians, right? They belong here?
[DOCTOR] Yes. The indigenous species. An ancient reptilian race. They built themselves a sort of bio-mechanical armour for protection. The creature within is at one with its carapace. The Ice Warriors. They could build a city under the sand, yet drench the snows of Mars with innocent blood. They could slaughter whole civilisations, yet weep at the crushing of a flower.
[BILL] Like The Vikings.
[DOCTOR] Yes. Yes, very much.
[BILL] Yeah, Kirk Douglas and Tony Curtis. Oh, the theme tune is amazing! There's this brilliant bit where his eye gets gouged out
[DOCTOR] Why have you really come back?
[FRIDAY] (sigh) I am old and tired and spent.

---------------------------------------

(Drilling chamber)
[PEACH] Now then, Vincey. Look lively, lad.
[JACKDAW] What's the point, though?
[PEACH] Jackdaw.
[JACKDAW] Months we've been digging 'ere and what have we got to show for it? Sweet Fanny Adams, that's what.
[SOLDIERS] Yeah!
[JACKDAW] What old Friday promised, it's a load of gammon!
[VINCEY] Jackdaw?
[JACKDAW] What?

---------------------------------------

(Officer's mess)
[PEACH] You must come at once, sir. The Gargantua, she's, she's uncovered something.

---------------------------------------

(Burial chamber)
[GODACRE] Good Lord!
[CATCHLOVE] Looks like old Friday came good after all, eh?
[BILL] Oh, it's beautiful. What is it, a tomb?
[DOCTOR] Not just any tomb. This is the tomb of an Ice Queen. I have a bad feeling about this. These sarcophagi were sometimes part of a complex hibernation system.
[CATCHLOVE] Sergeant Major, get these civilians out of here.
[DOCTOR] No. Colonel, Colonel, you have to let me examine this.
[CATCHLOVE] I think not, Doctor. This is a military matter.
[DOCTOR] This may not just be a grave you've uncovered. This could be the entrance to an Ice Warrior Hive.
[CATCHLOVE] A what? Sergeant Major Peach, I gave you an order.
[GODSACRE] I'm in charge here, Catchlove.
[CATCHLOVE] Yes, sir. Of course, sir.
[GODSACRE] Post a guard. No one's to come near this thing until the morning, is that clear?
[PEACH] Yes, sir!

---------------------------------------

(Colonel's tent)
[DOCTOR] The last thing I'm going to do is take sides. But isn't it obvious? Friday has been using you all along. His aim was to get back to Mars and find his Queen.
[CATCHPOLE] Nonsense. He was leading us to the riches he promised us.
[DOCTOR] The simple fact is, you don't belong here. The sooner you get off this planet, the better.
[CATCHPOLE] Don't belong? We're British! Mars is part of the empire now.

---------------------------------------

(Officer's mess)
[BILL] What happened to not taking sides?
[DOCTOR] I'm trying to save their lives. Let's face it. In this scenario, the humans are the invaders. On the other hand, the Ice Warriors have vastly superior armaments which will wipe the humans out. So what am I supposed to do?

---------------------------------------

(Drilling chamber)
[JACKDAW] Here you go, Sarge.
[PEACH] Much obliged, I'm sure, Jackdaw.
[VINCEY] Don't I get none?
[PEACH] RHIP, son.
[VINCEY] Eh?
[PEACH] Rank has its privileges.
[JACKDAW] Christ alive, look at the geld on that thing. That would set a fella up for life, Vincey. Even just a little bit of it.
[PEACH] Now then, you 'orrible old man. Don't go getting no fancy notions. I'm sure the Colonel will be distributing this munificence in a fair and decent fashion, and we can all look forward to, to a, a rosy future.
[VINCEY] Sarge? Jackdaw, what you done?
[JACKDAW] A quietner from the infirmary. He'll be as right as ninepence come dawn. But by then, I'll be gone.
[VINCEY] Gone? Gone where? Case you've forgotten, we're marooned on ruddy Mars.
[JACKDAW] You don't know what I know, son. Captain Catchlove's further on with his repairs than he's let on. Oh, yes, my old love. Jackdaw's going home, but this time, he'll be minted. Come on. Give us a hand.
[JACKDAW] Right. Keep an eye out, will you?
[VINCEY] Nah, you ain't getting me involved in this lark, Jackdaw.
[JACKDAW] Oh, go on. Be a sport. You'll get your share of the rhino, I promise!

---------------------------------------

(Burial chamber)
[JACKDAW] â« It's the same the whole world over. It's the poor what gets the blame. It's the rich what gets the pleasure â«
[JACKDAW] â« Ain't it all a bleedin' shame! â« (While he laughs, gold flies off the figure on the sarcophagus to reveal green underneath. He puts his sapphire into a bag then has a go at the ruby next to it. An armoured hand grabs him by the scruff of the neck. In the Officer's Mess, Friday halts and turns. Vincey is nervous, and when he sees another soldier approacing, he runs in to the burial chamber.)
[VINCEY] Someone's coming, Jackdaw! We'll ruddy swing for this.
[VINCEY] Jackdaw! Come on, mate. Don't muck about. Jackdaw?
[IRAXXA] What manner of fleshy worm are you?
[IRAXXA] Speak.
[SOLDIER] What the hell?
[IRAXXA] That was unwise.
[FRIDAY] Your Majesty.
[FRIDAY] By the moons, I honour thee, Iraxxa. My Empress, my Queen.
[IRAXXA] My Sentinel. You have fulfilled your pledge. I am resurrected!
[FRIDAY] Forgive me, Majesty, but we have slept longer than anticipated. By my calculations, Majesty, we have slept for five thousand years.
[IRAXXA] Five thousand years?

---------------------------------------

(Drilling chamber)
[PEACH] Jump to it! Move! Come on, you lot!

---------------------------------------

(Burial chamber)
[GODSACRE] What the devil? What the hell's going on here, Friday?
[DOCTOR] Colonel, let me speak to them. I can do this. I can sort this out.
[CATCHLOVE] Who the devil is this?
[FRIDAY] She is Iraxxa, Empress of Mars.
[CATCHLOVE] The deuce she is. And you think you can just go about slaughtering my men willy-nilly, do you, madam?
[BILL] Your men?
[IRAXXA] What does the pink thing say?
[CATCHLOVE] Pink thing? Sergeant Major, call to arms!
[GODSACRE] No! No! Wait, Catchlove! Wait!
[CATCHLOVE] Honour must be satisfied. An eye for an eye!
[GODSACRE] I am in command here! (to the Doctor) All right.
[DOCTOR] By the moons, I honour thee. I am the Doctor, and I beg leave to intercede.
[IRAXXA] You know my race?
[DOCTOR] I do. And I ask mercy for these primitives.
[CATCHLOVE] Primitives!
[DOCTOR] Shh! Majesty, the world you knew is dead. The atmosphere has all but evaporated. The surface is lifeless. If there are others who sleep here, they cannot survive on Mars without help. You must cooperate if you are to survive.
[FRIDAY] He speaks the truth, Majesty. The war, all that we fought for, is less than the dust now.
[IRAXXA] And you! Female. What do you say?
[BILL] Me?
[IRAXXA] We are both surrounded by noisy males. I would value your opinion.
[BILL] (walking forward) Yeah. Yeah, yeah, er. They're not lying to you. There's no need for anyone else to die today. The humans saved his life.
[IRAXXA] Is this true?
[DOCTOR] His cryogenic cell was damaged. They saved him.
[IRAXXA] And made him their pet!
[FRIDAY] It was necessary to dissemble, Majesty. I thought only of your resurrection. It was a tactical decision.
[IRAXXA] An Ice Warrior's duty is to command!
[CATCHPOLE] Present!
[DOCTOR] Iraxxa, listen to me! The Mars you ruled is gone, but don't let it end this way. Fight, yes, but for the future, not a dead past.
[GODSACRE] You bloody fool.
[SOLDIER] Sorry, sir!
[GODSACRE] (to Catchlove) Down. Put your gun down. Halt.
[DOCTOR] Majesty, are you all right?
[IRAXXA] You ask for mercy for these creatures?
[DOCTOR] Indeed.
[IRAXXA] Then I grant it.
[DOCTOR] Thank you.
[IRAXXA] They will die quickly.
[DOCTOR] Noooo! Colonel! Get your men out of here! Now!
[DOCTOR] Colonel!
[CATCHLOVE] Retreat! Retreat!

---------------------------------------

(Drilling chamber)
[DOCTOR] Catchlove, listen to me. Your only chance is to come to terms.
[CATCHLOVE] But we have the Gargantua. Is she primed and aimed, Sergeant?
[PEACH] Yes, sir!
[GODSACRE] No, no, I forbid you. That is not a weapon.
[CATCHLOVE] Forbid? You forbid?
[GODSACRE] This farce has gone on long enough.
[CATCHLOVE] Arms at the ready!(Friday appears in the doorway as Catchlove starts to move Gargantua's laser.)
[BILL] No! No! Don't shoot him, for God's sake.
[DOCTOR] Down! Put your guns down!
[CATCHLOVE] What the devil?
[CATCHLOVE] That will hold them!
[CATCHLOVE] We're about to go to war, so it's time you knew the truth. Listen to me, men! The colonel is not what he appears! The hero of Isandlwana.(Zulus 1
[GODSACRE] No, no. No, please! No, please.
[CATCHLOVE] Show them!
[CATCHLOVE] The mark of a rope. While you were fighting for Queen and country, the Colonel here was dancing the Newgate polka. This burn, this is the mark of the rope that failed to hang him for desertion. They tried to hang him, but they bungled it. He's a paper tiger. Not fit to command.
[DOCTOR] Look, it doesn't matter who's in charge of your stupid expedition. You don't stand a chance against the Ice Warriors.
[CATCHLOVE] What, all two of 'em?
[DOCTOR] There will be more, you idiot. The Hive is active. Don't you see? They'll do anything to defend their home planet.
[CATCHLOVE] Well, I dare say the British Army is more than a match for a bunch of upright crocodiles. Sergeant Major!
[PEACH] Sir.
[CATCHLOVE] I'm assuming command. Take the Colonel and put him in the brig. Sergeant Major Peach, I gave you an order.
[PEACH] Very good, sir. Private!
[PEACH] If you would be so good as to come this way, sir?
[CATCHLOVE] Oh, and for the last time, get these wretched people out of my sight. Put them in the brig, too. There's no room for civilians here.
[DOCTOR] This isn't over, Catchlove.
[CATCHLOVE] No. It ain't. Not now Neville Catchlove's in charge.

---------------------------------------

(Brig)
[DOCTOR] You'll regret this! In a couple of hours, you'll be begging for help!

---------------------------------------

(Burial chamber)
[IRAXXA] It will take time to revive all my Warriors. But perhaps enough are awoken to go on the offensive.

---------------------------------------

(Drilling chamber)
[CATCHLOVE] If either of those creatures get out of there, we'll be ready for them.
[PEACH] Yes, sir.
[CATCHLOVE] Carry on, Sergeant Major.
[PEACH] We won't let you down, sir.

---------------------------------------

(Brig)
[DOCTOR] Oh. There's no setting for wood. Why is there still no setting for wood?
[BILL] But, you've got a plan?
[DOCTOR] Yes, of course I've got a plan. I'm all plans. I'm made of plans.
[GODSACRE] Who the deuce are you two, really? You speak of us as though we're a different species. You seem to know all aboutthese, these Ice Warriors. You seem to know a lot about most things.
[BILL] Well, we're sort of police.
[DOCTOR] Speak for yourself.
[BILL] What, you can deal with big green Martians and, and, and rocket ships, but you can't deal with us being the police?
[GODSACRE] No, no, no, no, no. It's just such a fanciful notion. A woman in the police force.
[BILL] Listen, yeah? I'm going to make allowances for your Victorian attitudes because, well, you actually are Victorian. But, but anyway. Is it true? You deserted? (Godsacre nods) Why?
[GODSACRE] Oh, cowardice. Simple cowardice. I thought I had it in me to command, Miss Potts, but when push came to shove I, I flunked it, deserted my post. Catchlove's the only one who knew and he's bled me dry. It could have been a fresh start for all of us.
[BILL] How's it looking out there?
[DOCTOR] All quiet. It's traditional at this point to say, too quiet.

---------------------------------------

(Drilling chamber)
[VINCEY] Always liked the Colonel, I did. Seemed a decent chap.
[PEACH] Well, we must take orders from the Captain now, son. Them's the rules.
[VINCEY] Sir.
[VINCEY] Blimey, Sarge. This is a queer 'un, ain't it?
[VINCEY] Something to tell your kids. I mean, Martians!
[PEACH] You just face front and mark your man when you see him, Vincey lad.
[PEACH] Martian or no Martian.
[VINCEY] Wait till Alice hears all this.
[PEACH] Set a date, have you, son? You and your Alice?
[VINCEY] Not yet. I want to have enough put by to make us comfy.
[VINCEY] And then we'll get married in that little church with the twisted spire back home, down by the river.
[VINCEY] Oh, it's so green there, Sarge. It's beautiful. I miss the trees and the grass. I never want to see red again in all my puff. I just want to see
[CATCHLOVE] How in God's name did they get behind us?
[CATCHLOVE] Turn it! Turn it, for God's sake, ninety degrees!
[PEACH] It won't work, sir. We need more men!
[DOCTOR] Catchlove, this is senseless slaughter!
[CATCLOVE] Front, present! Fire! Come on, lads, there's only three of them.

---------------------------------------

(Burial chamber)
[IRAXXA] Sleep no more, my Warriors. Sleep no more. It is time!

---------------------------------------

(Brig)
[BILL] Doctor, what do we do? There's no way out.

---------------------------------------

(Drilling room)
[CATCHLOVE] Close it! Close the gap!
[PEACH] Retreat! Retreat! Run for it!
[VINCEY] Sir! What do we do?
[CATCHLOVE] Oh, sod this for a game of soldiers.

---------------------------------------

(Brig)
[BILL] Friday?
[FRIDAY] Doctor, we must work together.

---------------------------------------

(Burial chamber)
[IRAXXA] Rise, my Ice Warriors! Rise!

---------------------------------------

(Drilling chamber)
[DOCTOR] Whoa, whoa, whoa! Where are you going?
[GODSACRE] I'm sorry, Doctor. Blue funk. Can't help it. I can't do it. I'm sorry.
[DOCTOR] I need a distraction.
[BILL] You got one.
[DOCTOR] Good luck.
[BILL] Oi, Queenie! Let's talk. Woman to woman. You valued my opinion before.
[IRAXXA] Perhaps. But this is war.
[BILL] Why? Why does it have to be war?
[FRIDAY] Your Majesty, she's right.
[IRAXXA] You have forged a new alliance, I see.
[BILL] We can stand together.
[IRAXXA] It's too late. Mars stands alone. We are strong. Soon, all my Warriors will wake. We do not require assistance.
[DOCTOR] Your Majesty! Oh, Your Majesty, I wouldn't do that if I were you. Stand down, or I'll fire.
[IRAXXA] Fire at what?
[DOCTOR] Well, geography was never my strong suit, but aren't we underneath Mars's north pole? Over our heads, millions of tons of snow and ice. One good blast from the Gargantua here and your army will be on ice forever, trapped in an eternal winter, like, like Frozen! It's a movie.
[IRAXXA] You will destroy yourself at the same time.
[DOCTOR] That's a price worth paying, isn't it? It's a simple choice, Iraxxa, the oldest in the book. We must live together, or die together.
[IRAXXA] You dare to touch me?
[CATCHLOVE] in a spacesuit) Yes, my dear. I do.
[DOCTOR] Don't do this, Captain. Don't mess this up.
[CATCHLOVE] No choice, old boy. You see, I suddenly remembered I need a bit of a hand getting that ruddy ship off the ground. And who better to ask than the Ice Queen herself? Call off your dogs, Your Majesty. Call them off!
[CATCHLOVE] That's better. Course, I will have to dynamite the lifts to stop you following, but er, well, war is hell, what?
[DOCTOR] If you want to escape, I can help. Just leave Iraxxa with her people. Don't mess this up.
[CATCHLOVE] Thank you, Doctor, but er, I think I prefer my plan.
[CATCHLOVE] Gentlemen! It's been a privilege, however brief, to command you, but all good things come to an end.
[GODSACRE] I think you'll find, Captain, that I'm in command here.
[IRAXXA] You sacrificed one of your own without tactical advantage?
[GODSACRE] No, I didn't sacrifice him. I executed him.
[IRAXXA] Do you now expect your life to be spared?
[GODSACRE] No. No, no, no. I expect it to be taken. And I give it willingly.
[DOCTOR] Shh!
[GODSACRE] Some time ago, I was hanged for cowardice. The execution took longer than expected, and I fear I have not used my time well.
[GODSACRE] I should be happy for you to complete the work they failed to do so long ago.
[IRAXXA] It will be a pleasure.
[BILL] No, please, don't do this.
[DOCTOR] Bill, quiet.
[BILL] He saved your life!
[GODSACRE] Your Majesty, I have a request, if that may be permitted.
[IRAXXA] Speak!
[GODSACRE] That man was not one of us. Please, do not judge mankind by his cruelty or indeed by my cowardice. Spare my friends and my world.
[IRAXXA] Your request does you credit, soldier. It will be considered.
[GODSACRE] God save the Queen.
[SOLDIERS] God save the Queen!
[IRAXXA] You will die with honour, with bravery, and in the service of those you swore to protect.
[GODSACRE] Thank you. You don't know what that means. Thank you.
[IRAXXA] But not today. In battle, soldier. To die in battle is the way of the warrior. Pledge your allegiance to me and my world, and I will ensure you have the opportunity.
[GODSACRE] My life and my service are yours. (kneels) To the end.
[IRAXXA] To the death, my friend. To the death.
[BILL] You knew that would happen.
[DOCTOR] Always been my problem.
[BILL] What?
[DOCTOR] Thinking like a warrior.

---------------------------------------

(Burial chamber)
[DOCTOR] There we are. I've sent out a sort of round-robin e-mail. All being well, the first intelligent, space-going system will be in touch fairly soon.
[IRAXXA] Thank you, Doctor. Mars is dead, but the Ice Warriors will live on.
[BILL] Will they make it? Oh, yes. In fact, this might be the beginning of the Martian Golden Age.
[VOICE [OC]] Are you receiving us? Mars, are you receiving?
[IRAXXA] This is Iraxxa, Queen Empress of Mars.
[VOICE [OC]] Ah, excellent! We have received details of your situation. We would be happy to send a fleet to your aid at once. A physical marker of some sort would be appreciated to guide our ships.
[IRAXXA] To whom am I speaking?
[VOICE] This is Alpha Centauri. Welcome to the universe!

---------------------------------------

(Mars)
[BILL] Big enough?
[DOCTOR] For the ship to see? I think so.
[BILL] You going to be okay?
[GODSACRE] Well, that's twice I've been executed. Whatever happens now, it's got to be better than I expected. There's nothing for me backon Earth, and to help forge a new world, well, that will be my privilege. Seems a shame, though.
[BILL] What does?
[GODSACRE] Well, no one back on Earth will ever know that we got here. All will be forgotten.
[DOCTOR] Oh, not quite forgotten, Colonel. You've changed the mind-set of a very stubborn Martian monarch. And one day, even though the ice cap may obscure it, someone's going to notice that.

---------------------------------------

(Tunnel)
[NARDOLE] So, er, what did I miss?
[DOCTOR] Where have you been?
[NARDOLE] Yeah. Er, before you go getting all frowny.

---------------------------------------

(Tardis)
[NARDOLE] Er, well, er.
[MISSY] Are you all right?
[DOCTOR] This can't happen. This is not what we agreed to. I'm going to have to put you back in the Vault. You know that.
[MISSY] Sure. That's fine.
[DOCTOR] What?
[MISSY] But Doctor, please tell me. Really, are you all right?
",2017-06-10,Doctor Who - Empress of Mars
"Doctor Who (07 Oct 2018; Thirteenth Doctor) - The Woman Who Fell To Earth

[RYAN] So today I want to talk about the greatest woman I ever met. Smart, funny, caring, special. Proper special. Er, where do I start? Okay, I've mentioned this on here before. I'm pretty much not an idiot. I'm actually a capable guy, considering. But I'm 19, and cos of the thing I told you before, I can't yet ride a bike.

---------------------------------------

(Moors)
[GRACE] Who says you can't?
[RYAN] Me, Nan. We keep trying this.
[GRACE] And we'll go on trying till it's done. Now keep your eye on Grandad.
[RYAN] You mean Graham.
[GRACE] Keep your eye on Graham, then. Three, two, one, go! Go on!
[GRAHAM] Go on, Ryan! You're doing it, mate!
[GRACE] Nearly.
[RYAN] No, not nearly. I'm sick of coming up here, I'm sick of falling, and I'm sick of this stupid bike.
[GRACE] Ryan Sinclair, don't you dare!
[GRAHAM] Mate, you rode it for a second.
[RYAN] Can you stop calling me mate? Anyway, a second's not enough.
[GRACE] You'll do it, if you keep on trying.
[RYAN] I just want to make you proud.
[GRACE] You make me proud every day.
[GRAHAM] Anyway, you're on your own getting that bike, cos our train leaves in twenty minutes. Come on, love.
[RYAN] Hi. Er, Police, maybe.

---------------------------------------

(Street)
[SONIA] She smashed it with a hammer!
[JANEY] Cos you keyed me nearside door!
[SONIA] Because you parked in my spot!
[JANEY] It's not your spot. There are no spots.
[YASMIN] Ladies, please! Thank you. Can I suggest a simple solution? You pay for her cracked window, you pay for her scratched door, and we all agree that parking round here is a nightmare but that grown-ups really shouldn't need to call the police to sort it out for them. Now, if we're all agreed on that, there's no need for me to take any further police action and we can all get on with our lives. What do you reckon?

---------------------------------------

(Police car / Police station)
[YASMIN] I'm just saying, I am capable of more than parking disputes.
[RAMESH] And I keep telling you don't run before you can walk. You're a probationer, Yaz. Learn the basics.
[YASMIN] I want to do more. Can you not get them to give me something that'll test me? Something a bit different.
[RAMESH] There is something that just came in, if you want different.

---------------------------------------

(Woods)
[YASMIN] And you say you just found it here?
[RYAN] No, I said it appeared, out of nowhere.
[YASMIN] Right.
[RYAN] I swear, this isn't a prank. I came down here to get me bike.
[YASMIN] And where's your bike?
[RYAN] In that tree.
[YASMIN] Name, sir?
[RYAN] Ryan Sinclair.
[YASMIN] Wait. Redlands Primary?
[RYAN] Yeah.
[YASMIN] Yasmin Khan.
[RYAN] Oh my God. Yaz. Wow.
[YASMIN] I know.
[RYAN] Look at you. You're a Fed.
[YASMIN] Yeah. We don't call it that. I'm still training, second year probation. What about you, what are you up to?
[RYAN] Warehouse worker.
[YASMIN] Oh. Right. Like it?
[RYAN] Hate it. It's cash while I study for my NVQ. I'm trying to be a mechanic.
[YASMIN] That's good. You have to take this away, though, seriously. It's going to be dark any minute. You can't dump this here.
[RYAN] I didn't. I can't even lift it.
[YASMIN] Oh, come on, Ryan. It's me.
[RYAN] Touch it.
[YASMIN] What?
[RYAN] See? It's freezing.

---------------------------------------

(Train carriage)
[ANNOUNCEMENT] The next station is Grindleford.
[GRAHAM] Do you ever think he's going to call me Grandad?
[GRACE] Give him time.
[GRAHAM] Three years we've been married.
[GRACE] And you've never been happier!
[GRACE] Can't keep his hands off me, love.
[GRAHAM] Behave yourself.
[GRACE] Never.
[GRAHAM] You all right, love?
[GRACE] Think so, yeah. What just happened?
[GRAHAM] Where you going?
[GRACE] Just having a look.
[GRACE] What're you doing? Don't go on t'track, it could be live.
[KARL] Get off of there!
[GRACE] Graham, the doors just locked. We're shut in. I can't get them open. Summat's wrong.
[KARL] I think something's coming down the train.
[GRAHAM] Right, get away from the door. Grace, get to the back of the carriage. Get to the back.

---------------------------------------

(Woods)
[RYAN] Wait, one sec. Hiya, Nan.
[GRACE [OC]] Ryan, love. Our train's stopped between Hathersage and Grindleford, and something really weird's going on. (static)
[YASMIN] Everything all right?
[RYAN] Nan?

---------------------------------------

(Train carriage)
[GRAHAM] Grace, get back.
[GRAHAM] What is it?
[GRACE] I've no idea.
[DOCTOR] What?
[DOCTOR] Should buy us a few seconds. (looks at the hole in the roof) Oh yeah, Long story. Tell you later. Doors?
[GRACE] Locked shut.
[DOCTOR] We'll see about that. No sonic. Empty pockets. Oh, I hate empty pockets.
[KARL] It's coming back!
[DOCTOR] What are you? Okay, you don't like questions. More the private type, I get that.
[KARL] Get it away from me!
[DOCTOR] All of you, stay very still.
[KARL] It's going to kill us.
[DOCTOR] It could've done that already.
[RYAN] Nan!
[GRACE] Ryan, stay away!
[YASMIN] Oh, my God.
[DOCTOR] You three, relax, but stay put. I'll check the rest of the train. Fat lot of use you two were.
[YASMIN] Hey! Hold on there please, madam. I need you to do as I say. This could be a potential crime scene.
[DOCTOR] Why are you calling me madam?
[YASMIN] Because you're a woman.
[DOCTOR] Am I? Does it suit me?
[YASMIN] What?
[DOCTOR] Oh yeah, I remember. Sorry, half an hour ago I was a white-haired Scotsman. When's the next train due?
[RYAN] This is the last one back.
[DOCTOR] But the doors are locked. How did you both get in?
[YASMIN] Driver's window was smashed in.
[DOCTOR] What's your name?
[YASMIN] PC Khan, Hallamshire Police.
[DOCTOR] Name, not title.
[YASMIN] Yasmin Khan. Yaz to my friends. Can I have your name, please?
[DOCTOR] When I can remember it.
[YASMIN] You don't know your own name?
[DOCTOR] Course I know it. I just can't remember it. It's right there, on the tip of my... What's that?
[RYAN] Tongue?
[DOCTOR] Tongue! Smart boy. Biology. What did she call you? Ryan?
[RYAN] Yeah. Ryan Sinclair.
[DOCTOR] Good name. Are you a doctor, Ryan?
[RYAN] No.
[DOCTOR] Shame. I'm looking for a doctor.

---------------------------------------

(Driver's cab)
[DOCTOR] Power, lights, doors. Poor woman.
[RYAN] That thing must've  killed her as it came through.
[DOCTOR] Must it? It didn't kill anyone else. Looks more like she died of shock when it smashed through the window.
[YASMIN] Either way, a woman has died here.
[DOCTOR] But no more creatures, and no other passengers left on board. Let's get back to the others.

---------------------------------------

(Train carriage)
[YASMIN] Wait. Can you stop, please? This could be a major incident. I'm the one in charge here.
[DOCTOR] What are you going to do?
[YASMIN] Call it in to my station.
[DOCTOR] What are you going to tell them?
[YASMIN] The facts.
[DOCTOR] Which are?
[YASMIN] The train was attacked.
[DOCTOR] By what?
[YASMIN] I need to take a look at CCTV footage.
[DOCTOR] And why do you need to check CCTV when we all saw it with our own eyes?
[RYAN] Was it an alien? Because it looked like an alien to me.
[YASMIN] Oh, come on.
[DOCTOR] What, you think he's wrong?
[YASMIN] No, I dunno, but...
[DOCTOR] But you're worried about how you'll explain all this to a superior officer who won't believe you.
[YASMIN] I can't not report it.
[DOCTOR] You could hold off until we get the answers to the bigger questions.
[YASMIN] Which are?
[DOCTOR] What was it? Why is it here? Where's it going next? And, most importantly, how do we stop it? 'Cos whatever it is, I don't think it's done. Come on, Ryan. Come on, Yaz. I'm calling you Yaz, cos we're friends now.
[KARL] It's er Karl Wright. Middle name's Brian. 52 Northover Street.
[YASMIN] Telephone number?
[DOCTOR] Right then, troops. No, not troops. Team, gang, fam? I'm distracting myself.
[GRACE] You came crashing through that roof.
[DOCTOR] I was thrown out of my Tardis. Oh, I've lost my Tardis. It was exploding and then it dematerialised. Don't panic. Not the end of the world. Well, it could be the end of the world, but one thing at a time.
[GRAHAM] Are we supposed to understand anything you're saying?
[RYAN] She thinks that thing is an alien.
[GRAHAM] Don't be daft. There's no such thing as aliens. Anyway even if there was, they ain't going to be on a train in Sheffield.
[DOCTOR] Why not? I'm alien and I'm here.
[GRAHAM] Grace, we're going.
[GRACE] No, we're not. She just saved our lives.
[DOCTOR] Don't be scared. All of this is new to you, and new can be scary. Now we all want answers. Stick with me, you might get some.
[KARL] Actually, I don't want answers. I just want to get to work and forget all about this. If that's all right with everyone. Even if it isn't. Thank you.
[YASMIN] Would you like me to...
[KARL] No! Thank you. I er, just want to be on my own. I'll walk. I need the air. And I'm with him. We don't get aliens in Sheffield.
[GRACE] I think he's still in shock, bless him.
[DOCTOR] Obvious question, but has anyone noticed anything else out of the ordinary tonight?

---------------------------------------

(Police car)
[YASMIN] I'm going to be in such trouble if they find out I were there.
[DOCTOR] Can we have the lights and siren on?
[YASMIN] No! I shouldn't be doing any of this.
[DOCTOR] So you three know each other?
[GRACE] I'm his Nan. Graham's me husband.
[RYAN] Second husband.
[DOCTOR] And you two know each other?
[RYAN] Yeah, Yaz and I were at school together.
[DOCTOR] Oh.
[GRACE] Not Yasmin Khan?
[YASMIN] Hello, Ryan's Nan.
[GRACE] Haven't you done well for yourself, love.
[DOCTOR] And you say you just found it there, this thing?
[RYAN] Yeah, pretty much. I took pictures.
[DOCTOR] Oh, good lad. (looks at the pictures) That's exciting. No, not exciting. What do I mean? Worrying. Fast as you can, Yaz.

---------------------------------------

(Woods)
[RYAN] There's my bike.
[DOCTOR] Why's it in a tree?
[RYAN] We were up top and I chucked it over.
[GRAHAM] He gets cross cos he can't ride it.
[GRACE] We're giving him lessons. He's got dyspraxia. It's a coordination disorder.
[RYAN] Anyway, enough about me. The tree's to the left so it should be...
[YASMIN] It was definitely there.
[DOCTOR] So where's it gone?

---------------------------------------

(Industrial unit)
[ANDY] Rahul, if you're right about that, should we not tell someone?
[RAHUL] What good would that do?
[ANDY] I'm worried for you, mate.
[RAHUL] I've finally got it. Go on, mate, have a pint on me. I'll see you Monday. Pick you up at eight.

---------------------------------------

(Sheffield)
[DOCTOR] Two weird things, one city, same night, makes me nervous.
[YASMIN] I'll see if there have been any more reports on that object.
[DOCTOR] Good, cos we need all the information we can get. Meet us back here.
[GRAHAM] I could have a word with some of my old pals from work. If you want to know what's happening, ask a bus driver.
[RYAN] He always says that.
[GRAHAM] Yeah, that's cos it is true. I'd still be doing it now if I could.
[RYAN] I can search for weird stuff on social media.
[GRACE] I'll check in with my nurses group on WhatsApp.
[GRAHAM] Seriously though. Aliens?
[DOCTOR] Yep.
[GRAHAM] Yeah, maybe I won't mention that bit.
[DOCTOR] Suddenly I feel really tired.
[GRACE] That was a big fall you had, love. We should get you checked out at A&E.
[DOCTOR] No, no, no. I never go anywhere that's just initials. Although... (sticks a finger up her nostril) Ah. Can one of you catch me?
[RYAN] You're going to fall over?
[DOCTOR] In 2 minutes, 19 seconds. Wait. Forget the 2 minutes 19. Oh, this new nose is so unreliable.

---------------------------------------

(Police station)
[RAMESH] Yaz, you've done your shift. Stop pestering me for more interesting shouts.
[YASMIN] It's not that. I'm just wondering whether there's been anything else out of the ordinary tonight.
[RAMESH] It's the night shift in Sheffield. Everything's out of the ordinary.

---------------------------------------

(Bus station)
[GRAHAM] I've got to ask you, any talk of weird stuff or strange creatures out tonight?
[GABRIEL] My wife's out with her mates at karaoke, if that's what you mean.
[GRAHAM] Yeah, yeah.

---------------------------------------

(Ryan's home)
[GRACE] Ryan, look.
[RYAN] Whoa.
[GRACE] She's got two separate pulses.
[RYAN] Oh my God, what is that?
[GRACE] I have no idea.
[DOCTOR] Ah! Ah! Oh! Who woke me up? I'm not ready, still healing, still... oh. Can you smell that? No, not smell, not hear, feel. Can you feel...? Stay still, Ryan.
[RYAN] What is it? What's the matter?
[DOCTOR] Ah. Show me your collarbones.
[DOCTOR] Oh, you've all got them.
[RYAN] So have you.
[DOCTOR] Yeah, I have. Okay. Really sorry. Not good news. DNA bombs. Micro-implants which code to your DNA. On detonation, they disrupt the foundation of your genetic code, melting your DNA. Fast and nasty and outlawed in every civilised galaxy.
[RYAN] How did we get them?
[GRAHAM] Never mind that, are they going to go off?
[DOCTOR] Quiet, I'm trying to think. It's difficult. I'm not yet who I am. Brain and body still rebooting, reformatting.
[DOCTOR] Oh, reformatting. Can I borrow that?
[RYAN] Yeah, I guess so. But what for?
[DOCTOR] That creature, on the train when you two came on board, it zapped us all with these. Simple plan to take out witnesses. Very clever. Merciless, but clever. I reformatted your phone.
[RYAN] No! All my stuff's on there!
[DOCTOR] Not any more.
[DOCTOR] Oh! That nap did me the world of good. Very comfy sofa. (grabs her jacket) Come on, keep up.

---------------------------------------

(Industrial unit)
[RAHUL] Where's my sister?
[TZIM-SHA] Ask me again.
[RAHUL] Where's my sister?
[TZIM-SHA] You will never know.

---------------------------------------

(Car)
[DOCTOR] Next left.
[YASMIN] Where are we driving to?
[RYAN] I reckon she's using my phone to track the origin signal for the DNA bombs.
[GRAHAM] Again, how long till they go off?
[DOCTOR] Don't know.
[GRAHAM] Well, can't we just defuse them?
[DOCTOR] Not without the right equipment. Left again.

---------------------------------------

(Business park)
[DOCTOR] We're close.
[DOCTOR] Bingo. Oi!
[DOCTOR] I was expecting a tentacle-y thing. (shouts) Don't you move!
[RYAN] Wait, is that another alien?
[GRACE] Looks like it!
[GRAHAM] Why is she running at another alien?
[YASMIN] Don't just stand there, come on!
[GRAHAM] Now you're all running at it!
[DOCTOR] Oh, lost it. It's fast. I'm slower cos of all this... fizzing inside.
[RYAN] In here!

---------------------------------------

(Industrial unit)
[GRAHAM] Got a man down over here.
[GRACE] That thing must've killed him. I've never seen injuries like these.
[DOCTOR] Not a weapon blast, more of an ice burn.
[GRACE] It broke his jaw open too.
[DOCTOR] Looks like it took one of his teeth. What sort of creature kills someone and then stops to pull out a tooth? I'm sorry you all had to see this.
[GRACE] I'll find something to cover the body.
[DOCTOR] Thank you, Grace. I'm sorry any of this is happening. I'm sorry that thing on the train planted these bombs inside you, and I'm sorry I haven't figured out what's going on yet.
[RYAN] This is it. This is the thing.
[YASMIN] It was all sealed up earlier. Looks like it's been broken.
[DOCTOR] Or it's done what it came here for. It's some sort of transport chamber, presumably for that thing we just saw in the alley. But why here? Why tonight?
[RYAN] Actually, that might have been me.
[DOCTOR] Why? What did you do?
[RYAN] When I went to get me bike, there were this line in the air. And then it moved, and there were shapes.
[DOCTOR] And?
[RYAN] And I touched one.
[GRACE] Ryan.
[RYAN] You all would've done the same.
[GRAHAM] I wouldn't.
[DOCTOR] I would've.
[RYAN] Right, the shapes disappeared. A few seconds later, that appeared. What've I done?
[DOCTOR] Hard to say, really.
[GRAHAM] I suppose you'll be blaming this on the dyspraxia as well. Can't ride a bike, started an alien invasion.
[GRACE] Graham.
[GRAHAM] What?
[GRACE] Enough, love.
[RYAN] All right, I made a mistake. But why did that guy move this thing from the Peaks to here? And how did he even know it were there?
[DOCTOR] Good questions.
[YASMIN] Let's take a look round here, see what we can find.
[DOCTOR] Can't follow it. The tracking's been blocked, like it figured out what I was doing.
[GRACE] If we were tracking bomb signals from that creature from t'train, why did they lead us here?
[DOCTOR] Another good question. I dunno. If I could analyse that. Course, what I really need is my... Oh! I could build one  I'm good at building things. Probably.
[YASMIN] It's not your fault, all this.
[RYAN] Yeah, it basically is.
[YASMIN] You couldn't have known that was going to happen.
[RYAN] Maybe tell Graham that.
[YASMIN] He knows, really. Do you believe she's an alien?
[RYAN] Yeah, I think I do, yeah. Is that mad?
[YASMIN] No. I think I do too.
[RYAN] Hey, look in here.

---------------------------------------

(Office)
[RYAN] Hey, look at this.

---------------------------------------

(Industrial unit)
[GRAHAM] You don't look like an alien.
[DOCTOR] You should've seen me a few hours back. My whole body changed. Every cell in my body burning. Some of them are still at it now. Reordering, regenerating.
[GRACE] Sounds painful, love.
[DOCRO] You have no idea. There's this moment when you're sure you're about to die and then... you're born. It's terrifying. Right now, I'm a stranger to myself. There's echoes of who I was, and a sort of call towards who I am, and I have to hold my nerve and trust all these new instincts. Shape myself towards them. I'll be fine, in the end. Hopefully. Well, I have to be because you guys need help. And if there is one thing I'm certain of, when people need help, I never refuse. Right, this is going to be fun!
[DOCTOR] Ta-da! (the sonic screwdriver lights up, then goes bang) Oh. Should be fine.
[RYAN] Hey, we found a load of stuff.

---------------------------------------

(Office)
[RAHUL [on screen]] It's come back. The thing I saw the night my sister... Everyone always says disappeared, but I know she was taken. Seven years now, tracking energy signals, building predictive programmes so that I'd know when the atmospheric disruptions matched what happened that day. And tonight it came back again and I've got it. I am going to find out what happened to my sister. If anything happens to me, her name was Asha. Don't let anyone else go through this.
[RYAN] He knew what he was doing might kill him.
[DOCTOR] She was his family.
[RYAN] Did you just make that?
[DOCTOR] Sonic screwdriver. Well, I say screwdriver, but it's a bit more multi-purpose than that. Scanner, diagnostics, tin opener. More of a sonic Swiss Army knife. Only without the knife. Only idiots carry knives.
[RYAN] What are you doing with it?
[DOCTOR] Mapping the distance this object has travelled. It looks like it started over 5,000 galaxies away.
[YASMIN] How can you tell?
[DOCTOR] That bit there. Recall circuitry. It's designed for a return journey.
[GRAHAM] So whatever killed that bloke will have to come back here?
[DOCTOR] Question is, why did it leave? What's it looking for?
[GRACE] What's your best guess, love?
[DOCTOR] Two aliens, one city, one night. Best guess? Two species at war, using Earth as a battleground.
[YASMIN] Are you joking?
[DOCTOR] No, sorry.
[GRAHAM] So... so you're saying that the creature on the train and the thing that came out of here, they're now looking for each other spoiling for a scrap?
[DOCTOR] Bit more than a scrap.
[YASMIN] What are we going to do? Cos this is my home, and I'm not having it being an alien battleground.
[DOCTOR] We stop them meeting. Capture them, send them home. Away from each other, and away from Earth.
[RYAN] How do we do that?
[DOCTOR] Well, give me a minute. I'm working on it.
[GRAHAM] Not to sound like a stuck record, but can I just ask about these DNA bombs? Like, how long have we got left?
[DOCTOR] Enough questions! You lot, you love to chat. I get it. Lots to do. I'm working on it all. And I haven't forgotten about your collarbones, Graham. Give me nine minutes, a bit of quiet, and I'll be ready to roll. Scout's honour.
[GRAHAM] Hello? Yeah, Kevin. No, no mate. That's exactly the sort of thing.

---------------------------------------

(Alleyway)
[DEAN] Halloween's next month, mate. (throws salad at him) Eat my salad, Halloween!

---------------------------------------

(Rooftop)
[DOCTOR] Hi. Us again.
[DOCTOR] Now!
[RYAN] Get in! It actually worked!
[DOCTOR] Of course it worked. I'm not an amateur. Overloaded its socket, stunned it for a bit. Not sure for how long though. Best be quick. And thank you to Kevin the bus driver for location intel.
[GRAHAM] See? Always ask a bus driver.
[DOCTOR] (scanning it) Half organic, half machine. Starts to make sense now. Wait. It's a Gathering Coil. No, dozens of Gathering Coils. These tentacle-y things, they're creatures which gather information. They've been lashed together and augmented into one super-creature. But why? What data are they gathering? Unless...
[YASMIN] So that's an alien species?
[DOCTOR] Not really. More of a semi-species. Weaponised bio-tech.
[YASMIN] You said there were two aliens in a battle.
[DOCTOR] You're right, I did, but now I think I'm wrong and I'm trying to catch up with what that might mean. If I can access the data it's gathered...
[GRAHAM] It's Karl from the train.
[DOCTOR] Karl's the data. That's what it was gathering on the train.
[GRAHAM] But what would the alien want with him?
[TZIM-SHA] Which one of you shall I kill first?
[DOCTOR] I'm voting none of us. Get behind me now. Stop right there. Come any further and we'll blast whatever that thing is.
[TZIM-SHA] You're interfering in things you don't understand.
[DOCTOR] Yeah, well, we all need a hobby.
[TZIM-SHA] You're not human. Who are you?
[DOCTOR] Me? I'm... Oh, it's gone again. I had it a minute ago. So annoying. Same question back at you. No, in fact, before that, because it's really bugging me, actually not bugging me, offending me. Why the teeth? Bad enough you kill, why take a tooth from the victim?
[TZIM-SHA] A Stenza warrior wears his conquests. You may tell your children you were once privileged to encounter Tzim-Sha of the Stenza.
[DOCTOR] Tim Shaw?
[TZIM-SHA] Tzim-Sha.
[DOCTOR] Tim Shaw.
[TZIM-SHA] Tzim-Sha! Soon to be leader of the Stenza warrior race, conquerors of the Nine Systems.
[DOCTOR] When you say soon to be leader, what are you now, the office junior?
[GRAHAM] Eh? No, don't wind him up.
[TZIM-SHA] Tonight is my challenge. Trace and obtain the selected human trophy.
[DOCTOR] It's a hunt. You're on a hunt.
[TZIM-SHA] Well done. Your tiny mind must be burning with such effort.
[DOCTOR] Did he just say I had a small mind?
[TZIM-SHA] The challenge is simple. Our leaders randomly designate a selected human. I'm sent here, alone, no weapons, no assistance. I must locate and obtain the trophy and return home with it, victorious. By doing this, I ascend to leader. This is the ritual of the Stenza.
[YASMIN] And it's happened before. Rahul's sister.
[DOCTOR] Earth is not a hunting ground.
[TZIM-SHA] Access was granted.
[RYAN] No, it wasn't. It was a misunderstanding. Access revoked as of now, by me.
[DOCTOR] Just to pick up on one thing. You don't mind, do you? You said the rules were no weapons, no assistance.
[TZIM-SHA] Correct.
[DOCTOR] How did you kill them? What caused the ice burns?
[TZIM-SHA] We Stenza live at temperatures far below this planet, one touch of my cold skin will kill a human.
[DOCTOR] So, this super-powered Gathering Coil right here, you're not meant to have it, are you?
[TZIM-SHA] The creature is irrelevant.
[DOCTOR] I don't think it is. I think you smuggled it ahead of you. I think it located the randomly designated human for you. I think you broke the rules. Some leader you're going to make. Tim Shaw is a big blue cheat!
[DOCTOR] Okay, fine, have it.
[RYAN] What's it doing?
[DOCTOR] Total transference. If you've finished, let's be really clear. You're not taking any human from Earth tonight. Leave now or we're going to stop you.
[TZIM-SHA] Good luck.
[DOCTOR] No! Short-range teleport. Double cheat!
[YASMIN] Where have they gone?
[DOCTOR] To hunt.
[RYAN] Hunt who?
[DOCTOR] Isn't it obvious?

---------------------------------------

(Crane cab)
[RECORDING] I am special.
[KARL] I am special.
[RECORDING] I am valued.
[KARL] I am valued.
[RECORDING] Somebody out there wants me.
[KARL] Somebody out there wants me.

---------------------------------------

(Security hut)
[DENNIS] You stay up too late, madam. Let your mum get some sleep. She works very hard for you. Mind you, I like it that you call me. Not every grandad's this lucky.
[DENNIS] Daisy love, I've got to go now. Love you loads. What do you think you're... Argh!

---------------------------------------

(Car)
[YASMIN] Karl's number's going straight to voicemail.
[RYAN] Got him. Karl Wright, operator for Skylark Building Services.
[GRAHAM] I know where their site is. It ain't far. Grace, next right, love!

---------------------------------------

(Crane cab)
[KARL] Dennis, there's someone climbing up to me cab. Dennis? Dennis, it's Karl!

---------------------------------------

(Building site)
[KARL [OC]] Dennis, I need help! Somebody's on my crane!
[DOCTOR] Oh, great. Karl's a crane operator. He would be, wouldn't he?
[RYAN] It's over there.
[GRAHAM] And that creature's guarding the bottom of it.
[DOCTOR] Graham, Grace, need you to take this equipment and get everybody off this site. Don't care how. Use your initiative. Do not come back in, understand? Ryan, Yaz, how are you with machinery, and heights?

---------------------------------------

(Crane)
[DOCTOR] That tentacle-y thing is guarding Karl's crane, so we go up this one.
[YASMIN] What do we do when we get up there?
[DOCTOR] Don't worry, I've got a plan.
[YASMIN] Really?
[DOCTOR] Well, I will have by the time we get to the top.
[YASMIN] Are you all right with this? Cos if it's a problem, you don't have to do it.
[RYAN] I do. I can do this.

---------------------------------------

(Building site)
[GRAHAM] Thank you very much. Total site shutdown. Quick as you can, please. Thank you. Major power issues, very serious, emergency services on their way.
[GRACE] Off site immediately, please. Matter of urgency.

---------------------------------------

(Crane cab)
[KARL] You can't come up here. Turn around please! Go on!
[DOCTOR] Oi! Karl from the train. Up and over! Up and over!
[KARL] You have got to be kidding. I am valued. I am special.

---------------------------------------

(Crane)
[YASMIN] Ryan! You okay?

---------------------------------------

(Karl's crane)
[KARL] I am confident. I achieve my goals. I achieve my goals.

---------------------------------------

(Crane)
[RYAN] We made it! Oh! Oh, no, no, no, no, no. It's way too high up here.
[YASMIN] What's the plan? You said you'd have a plan.
[DOCTOR] Nearly. Nearly, nearly... I got one. I climb onto the arm of this crane, you swing the arm round next to Karl's crane.
[RYAN] Oh no, you're kidding.
[DOCTOR] Karl steps across, you swing the arm away, I get him back in here, all back down for a cuppa and a fried egg sandwich. I'm really craving a fried egg sandwich. Simple, no?
[YASMIN] Not really.
[DOCTOR] All right, it's a work in progress, but so is life. It'll be fine. Oh! I got these downstairs. One must work.
[DOCTOR] You can figure out how to work a crane, right? Go.
[DOCTOR] Yep, way too high.

---------------------------------------

(Building site)
[GRAHAM] Grace, she explicitly said not to come back. It's not safe.
[GRACE] Look, it's swapped cranes. It's trying to bring it down. We have to stop it.

---------------------------------------

(Crane cab)
[YASMIN] Last one. (it works) Get in. Okay, so now we just need to swing the arm round to meet that one.
[RYAN] Right, I think this shows us. Ready?
[YASMIN] Every day's a learning day.

---------------------------------------

(Crane jib)
[DOCTOR] Wrong way! Wrong way!

---------------------------------------

(Crane cab)
[RYAN] Wrong way. Wrong way!
[YASMIN] I know. Shut up.

---------------------------------------

(Crane jibs)
[DOCTOR] Hiya, again.
[RYAN] What's going on?
[DOCTOR] When the arms line up, just step across.
[KARL] How am I supposed to get across there now?
[DOCTOR] When I said step, obviously I meant jump. Jump across.
[KARL] I can't do that!
[DOCTOR] Of course you can. Stand up, quick jump. Chop chop, I'll catch you.
[KARL] I dunno. I'm not great with heights.
[DOCTOR] What?
[KARL] It's my dad's company.
[DOCTOR] Pop on over.
[KARL] Okay. I am special.
[DOCTOR] Yes, you are.
[KARL] I am brave, and I am gonna jump.
[DOCTOR] No time like the present.
[DOCTOR] Let him go!
[KARL] I'm sorry!
[DOCTOR] If you want something doing...
[KARL] Please! Help!
[ALL] Oh, my God.
[DOCTOR] These legs definitely used to be longer.
[DOCTOR] Oi, Tim Shaw, you stop right there.
[KARL] Oh, he's got a face of teeth!
[DOCTOR] I know. I've got this. Let him go... or I destroy this.
[DOCTOR] Really need a new coat. This.
[DOCTOR] The recall from the pod you travelled in. I took it out. Without this, you can't get home. Yeah, see? Now you're worried. If I fall, this falls with me. Then you're stuck.

---------------------------------------

(Building site)
[GRACE] Yeah?
[GRAHAM] Yeah. Come on.

---------------------------------------

(Crane jib)
[DOCTOR] What do you do with them, your human trophies?
[TZIM-SHA] They're held in stasis in our trophy chambers, on the cusp between life and death.
[DOCTOR] Left to rot? How completely obscene.
[TZIM-SHA] They're not important.
[KARL] Hey! I'm important.
[DOCTOR] If I don't stop you, your people will keep doing this.
[TZIM-SHA] Give me the circuit or I detonate the bombs placed in your friends.
[DOCTOR] More weapons. Did your pet put one in Karl too?
[KARL] What?
[TZIM-SHA] There was no need. He was tagged. He is the trophy.
[DOCTOR] I thought as much. Right, you detonate the bombs, I'll destroy the recall. So, what are we going to do?

---------------------------------------

(Building site)
[GRACE] Right, you rewired the house, so you sort things out this end, I'll climb up.
[GRAHAM] I don't want you doing that.
[GRACE] Graham, Ryan's in danger. We don't have time to argue. Give me t'signal when you're ready.
[GRAHAM] Okay.
[GRACE] Is it wrong to be enjoying this?
[GRAHAM] Yes!

---------------------------------------

(Crane jib)
[DOCTOR] Poor Tim Shaw. The wannabe leader who has to cheat because he knows he's unworthy. See, that's why I know you won't detonate. Although, you could prove me wrong cos we're all capable of the most incredible change. We can evolve while still staying true to who we are. We can honour who we've been and choose who we want to be next. Now's your chance. How about it?
[TZIM-SHA] Who are you?
[DOCTOR] Yes. I'm glad you asked that again. Bit of adrenaline, dash of outrage, and a hint of panic knitted my brain back together. I know exactly who I am. I'm the Doctor. Sorting out fair play throughout the universe. Now please, get off this planet while you still have a choice.
[TZIM-SHA] I choose to win.
[DOCTOR] Sorry. I removed those nasty little things from my friends - Swiss Army sonic, now with added Sheffield steel - And I implanted them back in your creature. Your transference wasn't just data, it was physical. You got everything transferred to you, including five tiny bombs. You had a choice. You did this to yourself. Go home.
[KARL] I am important!
[DOCTOR] You had no right to do that.

---------------------------------------

(Building site)
[GRACE] Put a bomb in me, would you? Now, Graham!
[GRACE] It's working!
[GRACE] Don't be cross with me.
[GRAHAM] I'm not cross, baby. I'm not cross.
[GRACE] Promise me... you won't be scared.
[GRAHAM] What do you mean?
[GRACE] Without me.
[GRAHAM] Grace. Grace...

---------------------------------------

(YouTube channel)
[RYAN] So, today I want to talk about the greatest woman I ever met. Smart, funny, caring. Proper special. My nan. Because... she died.

---------------------------------------

(Ryan's bedroom)
[RYAN] First me mum six years ago, and now me nan. It's like the best people get taken first. I had a lot to learn from her and I were looking forward to that. She died like she lived, trying to help other people. I love you, Nan, and tomorrow I'm going out there for you.

---------------------------------------

(Moors)
[RYAN] Three, two, one...

---------------------------------------

(Chapel)
[DOCTOR] What time did your dad say he'd get here?
[RYAN] Two hours ago.
[DOCTOR] If he said he'll come...
[RYAN] He says a lot of things. He's never been the best at being reliable. I mean, how can he not be here? She's his mum. She would've wanted him here. I want him here.
[GRAHAM] Lots of you knew Grace longer than me, so I can't stand here and pretend to know everything about her. I wasn't her first husband, but she said I would do for a second attempt. I can only tell you about the Grace I met, when I thought I didn't have much time left. The... the Grace that showed me life had more to offer, and... And I know if she was here now, she'd tell us not to be so sad. You see, I can hear her saying to me, Graham, we had three glorious years, what're you complaining about? I'm complaining because I wanted more. You see, Grace was a better person than I could ever be. And I should have gone and... Grace should still be here.

---------------------------------------

(Outside Ryan's home)
[DOCTOR] What did you mean in your speech, you thought you'd run out of time?
[GRAHAM] Oh, well, er, I had cancer and er... Well, strictly speaking, I'm still in remission, three years gone. And Grace was my chemo nurse. That's where we met and fell in love. So by rights, I shouldn't even be here.
[YASMIN] Have you got family?
[DOCTOR] No. Lost them a long time ago.
[RYAN] How do you cope with that?
[DOCTOR] I carry them with me. What they would've thought and said and done. I make them a part of who I am. So even though they're gone from the world, they're never gone from me.
[GRAHAM] That's the sort of thing Grace would have said.
[YASMIN] So everything we saw, everything we've lied to people about, is this normal for you?
[DOCTOR] I'm just a traveller. Sometimes I see things need fixing, I do what I can. Except right now, I'm a traveller without a ship. I've stayed too long. I should get back to finding my Tardis.
[YASMIN] Doctor. Can I just say, you really need to get out of those clothes.
[DOCTOR] Right, yeah. It's been a long time since I bought women's clothes.

---------------------------------------

(Charity shop)
[DOCTOR [OC]] Not that. Not that, not that. Ah, not that. Oh! Yes! Now, that's what I want.
[YASMIN] That's what you're going with?
[DOCTOR] Yep! Got any cash? Empty pockets. Also, I've been thinking about my Tardis. So you think you guys might be able to help me?

---------------------------------------

(Industrial unit)
[GRAHAM] How long have we got to stand here for? I'm getting cramp.
[DOCTOR] Seriously, Graham, trying to concentrate here.
[RYAN] Do you understand what she's doing?
[DOCTOR] My ship uses a particular type of energy. I've tracked that energy trail from the moment I lost it to where it is now. Now, given this is a transport pod, I'm configuring it to send me to the planet where my ship seems to have ended up.
[YASMIN] You're going to another planet?
[DOCTOR] Well, trying to. Except Stenza technology's really annoying and super hard to decipher. 139 layers, seven of which don't make sense. Right. Graham.
[GRAHAM] Yeah?
[DOCTOR] Clamp those onto there.
[GRAHAM] All right.
[DOCTOR] Yaz, thread the cable onto the top. Ryan, you turn on the switch. Okay, you three, I'm almost gonna miss ya.
[DOCTOR] That's it. It's connected up. It should work.
[DOCTOR] Moment of truth, then. Wish me luck. And goodbye. Oh, deep breath. Not you lot. Me.
",2018-10-07,Doctor Who - The Woman Who Fell To Earth
"Doctor Who (9 Dec 2018; Thirteenth Doctor) - The Battle of Ranskoor Av Kolos

[ANDINIO] (older female) Finally, this is where our journey stops.
[DELPH] (younger male) You're going to make this the place?
[ANDINIO] It's time. You're ready, Delph.
[DELPH] I don't think I am.
[ANDINIO] Seventeen years is enough. This is what I've trained you for.
[DELPH] You call it training, I call it building doubt. Every lesson that you've given me, I feel like I've understood less, not more.
[ANDINIO] Which is the point. The more we learn, the less we realise we know. This is our faith. This is our existence. The Creator would contend the world is not to be understood, only experienced, and built with our gift.
[DELPH] Praise the Creator's will.
[ANDINIO] Do this, Delph, and you shape our world in worship.
[DELPH] But if I fail, if I can't do it after all these years...
[ANDINIO] Trust in yourself. Now, come on. Show me our years of walking have not been wasted. Fulfil what we are, what only we can do.
[ANDINIO] What's happening? Stop, Delph, now.
[ANDINIO] It's not possible. It cannot be, and yet...

---------------------------------------

(Tardis)
[GRAHAM] Those systems are lit up like a Christmas tree.
[DOCTOR] Nine cries for help, nine distress signals, all coming from the same planet. Not just the same planet, the same area of the same planet.Now listen, planet of Ranskoor Av Kolos.
[YASMIN] Ranskoor Av what?
[DOCTOR] Kolos. Roughly translated, means Disintegrator of the Soul.
[GRAHAM] Oh, another cheery one.
[DOCTOR] The Tardis is reporting that the planet's transmitting violent psychotropic waves throughout its atmosphere. The type of waves that mess with your brain, distort reality, change moods to the extreme. These are neural balancers. So long as you're wearing one, it should keep you immune to the waves. But you must keep it on at all times.
[RYAN] What happens if we lose them?
[DOCTOR] Don't lose them.
[GRAHAM] And it has to be us, does it, answering the signals from this planet?
[DOCTOR] No. Not at all. But everyone else has passed them by. You think we should do the same? I've locked onto a craft on the planet's surface. Here we go.

---------------------------------------

(Spaceship)
[DOCTOR] This is one of the ships that sent a distress signal. Cryo-sleep chambers, long-range craft, weapons archive. Been in service for a long time, by the looks of things. But who sent the signal? Where's the crew?
[YASMIN] Doctor.
[DOCTOR] Hi.
[PALTRAKI] Who are you?
[DOCTOR] I'm the Doctor. This is Yaz, Ryan, and Graham.
[PALTRAKI] What is that thing?
[DOCTOR] It's what we travel in. See? The sign on the front. We respond to urgent calls. You look like an urgent call. What's your name?
[PALTRAKI] Did they send you?
[DOCTOR] When you say they, who do you mean? People from here? Cos we've just arrived here, remember? We've never been to this planet before. So we can't be with them, whoever they are.
[PALTRAKI] That's right.
[DOCTOR] Now, is it just you, or is there any other crew with you?
[PALTRAKI] I don't know. What's happened to me?
[DOCTOR] My friends are going to take a look round your ship, if that's okay. See what you can find out.
[PALTRAKI] I should've left.
[DOCTOR] And why haven't you?
[PALTRAKI] I can't remember my name. I used to know, before I went outside. I should never have gone outside.
[DOCTOR] Why? What happened outside?
[PALTRAKI] The battle. (raises gun) Who are you? How did you get here?
[DOCTOR] We've just been talking. We just arrived. We want to help you. I think this planet is having a bad effect on you. Would you consider putting this on? Neural balancer. It'll help calm your mind. Please.
[DOCTOR] Put this on.
[YASMIN] I think I've found an on button.
[GRAHAM] Who do you think that lot are, then?
[RYAN] I think this is the rest of them.
[YASMIN] So there's four in total.
[GRAHAM] He's the commander.
[RYAN] Maybe he killed his own crew.
[GRAHAM] Always one for the cheery option.
[YASMIN] We don't know they're dead. All we know is they're not here.
[GRAHAM] Yeah.
[DOCTOR] He's taken the neural balancer. I'm hoping it'll restore something in his mind.
[GRAHAM] He looks pretty broken to me, Doc.
[DOCTOR] Engine's fine.
[DOCTOR] The power's still working. The ship's fine. He could've left whenever he wanted. It doesn't make sense.
[GRAHAM] Here he is.
[PALTRAKI] Paltraki. My name is Paltraki.
[DOCTOR] Nice to meet you, Paltraki. Neural balancer kicking in? Don't push too hard. They work slowly. It'll come back.
[RYAN] Whoa, what is that?
[DOCTOR] We can answer it for you. Do you want us to activate it?
[PALTRAKI] Get out of the viewing line. Do as I say, son.
[RYAN] Okay.
[ANDINIO [on screen]] Paltraki.
[PALTRAKI] What do you want?
[ANDINIO [on screen]] You must return to us. The Creator commands it.
[TZIM-SHA [OC]] Paltraki. (mechanical breaths) Do you remember me, Paltraki?
[DOCTOR] I know that voice.
[YASMIN] Is that...?
[RYAN] It can't be.
[TZIM-SHA [on screen]] I want what is mine returned.
[PALTRAKI] And why would I do that?
[TZIM-SHA [on screen]] For your crew. Return what you took, or I will dismantle them piece by piece, beamed directly into your ship.
[UMSANG [on screen]] Paltraki, don't come back. Don't worry about us. You got what we came for. (screams)
[TZIM-SHA [on screen]] Two of your crew left. You have till lightfall.
[ANDINIO [on screen]] Please, return what you took. Do as the Creator desires.
[RYAN] Is it the same one?
[DOCTOR] I don't know.
[YASMIN] That can't be Tim Shaw. I thought he was dead.
[DOCTOR] I sent him back to where he came from, using his own recall device.
[RYAN] Then why is he here?
[GRAHAM] Who's the girl?
[PALTRAKI] Her name... was... Umsang. We fought alongside each other.
[DOCTOR] What did you take?
[PALTRAKI] Not take. Recover.
[DOCTOR] What is it?
[PALTRAKI] Our mission is retrieval.
[DOCTOR] Great. All I'm getting is contradictions. Looks mineral. Maybe it's been extracted from the planet. The density's blowing the sonic's mind.
[YASMIN] If it's that valuable, he'd want to keep it safe.
[DOCTOR] It's not just safe. There's an incredibly sophisticated stasis lock embedded in the container's bio-structure, and I don't understand it.Stenza technology. What is it, Paltraki? Where did it come from?
[PALTRAKI] I mustn't return it, but they have my crew.
[RYAN] Hey, you seen this? Some kind of mapping device. All kinds of stuff on here with targets marked on.
[DOCTOR] Mission briefing. Was this yours?
[PALTRAKI] Maybe. I don't know.
[GRAHAM] We could use it to retrace where he was.
[DOCTOR] Yeah. We want to help you get your crew back. We'll go with you.
[GRAHAM] Cos we've got unfinished business with that monster.
[DOCTOR] Oh, I can lift it! But I shouldn't be able to. How can I lift it, with that impossible density? We're going to find your crew. We'll work out why this is so important. Equipment bay, is it over there? Do you mind if we take a look? Okay, Graham?

---------------------------------------

(Planet surface)
[DOCTOR] Ranskoor Av Kolos isn't the Stenza's home planet, so how can that be Tim Shaw?
[YASMIN] You feeling sick?
[RYAN] Yeah. Like travel sick, but worse.
[PALTRAKI] The sickness is how it started.
[GRAHAM] So what is that sound?
[DOCTOR] I think it's the planet. Obviously it doesn't like intruders.
[GRAHAM] Doc, can I have a word?
[DOCTOR] Of course.
[GRAHAM] Just the two of us?
[RYAN] Fine. Come on, Yaz.
[GRAHAM] I need to be honest with you, cos I am really grateful for everything you've done for me. Well, for us, you know? Everywhere we've been, all the adventures, been amazing. But if that is the creature from Sheffield, I will kill it if I can. For what it did to Grace.
[DOCTOR] Go back to the Tardis, Graham.
[GRAHAM] No.
[DOCTOR] I won't let you do that.
[GRAHAM] You ain't going to have a say in it.
[DOCTOR] You're better than this. You are. You have to be. If you kill him, I can't have you travel with me. That's if you even live.
[GRAHAM] I understand.
[DOCTOR] No, you don't. We're going to rescue hostages. Anything that compromises them is dangerous. And if you kill him, you become the same as him.
[GRAHAM] I ain't having that.
[DOCTOR] I'm serious, Graham.
[GRAHAM] And so am I.
[RYAN] And that's all you remember? Being back in your ship without your crew?
[PALTRAKI] Nothing before that. There's a reason I should have left. I can nearly remember.
[YASMIN] The Doctor said don't push. The memories will return.
[RYAN] Hey, Yaz. Look. You all seen those?
[DOCTOR] What happened here?
[PALTRAKI] Those that came before us, that failed and fell. The Vanquished of Ranskoor Av Kolos. But that's not all. Look beyond.
[DOCTOR] What are you looking at?
[PALTRAKI] Look at the mists. Through the battlefield, on to the Edifice. That was our destination.
[RYAN] We're not going to go through there, are we? No one in their right mind's going to go through there.

---------------------------------------

(Below the Edifice)
[DOCTOR] Equipment.
[DOCTOR] I borrowed all this from your ship, Paltraki. These throat mics work like commdots. Side of the neck. Stay in contact. Take one each. Grenades. Codebreakers for doors. Also, a bomb.
[RYAN] What happened to never do weapons?
[DOCTOR] It's a flexible creed. Doors, locks, walls, buildings, fair game. If it can be rebuilt, I'll allow it.
[RYAN] No, no. You stopped me shooting at Sniperbots before.
[DOCTOR] You were new. I have to lay down the rules if someone's new. Also, don't quote that back to me. My rules change all the time.
[DOCTOR] Be careful with them. You've got your trackers. As far as I can decipher, the golden markers on your devices relate to your original mission purpose for Paltraki and his crew, which must connect to this object. That's where I want you both to head. See what you can find. Graham, Ryan. You've got life signal markers on your devices. Head to that area and rescue Paltraki's crew.
[YASMIN] What about you? Where are you heading?
[DOCTOR] I'm going to find our friend.
[GRAHAM] I want to come with you.
[DOCTOR] No.
[YASMIN] What'll you do once you find him?
[DOCTOR] Find out what this is, and why it's so precious to him. Oh, I might need a bit of a negotiation leverage.
[RYAN] What are you doing with those?
[DOCTOR] Grenades as insurance policy.
[PALTRAKI] Do you think that's smart?
[DOCTOR] I think it's a precaution. I like precautions. Always take precautions, especially when you don't know what you're doing.
[DOCTOR] Oh, I should have brought wellies. That could have been another precaution. Always bring wellies. I love wellies. In fact, I think I half-invented them.
[YASMIN] And you think this is the best way in?
[DOCTOR] Closest thing to a front door this building's got, as far as I can tell.
[DOCTOR] Now, doorbell. Oh, entrance activation field. Maybe I can bypass...ah!

---------------------------------------

(Edifice)
[RYAN] Whatever happened to doors? Don't aliens bother with doors?
[DOCTOR] The building dragged us in.
[GRAHAM] So they know we're here.
[PALTRAKI] Be quiet and get moving. Come on. You all know what you have to do.

---------------------------------------

(Corridor)
[GRAHAM] You see anything?
[RYAN] Of course I can't see anything, I'm looking at the same things as you. I know what you're thinking.
[GRAHAM] Is that right?
[RYAN] You want to get to him. For Nan. Hold that.
[GRAHAM] Do I really? Why don't you just concentrate on what we're supposed to be doing?
[RYAN] You think that's what Nan would want?
[GRAHAM] No, I think your Nan would want to be alive. She actually liked being alive, and she was really good at it. And she'd say to me, Graham, if you get the chance, you send that blue piece of rubbish to Kingdom Come. Because you know why? Your Nan... Your Nan might have been kind, but she was also tougher than you and me put together.
[RYAN] And what about the rest of us, me, Yaz and the Doctor? I thought we were a team. Don't wreck what we've got because you're still angry.
[GRAHAM] I am not a...! Look. We did not get rid of that thing properly, right? And now look what's happened.
[RYAN] Shut up.
[GRAHAM] Why, cos you know I'm right?
[RYAN] No, really, shut up! Run!
[GRAHAM] Sniperbots!
[RYAN] How did they get here?
[GRAHAM] He's built an army of them!
[RYAN] No. No. More of them! We're trapped!
[RYAN] Duck!
[RYAN] Thank me later.

---------------------------------------

(Lit corridor)
[DOCTOR] Hi.
[ANDINIO] Who are you?
[DOCTOR] I'm no one, but I have something you might be interested in.
[ANDINIO] Where is the object?
[DOCTOR] I never talk in the face of a gun. Point of principle. Please put it down. Going to be like that, is it? Fine. I've attached a couple of explosive devices to your object here on my back. So, shoot, and you jeopardise whatever this thing is. And what is it? Come on, share with the class.
[ANDINIO] Where is Paltraki?
[DOCTOR] I'm not answering your questions if you don't answer mine. Are his other two crew members still alive?
[ANDINIO] Yes.
[DOCTOR] See? That wasn't so hard. And good, thank you. Why didn't you stop that woman from being killed? What's your name?
[ANDINIO] I am Andinio of the Ux.
[DOCTOR] You're kidding. The Ux? As in the duo-species, only ever two of you? Lifespans of millennia? Only found on three planets in the whole universe?I've never met an Ux. Congratulations. It must be so cool. Wait, there's something else. Oh, I can't remember. What happened here, Andinio?Make sense of it for me. The battle zone outside?
[ANDINIO] They came for the Creator. We defended him.
[DOCTOR] Oh! I've remembered. Wait. Is this yours, this building? Is it true about the Ux? Faith-driven dimensional engineers. Is that why the building feels alive?
[ANDINIO] This is our shrine.
[DOCTOR] It feels like an energy running through it.
[ANDINIO] Surrender the object and go. You have until the count of three.
[DOCTOR] Show him my face.
[ANDINIO] What?
[DOCTOR] Let him see my face. Your Creator.
[TZIM-SHA [OC]] Bring her to me.
[ANDINIO] But... how can he know you?

---------------------------------------

(Corridor)
[PALTRAKI] Greston. My first name is Greston. Just remembered. Memories reconnecting.
[YASMIN] What about where you're from?
[PALTRAKI] Stebble.
[YASMIN] Stebble?
[PALTRAKI] What about you?
[YASMIN] Earth.
[PALTRAKI] What kind of a word is that?
[YASMIN] It's better than Stebble, mate. Do you have a home there?
[PALTRAKI] Beautiful home. Some land, and animals. Too many facts coming back. It's like a flood. I don't know what's important, or... We were the last fleet. When the others didn't come back, they sent for us.
[YASMIN] Who sent you? Why did you come?
[PALTRAKI] The Congress of the Nine Planets. In response to the atrocities.
[YASMIN] Which were what?
[YASMIN] Sniperbots! Nice shot.
[PALTRAKI] They have an army of those things.

---------------------------------------

(Lit corridor)
[DOCTOR] Why do you call him the Creator?
[ANDINIO] Our faith is handed down. The Creator is the cornerstone.
[DOCTOR] And you're the first to see him.
[ANDINIO] We are the blessed generation.
[DOCTOR] Wait, there's only ever two of you. Where's the other one?
[ANDINIO] I don't have to answer all these questions.
[DOCTOR] That's what my teachers used to say. Usually just as they quit teaching. But I've got so many questions, Andinio.Because there's a battlefield outside where many people died, but you're no warrior. And your words are certain, but your eyes are full of doubt.
[ANDINIO] How can you know him?
[DOCTOR] Yes. How can I?

---------------------------------------

(By steel doors)
[PALTRAKI] Here. It's here.

---------------------------------------

(Shrine)
[YASMIN] More of those mineral samples.
[PALTRAKI] Five in total. I remember. We landed, fought our way here, even though the planet was playing with our minds. We never believed any of this was possible.But it was.
[YASMIN] What is that stuff inside them? Why is everyone fighting over it?

---------------------------------------

(Stasis chamber)
[RYAN] Areyou sure it's in here?
[GRAHAM] I'm not sure about anything. But this is where the signals are telling us to go.
[RYAN] What do you reckon these are?
[GRAHAM] Not a clue.
[GRAHAM] She's one of Paltraki's crew.
[RYAN] How do we get her out? We've got to help her.
[GRAHAM] I'll see if I can find some light. One of these panels has got to do something.
[RYAN] Hey, that's it. You got it.
[GRAHAM] Ryan, look.
[RYAN] There's more through here. What do we do? We only came to rescue two people. There's dozens in there. How are we going to get them all out?

---------------------------------------

(Life support room)
[DOCTOR] You look in a bad way, whereas I've got a new coat. What do you think?
[TZIM-SHA] Ready him. There will be a new target.
[DOCTOR] Ready who? For what?
[TZIM-SHA] I said, ready him.
[ANDINIO] Whatever the Creator wills.
[TZIM-SHA] Out.
[DOCTOR] Don't worry. I'll look after him.
[DOCTOR] Tim Shaw. How long's it been?
[TZIM-SHA] Three thousand four hundred and seven years.
[DOCTOR] I bet the seven really dragged. So, what happened to you?
[TZIM-SHA] You did. You corrupted my recall device, banishing me across the universe to this desolate rock for the rest of my existence, unable to leave without dying. This was my curse, for failure. Or so you thought. I arrived, on the verge of death, racked by the DNA bombs.
[DOCTOR] But you got more than you could possibly have wished for. The Ux.
[TZIM-SHA] The universe provides.
[DOCTOR] You wanted to be a leader. Now you're worshipped as a false god. Why all the ships outside? What have you made them do?
[TZIM-SHA] (laughs) Do you know what the Ux are capable of? I carry the entire hive knowledge of the Stenza civilisation within me. Paired with the abilities of the Ux, they were happy to work for me.
[DOCTOR] Work at what?
[TZIM-SHA] What every living creature wishes for. Revenge.

---------------------------------------

(Stasis chamber)
[RYAN] Two codebreakers, thirty chambers. How much time do you reckon we've got?
[GRAHAM] Not enough. And what's bothering me is how do we know these chambers aren't set to kill the people if they're tampered with, cos you know how sick that creature is.
[RYAN] Still doesn't give you an excuse to go after him.
[GRAHAM] Look at the people in here. It totally proves my point.
[RYAN] They're trained soldiers, and they couldn't beat him, and you still think you can take him?
[GRAHAM] Oh, yeah? And why do you care all of a sudden? According to you, I was never good enough for your Nan anyway.
[RYAN] I said that a long time ago, Grandad.
[GRAHAM] Yeah, and I've been waiting too long for that and all.
[RYAN] Maybe. But you got it now. We're family. And I love you.
[GRAHAM] What did you just say?
[RYAN] I'm not saying it twice. Don't pretend you couldn't hear me the first time. I'm telling you what she used to tell me. Be the better man. Please.
[GRAHAM] Why's it doing that?
[RYAN] Motion detector, maybe. Do you think the robots shooting each other set off an alarm?
[GRAHAM] I don't... (shakes head)

---------------------------------------

(Life support room)
[DOCTOR] When you say revenge, revenge on who?
[TZIM-SHA] You, Doctor.
[DOCTOR] Oh, no. Don't put this on me.
[TZIM-SHA] If you had not interfered, I would have become leader. First of the Stenza. And yet, I should thank you.
[DOCTOR] Thank me? Why?
[TZIM-SHA] You have made me a god.
[DOCTOR] You are nothing of the sort. Now, tell me what this is.
[TZIM-SHA] Can't your puny mind understand?
[YASMIN [OC]] Doctor, we've found four more of those objects.

---------------------------------------

(Shrine)
[YASMIN] What do you want us to do?
[DOCTOR [OC]] Bit busy at the moment, Yaz.
[PALTRAKI] Someone's coming. Over here.
[ANDINIO] By the Creator's will.
[DELPH] Andinio, please. Please. Don't make me do this again.
[ANDINIO] We cannot understand the higher plan. Our faith is all we have.
[DELPH] It's wrong. Please.
[DELPH] This cannot be right. It will destroy me. It will destroy both of us! Andinio, please don't!
[YASMIN] What are they doing?

---------------------------------------

(Life support room)
[DOCTOR] What's happening? What did you tell her to do? Make who ready?
[TZIM-SHA] It has taken thousands of years. Every fragment of scientific understanding the Stenza ever possessed, allied to the impossible power of the Ux. You will see, Doctor. I must be a god. I have the powers of one.
[DOCTOR] Let me guess. They built you a weapon. That's what your sort like to do. Is that why all those ships came? You made a weapon, and they came to stop you. And presumably, it's here. Somewhere in this building.
[TZIM-SHA] Not in this building, Doctor. This shrine is the weapon. The Ux worked so hard to keep me alive. And they're right to worship me. I am unstoppable.
[DOCTOR] No one's unstoppable.
[TZIM-SHA] Run, tiny creature. It will make no difference now. The weapon is activated, Doctor. The Stenza held people in stasis as trophies, but that was never the goal. Our ultimate goal was to hold civilisations. They never found the way, but I have. You gave me my destiny.

---------------------------------------

(Stasis chamber)
[GRAHAM] Yeah, that should hold them off for a bit. I hope the Doc's got everything under control.
[RYAN] Not getting a reply. And we have to get this lot out.

---------------------------------------

(Shrine)
[YASMIN] The objects, why are they shaking?
[PALTRAKI] I remember.
[DOCTOR] Yaz, what's happening? Oh. Why are they doing that?
[PALTRAKI] I remember what they did. Five objects. Five planets. One weapon. They stole five planets.
[DOCTOR] That's not possible.
[PALTRAKI] It's what happened. Entire planets removed from their spatial orbit.
[DOCTOR] It would've destroyed all life. Planetary genocide. Oh, Tim Shaw, I didn't like you then. But now...
[DOCTOR] Make them stop. You're breaking every known law of the universe.
[TZIM-SHA [OC]] I'm rewriting the laws of the universe.
[DOCTOR] It doesn't work like that.
[TZIM-SHA [OC]] Stenza technology, allied to the gifts of the Ux, can create anything.
[DOCTOR] Every action has consequences.
[TZIM-SHA [OC]] And these are yours, Doctor.
[DOCTOR] I didn't mean it like that.
[DOCTOR] So annoying. The Ux! They're creating a rip in Space-Time. He's harnessed their powers.
[DOCTOR] You don't understand anything right now. All these planetary masses cannot exist in the same place at the same time. The technology isn't stable. You bring another through, it could destroy everything.
[TZIM-SHA [OC]] You're bluffing.
[DOCTOR] He's one of those people that really irritates me.
[YASMIN] Can we not disconnect them?
[DOCTOR] It might kill them both if we disrupt it, or destroy this planet.
[TZIM-SHA [OC]] The target, Doctor. Your responsibility. You and your friends.
[DOCTOR] He's targeting Earth.
[TZIM-SHA [OC]] The site of our first meeting, where this all began. Any world which ever defied or opposed the Stenza is now my target. Even in exile, I shall lead.

---------------------------------------

(Stasis chamber)
[RYAN] We're in. It worked.
[GRAHAM] Hurry up, I can hear something outside the doors.
[GRAHAM] Ryan, come on, son, we haven't got long!
[RYAN] Take my hand. It's okay, you're safe. It's all right, it's all right.
[GRAHAM] Chuck us a code-breaker, son.
[RYAN] We ain't going to get them all out in time.

---------------------------------------

(Shrine)
[DOCTOR] Can't stop, but must stop it.
[GRAHAM [OC]] Could do with some help down here.
[DOCTOR] Got a few problems of our own, Graham.
[PALTRAKI] I'll go. (mic) This is Paltraki, I'm on my way.
[DOCTOR] Get the hostages back to your ship. Yaz, you go with him.
[YASMIN] No. I'm with you. Whatever happens.
[PALTRAKI] We'll wait for you at the ship for as long as we can.

---------------------------------------

(Stasis chamber)
[GRAHAM] Everybody, get down! They're coming through!
[PALTRAKI] I still remember how to take down robots, luckily for you. You found my crew. Thank you.
[RYAN] Nice entrance, by the way. Now, get them back to your ship.
[PALTRAKI] What about you?
[GRAHAM] Oh, we've got a couple more to get out.
[RYAN] Yeah.
[GRAHAM] The codebreakers take a while to work.
[PALTRAKI] You're going to have company. Detonate this as they come through, and don't be long.
[RYAN] All right, this way.

---------------------------------------

(Shrine)
[DOCTOR] The Ux. I've never met a race like them. They can affect the shape of the universe by thought. All that power, harnessed to Stenza tech. Can't disconnect them, it might kill them.
[YASMIN] But if we don't, what happens to Earth? Their life versus seven billion others.
[DOCTOR] There must be a way. There's always a way. We're really clever. What have we got? What can we use? Us verses the Ux. Think. If they're psychically generating all this... I could block the signals.
[DOCTOR+YASMIN] Neural balancers!
[DOCTOR] I could adjust the settings. Really easy. Make them neural blockers, no signals out or in. Could be enough. Big risk.
[YASMIN] If we take our balancers off, put them on those two...
[DOCTOR] The planet will be able to attack our minds.
[YASMIN] Then, I'll take that risk to stop Earth being destroyed.
[DOCTOR] Yeah, good. I mean, really good. Except it doesn't solve our problem with these. They can't all be here. We have to put them back in place.There's too many things to do! One thing at a time. It's fine. All good. Well, almost. First things first.

---------------------------------------

(Corridor)
[GRAHAM] Take it easy, all right. Here you go. Ryan! Get them out of here!
[RYAN] I will not leave you behind.
[GRAHAM] I've got to stay here to time the detonator, to stop them coming after us. I'll be right behind you.
[RYAN] Promise?
[GRAHAM] Yeah, yeah, I promise. Go. Go! Go on!

---------------------------------------

(Shrine)
[DOCTOR] Modified neural balancer on. Now you, Yaz. Gently does it.
[DOCTOR] Come on, block their signals.
[ANDINIO] No! What have you done? This is the Creator's work.
[DOCTOR] No, it isn't. That creature took advantage of your faith. How could he recognise me, Andinio? We've met before. He's an exile from a warrior race called the Stenza.When we met, he was killing people for no reason on the planet he wants you to destroy.
[ANDINIO] The Ux had been waiting for him, for generations. He is my truth. He was our truth.
[DOCTOR] That creature is a lie, and he debased you and your faith. Don't you see? You are the creators. Look what you can do. You build. But he made you destroyers.That's no God. I'm sorry.
[YASMIN] Doctor, something's happening to the containers.
[DOCTOR] Oh no, I thought this might happen. Those planets cannot be contained any longer, else the damage will be colossal.

---------------------------------------

(Stasis chamber)
[GRAHAM] Yippee ki-yay, robots.

---------------------------------------

(Shrine)
[DOCTOR] Too much to do, not enough time. Oh no, that's bad. The mass is returning. I can't lift it any more. But the planets need to be returned to the exact place inthe universe where they came from. Can you do it? Can you return them?
[DELPH] It's possible.
[ANDINIO] It would take time.
[DOCTOR] Which we don't have. Argh, my brain. It's getting fuzzy. How do we do this? What have we got left? Oh. One possibility. You two, this set-up, us. What else? Oh! (the Sheffield sonic) Aligned to Stenza power, enough for a short-range whistle. Might work. Please work. Universe, provide for me. I'm working really hard to keep you together right now.
[ANDINIO] What's that noise?
[DOCTOR] Tim Shaw might have a shrine, but I've got a Ghost Monument.

---------------------------------------

(Stasis chamber)
[TZIM-SHA] You should run.
[GRAHAM] Sorry, Ryan.

---------------------------------------

(Planet surface)
[RYAN] All right, keep going! Catch up with them!
[RYAN] Come on, Graham. Waiting, now. Keep going.

---------------------------------------

(Stasis chamber)
[GRAHAM] My wife died because of you.
[TZIM-SHA] Good.
[GRAHAM] I swore if I ever saw you again, I'd kill you.
[TZIM-SHA] And yet, you falter.

---------------------------------------

(Shrine)
[DOCTOR] Remote summons. It's locking on. Got it!
[ANDINIO] What is that?
[DOCTOR] You're not the only ones who can conjure stuff out of nothing. Do you mind if I get these back? Bit headachy now.
[DOCTOR] Yaz, come on.

---------------------------------------

(Tardis)
[DOCTOR] Cables, in the portal. Big thick ones. Drag them out. You and Andinio loop them into the systems. Very fast. If I can extend the dematerialisation field by three metres then split the field. Must be able to split the field. They're only tiny and I'm clever. Oi, Ux! Get in here! I know this will be way beyond your comprehension.
[DELPH] Dimensionally transcendental?
[DOCTOR] Now, get the cables with Yaz, and lock them into the systems. Delph, come here.
[YASMIN] What are you going to do?
[DOCTOR] Telepathic circuits. If it can work for your Nani's watch, it can work for that clever lad. You brought all these things here. You have all the coordinates in your head. The fastest way is to read what's in your mind and send them back, fast, but keeping us here. Their knowledge, their abilities, Tim Shaw's tech, our blue box. We're going to lash together every resource we've got. Sort of like a supergroup. Best elements of everyone. Clear?
[YASMIN] Not in the least. Will it work?
[DOCTOR] No idea. But I once towed your planet halfway across a universe with this Tardis and turned a Slitheen back into an egg, so let's give it a go.

---------------------------------------

(Stasis chamber)
[TZIM-SHA] You are no warrior.
[GRAHAM] No. (powers down weapon) I'm the better man.
[TZIM-SHA] You are weak and feeble.
[RYAN] Tim Shaw! Don't diss me Grandad, ever!
[RYAN] Hey, you shot him!
[GRAHAM] Yeah, but just the foot. Just it. Just in the foot. Just to shut him up. Don't tell the Doc, she'll be livid.
[RYAN] Shut up. And stop with that hand thing.
[GRAHAM] What do we do now?

---------------------------------------

(Tardis)
[DOCTOR] I know this will be painful. I wouldn't put you through this if I could think of any other way right now.
[DELPH] It's okay.
[DOCTOR] It's not, but thank you. Ready?

---------------------------------------

(Shrine)
[ANDINIO] May the will of the true Creator give me strength.
[YASMIN] Ready!

---------------------------------------

(Tardis)
[DOCTOR] Please, please, please. No backup plan.
[DOCTOR] I'm sorry, Delph.

---------------------------------------

(Shrine)
[YASMIN] Stay strong, Andinio.

---------------------------------------

(Tardis)
[DOCTOR] It's working! Possibly. Just hold. Keep at it, all of you!

---------------------------------------

(Shrine)
[ANDINIO] We are the blessed... our faith...

---------------------------------------

(Tardis)
[DOCTOR] Delph!

---------------------------------------

(Stasis chamber)
[GRAHAM] You brought us all together. You ain't going to tear us apart. You ain't worth killing. But you can have a taste of your own medicine.
[RYAN] We're not weak, we're strong, and we sentence you to life.
[GRAHAM] So, as you're contemplating eternity, keep one name on your mind.
[RYAN+GRAHAM] Grace.

---------------------------------------

(Shrine)
[DOCTOR] You did it. You did it, Delph.
[ANDINIO] Did it work?
[DOCTOR] You are a couple of awesome Ux. Thank you.
[ANDINIO] Praise the true Creator's will.
[DELPH] We are the blessed few.
[RYAN] Woo!
[GRAHAM] You ain't half made a mess in here.
[DOCTOR] Where's Tim Shaw?
[GRAHAM] Oh, he's taking a very long nap in a very small stasis chamber.
[RYAN] Of his own making. I like that.
[GRAHAM] Yeah. Oh, I couldn't do it, Doc. Yeah, I had the chance. Too weak.
[DOCTOR] Graham O'Brien, you're the strongest person I know. Well, one of a few.

---------------------------------------

(Spaceship)
[PALTRAKI] What about that creature?
[ANDINIO] We sealed the building as we left. No one can get to him.
[DOCTOR] I'm sorry for the way he betrayed you. We can take these people home. Save you the job.
[PALTRAKI] No. I'm going to complete my mission.
[DELPH] Then take us too.
[ANDINIO] Delph, this is our home. We must stay here.
[DELPH] No. We need to understand what's out there. Find another home.
[PALTRAKI] You'll have to sleep on the floor.
[DELPH] I walked this planet for decades. Floors are fine.
[ANDINIO] Where will you go now?
[DOCTOR] No idea. Come on, fam.
[RYAN] I thought we weren't doing fam.
[YASMIN] I like it.
[DOCTOR] None of us know for sure what's out there. That's why we keep looking. Keep your faith. Travel hopefully. The universe'll surprise you... constantly.
",2018-12-09,Doctor Who - The Battle of Ranskoor Av Kolos
"Doctor Who (1 Jan 2019; Thirteenth Doctor) - Resolution

[LIN [OC]] Help.
[YASMIN] Listen. Can you hear that?
[LIN [OC]] Help me.
[MITCH] That's Lin.
[DOCTOR] I need to take a look at you.
[MITCH] It's okay, I'm here. We're all here.
[DOCTOR] Everything's all right, Lin.
[YASMIN] Is she going to be okay?
[DOCTOR] Whatever that thing secretes acted like a plug on her neck once it left, otherwise she'd be dead.
[LIN] I'm sorry.
[DOCTOR] You have nothing to be sorry about. You fought and you won.
[LIN] No, listen. It's still here.
[DOCTOR] You three, help her stand, get her back to the Tardis. There's supplies there that'll help with the healing.
[RYAN] What about you?
[DOCTOR] I'm going to find that creature.
[YASMIN] You can't do that on your own.
[DOCTOR] Always have done. Me and a Dalek, it's personal. Go on, get her safe.
[RYAN] Come on.
[DALEK] Exterminate!
[DOCTOR] Blocking your laser signals, mate. You're not fully in sync yet. So that's what you've been doing. Reconstructing yourself from memory, and remnants, and spare parts.
[DALEK] I am rebuilt.
[DOCTOR] What do you call this look, junkyard chic?
[DALEK] Earth is now under the control of the Daleks.
[DOCTOR] No, it's not. You couldn't even control one person.
[DALEK] Humanity will surrender.
[DOCTOR] They really won't. Trust me, I've seen them in action. They've fought off so many things, including the worst of their own people. They're really stubborn. Have you not worked that out yet? Even the recon scout Daleks, the first ones out of Skaro. Humanity bands together, vanquishes you, and buries you for centuries.
[DALEK] Yet I survived.
[DOCTOR] Yeah, you're good at that. But it won't be enough.
[DALEK] This planet is annexed. The fleet will be summoned.
[DOCTOR] You don't have the ability. You don't have the strength.
[DALEK] You are weak. Humanity is weak.
[DOCTOR] Except... I'm not human. Have a scan.
[DALEK] Who are you? Identify!
[DOCTOR] Oh, mate. I'm the Doctor. Ring any bells?
[DALEK] Sonic device override!
[DOCTOR] I'll take that as a yes.
[DALEK] The Doctor is an enemy of all Daleks! Exterminate!
[DOCTOR] Yes, I am. You want this planet, you have to come through me. So why don't you make it easy on yourself and leave now?
[DALEK] Conquest has already started. I have all the information I need.
[DOCTOR] What information?
[DALEK] Humanity will surrender. Dalek invasion fleet will be summoned. Total conquest of Earth predicted in 9,376 rels!

---------------------------------------

(Farm)
[DOCTOR] Now, must remember, how long's a rel?

---------------------------------------

(Tardis)
[YASMIN] How'd it go? What happened?
[RYAN] Did you get rid of it?
[DOCTOR] Not quite.
[YASMIN] How much not quite?
[DOCTOR] Not at all. Slightly riled it and let it get away.
[RYAN] What?
[DOCTOR] And now it's in a tank, trying to summon the fleet.
[YASMIN] Doctor!
[DOCTOR] All right! Don't go on about it. I know. They're really persistent. How you feeling, Lin?
[LIN] Er, shaky.
[DOCTOR] I'm not surprised. You will for a while. But you kept fighting it. Thank you. Take these. Three a minute for four minutes. Don't take with alcohol, you'll grow an extra head. That was an embarrassing party.
[LIN] It was ready to kill me. I could feel its hatred enveloping me. Is that what it's going to do to the world?
[DOCTOR] No, because I'm going to stop it. We're going to stop it, somehow, before humans start engaging with it. It's flying right through their airspace. Where's it going?
[DOCTOR] What?

---------------------------------------

(Graham's home)
[GRAHAM] Where are you?
[DOCTOR [OC]] In the Tardis.
[GRAHAM] You'd better be coming to pick me up.
[DOCTOR] Okay, fine.
[GRAHAM] Right. Thank you. (call ends) Er, Aaron, mate. Little thing we haven't told you. Tiny thing, so word of warning. You know that blue cabinet? That is just about to blow your mind.
[AARON] What do you mean?
[GRAHAM] It travels in Space and Time.
[YASMIN] Come on, quick. The Doctor said you can come too, but Graham'll have to explain.

---------------------------------------

(Quarry)
[SERGEANT] Go! Go! Take positions! Intercepted unknown drone. We have it surrounded.
[DALEK] Surrender!
[SERGEANT] Did it just talk?
[DALEK] 
[SERGEANT] Open fire!
[SERGEANT] Cease fire!
[SERGEANT] Run.
[SOLDIER] What?
[SERGEANT] Run! That's an order!
[DALEK] The Dalek race is supreme!
[GUNNER] Left.
[GUNNER] Out! Out! Come on!

---------------------------------------

(Tardis)
[DOCTOR] Oh, huge heat signal, and a non-terrestrial form moving away from it fast. I'm on its tail. Sorry, the Tardis isn't designed for these short hops.
[DOCTOR] A microwave? Who brought a microwave with them?
[AARON] It's actually an oven and a microwave.
[DOCTOR] Nice.
[AARON] What is this place?
[RYAN] This is where I've been since Nan died. Travelling the universe with these guys.
[YASMIN] Even if we track this Dalek thing, how do we stop it?
[DOCTOR] I'm still working on that.
[MITCH] The Custodians managed it. If we take the same approach as those drawings.
[LIN] Those documents aren't reliable, Mitch.
[MITCH] Except all the rumours have proved to be true. It's shown here.
[RYAN] Short version. Alien psychopath, in its own tank, trying to bring loads more to Earth. I guess this is how they attacked it last time.
[AARON] What's it made of?
[DOCTOR] Remnants of its original shell, patched up with all sorts of spare parts. Mainly metal.
[AARON] We can use my oven.
[RYAN] It's not going to fit in there.
[AARON] That's not what I meant. Help me break it up.
[DOCTOR] That Dalek's moving fast but where's it going?
[AARON] Ryan, help me get the element out.
[RYAN] Why?
[AARON] It's metal.
[DOCTOR] Oh, you're good, Ryan's Dad. You're almost making up for your parenting deficit.
[DOCTOR] I know where it's heading. The biggest communications resource in the country.

---------------------------------------

(GCHQ, Cheltenham)
[MAN] I don't mean you any harm.
[DALEK] Exterminate! Communications headquarters acquired. Aligning all signals to Dalek fleet. All power will be diverted towards fleet signal transmission.
[DALEK] Earth is annexed.

---------------------------------------

(Tardis)
[DOCTOR] It's diverting every bit of power it can take from the whole of the UK to power the transmission. It's shutting down the Wi-Fi, the phone signals.  Whoa! That Dalek just shut down the whole of Britain's internet.
[GRAHAM] What, on New Year's Day, when everything's shut and everyone's hung over?
[RYAN] What a monster.

---------------------------------------

(Typical home)
[TEEN 1] The Wi-Fi's gone off.
[MOTHER] Everything's gone off. No Wi-Fi, no phone signal. It's all down.
[TEEN 2] Not even Netflix?
[MOTHER] Nothing.
[TEEN 1] What do we do?
[MOTHER] I suppose we'll have to have a conversation.
[TEENS] What?

---------------------------------------

(GCHQ)
[DOCTOR] Don't shoot!
[DALEK] Exterminate!
[DOCTOR] Do you think I'm daft enough to stand here without shields? It's safe, gang!
[DALEK] Hide behind your shield, Doctor, you and your human friends. You have failed.
[DOCTOR] Say hello to a Dalek.
[DALEK] Signal activation in nine rels. The fleet shall be summoned.
[DOCTOR] No, it won't. No matter how many times you try, no matter how long you wait, I'll always be in your way, backed up by the best of humanity. Now, final, final, final warning, cos I'm nice. I really do try my best. Stop the signal, get off this planet.
[DALEK] You are not my commander.
[DOCTOR] I tried. You heard me, right? I tried! I gave it a chance.
[YASMIN] Yeah.
[RYAN] Yep.
[GRAHAM] You did.
[DOCTOR] I'm fast enough, right? I'm fast enough for this plan?
[RYAN] Er, probably.
[YASMIN] Maybe.
[GRAHAM] Possibly.
[DOCTOR] Well, that one needs work. Here's a New Year message for you to send. Earth is protected by me and my mates, this year and every other. Here we go!
[DALEK] Exterminate the Doctor! The Doctor must be destroyed!
[DOCTOR] Now, gang!
[DALEK] Do not approach! None of you will survive!
[DOCTOR] Aim the gun at the servers!
[DALEK] Weaponry malfunctioning!
[DOCTOR] Now attach the parts!
[DALEK] Weapon failure!
[YASMIN] The parts are on, Doctor.
[DOCTOR] Get clear!
[DALEK] What is on my casing?
[DOCTOR] The Custodians burned your shell, and we've got something they didn't have. A nicely designed portable combination oven. Transformers, primary and secondary coils, going from high voltage, low ampage to low voltage, very, very high ampage.
[DOCTOR] Get down!
[AARON] Is it dead?
[DOCTOR] Signal never sent. I think that was my best skid ever. I'm so chuffed. Well done, team. Gang. Extended fam.
[RYAN] Dad?
[AARON-MUTANT] You underestimate me, Doctor. Daleks survive.
[RYAN] Doctor, do something!
[DOCTOR] I'm sorry, Aaron. I miscalculated.
[AARON-MUTANT] You will take me to the Dalek fleet. Resist and this body will be destroyed.
[RYAN] Doctor, do something.
[DOCTOR] Fine.
[YASMIN] Doctor, seriously?
[DOCTOR] My decision. Whatever you want. Just promise me you'll let him go.
[AARON-MUTANT] You are my prisoners now.

---------------------------------------

(Tardis)
[AARON-MUTANT] The glory of a Tardis shall be ours.
[RYAN] Help him.
[DOCTOR] Trust me? We've landed.
[AARON-MUTANT] Finally, my mission is complete. The Earth and the Doctor shall submit before the Dalek fleet.
[RYAN] Doctor, what are you doing?
[DOCTOR] Sorry, did I not mention? No fleet. Only a sun going supernova, and a squid-sized vacuum corridor about to pull you out into space.
[RYAN] Dad!
[DOCTOR] You're too weak, Dalek. You can't hold on.
[GRAHAM] Except it is holding on, Doctor.
[DOCTOR] All right. Ah! The vacuum corridor's expanding and I can't control it.
[GRAHAM] What do you mean?
[DOCTOR] It's going to take Aaron with it! Argh! Everybody, hold on!
[RYAN] Dad! Doctor, help him! Dad! Dad! Hold on!
[YASMIN] Ryan!
[RYAN] Dad! Dad, I know you can hear me.
[AARON-MUTANT] He is mine now.
[RYAN] No, he's not. He's mine. Dad. Dad, I'm here for you. I forgive you. I love you, Dad. Take my hand!
[RYAN] Leave my dad alone!
[RYAN] We've got you. Not bad for a kid with dyspraxia, right?
[DOCTOR] Not bad at all.

---------------------------------------

(Dig site)
[DOCTOR] Think that's everything back in place.
[LIN] Next time, you go looking for anything that goes missing.
[AARON] You're really going in that? This is what you do?
[DOCTOR] Yeah. You fancy a trip?
[AARON] No. Call me when you get back. You are coming back?
[RYAN] Yeah, of course.
[AARON] Look after him.
[YASMIN] Always.
[DOCTOR] Come on then, you lot. Places to go.
[YASMIN] When you say places to go, where are you thinking? Where to next?
[DOCTOR] I was thinking... everywhere.
",2019-01-01,Doctor Who - Resolution
"Doctor Who (14 Oct 2018; Thirteenth Doctor) - The Ghost Monument

(Angstrom's spaceship)
[GRAHAM] Breathe slowly, son. Well done. That's it. Well done.
[RYAN] I'm alive. We are alive, right?
[GRAHAM] As far as I can tell, yeah.
[RYAN] Where are we?
[GRAHAM] On a spaceship.
[ANGSTROM] My spaceship!
[RYAN] Who's that?
[GRAHAM] She says she's the pilot.
[RYAN] We were in space. No, wait. We were in that warehouse, and then we were in space.
[GRAHAM] Yeah.
[RYAN] How were we in space?
[GRAHAM] I've got no idea.
[RYAN] And why are we not in space now?
[ANGSTROM] I scooped you. That was a very sneaky trick of his, especially coming out of hyperjump. Now, you could've been killed!
[GRAHAM] Listen, I keep telling you, we haven't got a clue what you're talking about.
[ANGSTROM] Oh, have it your own way.
[RYAN] Where in space are we?
[ANGSTROM] Just off the Final Planet. Which is out of orbit, not where it should be. But I still found it.
[RYAN] What do you mean, Final Planet? How can a planet be final?
[ANGSTROM] You are a very funny little bonus.
[RYAN] Where's Yaz and the Doctor? Are they here?
[GRAHAM] No, I don't know where they are. I've been trying to get her to look for them. I said there was four of us.
[ANGSTROM] And I said I only saw the two of you. I mean, things were moving pretty fast. Speaking of which... Landing ahead. Lock yourselves back in.
[GRAHAM] We're not doing anything unless you turn this thing around and go and look for our friends.
[ANGSTROM] There'd be no point. If they were still there, they'd be dead.
[RYAN] They can't be dead.
[GRAHAM] Don't panic. We'll figure it out.
[RYAN] How? What happened to them?

---------------------------------------

(Epzo's spaceship)
[DOCTOR] None of the equipment on this thing make any sense!
[EPZO] Stop insulting my ship. This is one of the best crafts around.
[DOCTOR] I'd hate to see the others!
[EPZO] I don't need your help.
[DOCTOR] Yes, you do! Your power's failing across three sections, the ship's on the verge of total shutdown.
[EPZO] How can a planet be in the wrong place? It should've been back there where I scooped you up. We should be in its gravity belt by now.
[DOCTOR] Well, we're not.
[EPZO] I can see that.
[YASMIN] Hi. I can smell burning.
[EPZO] You were right, she is still alive.
[DOCTOR] Yaz, you need to stay locked in the medipod.
[YASMIN] Where's Ryan and Graham?
[DOCTOR] There! The planet's there.
[EPZO] How can it be there?
[DOCTOR] Does it even have a name?
[EPZO] Only a symbol. Or a warning. Closest word is... Desolation. Right. I can do this. I am not going to be beaten. Move! I've still got a few tricks up my sleeve.
[DOCTOR] Manual shield activation? Wow, this thing should be on Antiques Roadshow.
[EPZO] Right, blast shields up. Don't know how long they'll last for, though.
[DOCTOR] Brilliant. About to crash land on Desolation. Real grounds for optimism.
[EPZO] Do you not understand anything? I can't even get us there, because of the fuel... because of the fuel I've wasted scooping you up.
[YASMIN] I'm on a spaceship. Okay.
[DOCTOR] I can get us into the atmosphere if we jettison the rear section.
[EPZO] Listen to me. Nobody is jettisoning anything. This is the Cerebos, all right? She's the envy of millions.
[DOCTOR] Really?
[EPZO] Yes, people have written songs about her.
[DOCTOR] They'll be writing operas about our pointless deaths if we don't take drastic action right now.
[YASMIN] We're about to die?
[DOCTOR] Oh, sorry, Yaz, I forgot you were there. All going to be fine. Five systems down, six minutes left on life support. Are we doing this or what?
[EPZO] Oh, rekk. Let's do it. Last stage, anyway.
[EPZO] Catch! And you.
[YASMIN] What's actually happening?
[DOCTOR] No need to panic, Yaz, we're just going to blow the back off this spaceship.
[YASMIN] What?
[DOCTOR] Jettisoning.
[EPZO] Do it.

---------------------------------------

(Planet surface)
[RYAN] Whoa!
[GRAHAM] I couldn't have put it better.
[RYAN] Hey! Where are you going?
[ANGSTROM] I need to survey the atmospheric data.
[RYAN] We're on an alien planet, Graham.
[GRAHAM] I know. Well, three suns in the sky are a bit of a giveaway.
[RYAN] Ah ha. What do we do?
[GRAHAM] Shall we just follow her?
[RYAN] Yeah. Maybe they're already here. Yaz and the Doctor. Maybe they're safe.

---------------------------------------

(Epzo's spaceship)
[EPZO] All systems offline! We're not going to make it!
[DOCTOR] Extra hand here!
[EPZO] Come on.
[YASMIN] You can be honest with me. Are we going to die?
[DOCTOR] One day, yes. Comes to us all. But not right now, not if I've got anything to do with it. This ship is old school. I'm good at old school. Manual stabilisers. Pull these two levers up. They'll pull down and to the left. Pull them up and to the right as strong as you can.
[YASMIN] Got it.
[DOCTOR] That descent pattern won't work.
[EPZO] We're about to die and you're still having a go? You think you can do better?
[DOCTOR] Yes.
[YASMIN] Doctor, these stabiliser handles don't feel very stable.
[DOCTOR] And by the way, level three shield hazing.
[EPZO] What, seriously? Drive power failure. We're heading into the... the gravity belt.

---------------------------------------

(Planet surface)
[GRAHAM] Whatever you think we are, we're not, all right?
[ANGSTROM] Are you still pleading ignorance?
[RYAN] Do you guys hear that?
[ANGSTROM] Finskad! How did he even make it?
[RYAN] It's another spaceship!
[GRAHAM] Another spaceship about to crash land.
[ANGSTROM] Don't just stand there, run!
[ANGSTROM] Keep going! Keep going!

---------------------------------------

(Epzo's spaceship)
[DOCTOR] Brace!

---------------------------------------

(Planet surface)
[RYAN] Doctor!
[DOCTOR] Sorry about the mess.
[RYAN] Yaz, you're alive!
[GRAHAM] We thought you were dead.
[YASMIN] We thought you were dead.
[DOCTOR] Right, quick update. I made a terrible mistake. We shouldn't be here. I'm going to fix it and get you guys home, I promise. Soon as I figure out where we are.
[GRAHAM] How are you going to do that?
[DOCTOR] Not sure. Treating it as a chance to surprise myself. Oh, by the way, welcome to what I presume is your first alien planet. Don't touch anything. Come on, let's try this way.
[ANGSTROM] Look at you, Epzo. So you can't even control your own ship now? You nearly killed us!
[EPZO] Yeah, well, I'll try harder next time, eh? Where's Kornlite, and Fythen?
[ANGSTROM] Failed hyperjump, both of them. It's just you and me left.
[EPZO] You're kidding me. You have got so lucky. How did you even make it this far, Angstrom, eh? You're nothing. Still, makes the next bit easy.
[ANGSTROM] You would really love that, wouldn't you? But I've got two bonuses, same as you.
[DOCTOR] What's that?
[ANGSTROM] Here we go.
[DOCTOR] What you mean, here we go? Here we go where? To what?
[RYAN] Yeah, where are we actually going?
[ANGSTROM] Come on.
[DOCTOR] Oh, I forgot I put stuff in these pockets.
[GRAHAM] All this sand is getting in my eyes something rotten.
[DOCTOR] Want to borrow my shades?
[GRAHAM] Oh, ta.
[DOCTOR] Like an old pair of mine. I say mine. Can't remember who I borrowed them off now. It was either Audrey Hepburn or Pythagoras.
[GRAHAM] Eh? Pythagoras never wore shades.
[DOCTOR] You obviously never saw him with a hangover.
[DOCTOR] Do you two know what that is?
[EPZO] It's a tent.
[DOCTOR] Obviously, it's a tent. I meant... Oh, never mind. Come on, no dawdling.

---------------------------------------

(Outside the tent)
[ANGSTROM] Losers first.
[DOCTOR] Be careful. I still don't know what's going on. It could be dangerous. Probably is dangerous.
[GRAHAM] Can I ask, if we are on an alien planet, with aliens, how can we understand them? Ain't they talking alien?
[DOCTOR] Let's have a look. Yeah, medipods have put implants into each of you. Standard procedure. Checks for a universal translator, implants one if you don't have one.
[GRAHAM] Eh? Well, can people and things stop putting stuff inside me without my permission!
[DOCTOR] If I had my Tardis, you wouldn't need them. Anyway, shall we?

---------------------------------------

(Tent)
[DOCTOR] This is lavish, for a tent. I'm the Doctor, these are my new best friends, Ryan, Graham and Yaz. Now...
[DOCTOR] Oh. See? Hologram. Thought it might be. Good one, though. I love a good hologram. I was a hologram once, for three weeks. The gossip I picked up. What are you, projection reality or AI interface? Cos if you're an interface, those are excellent nose hairs.
[ILIN] Who are these people?
[ANGSTROM] Bonuses.
[ILIN] No.
[EPZO] What?
[ILIN] I told you, bonuses and snaketraps are over.
[EPZO] They were hanging in the starfield when we exited hyper. Are you saying we scooped them for nothing?
[ILIN] Yes.
[EPZO] I sacrificed my ship!
[DOCTOR] Yeah, sorry. Some of this is my fault. Hi. We were loads of solar systems away, I was trying to find my own ship, I got a fix on it here... and then it all went quite badly wrong, actually. These three are being very good not going on about it. (to Epzo and Angstrom) Very grateful you came along. (to Ilin) Can I ask, what is actually going on here? Cos I'm confused. Are you confused?
[YASMIN] Pretty confused.
[RYAN] Proper confused.
[GRAHAM] I'm way beyond confused.
[ILIN] You're intruding on the final stage of the last ever Rally of the Twelve Galaxies.
[DOCTOR] So, what, like a race? Like Paris-Dakar, in space? Are you two space-racing each other?
[ANGSTROM] We're the finalists.
[ILIN] Four thousand entered, two are left. Only one will claim the prize.
[RYAN] What's the prize?
[ILIN] For the final ever race, 3.2 trillion krin.
[DOCTOR] 3.2 trillion what?
[ANGSTROM] Krin.
[DOCTOR] How much is a krin?
[ANGSTROM] 200 kavlons.
[EPZO] 90 forvalars.
[DOCTOR] No...
[ANGSTROM] 4,000 trynties.
[EPZO] Well, in old money.
[DOCTOR] Bit behind on my exchange rates.
[ILIN] Enough to provide a lifetime of comfort on a safe world for the winning pilot and their entire clan.
[RYAN] Are we eligible too?
[ANGSTROM] No.
[EPZO] No. You're irrelevant. Get on with it. Tell us the task.
[ILIN] The final challenge is to cross the terrain, survive the planet, make your way to the other side of the mountains, and the first one to get to the site marked as the Ghost Monument will be crowned the winner and transported off this planet. The loser will not.
[ANGSTROM] You can't leave one of us here. The ships are out of fuel.
[ILIN] Don't tell me what I can and cannot do with my own race. You knew the risks when you joined. Biggest ever prize, biggest ever risk.
[GRAHAM] Oi, hang on, what about us?
[EPZO] Shut up. You're not part of this.
[GRAHAM] 'Scuse me, we are human beings. Show a bit of solidarity.
[EPZO] I'm Muxteran. She's Albarian.
[ANGSTROM] Never even heard of Moomanbeans.
[RYAN] Beings. Human beings. Earth?
[EPZO] Nope.
[DOCTOR] Pretty cruel race, leaving the loser stranded.
[ILIN] The rally is a test of survival. How far will we go? How will we react when challenged? It's the ultimate test.
[DOCTOR] Interesting use of the word we, seeing as though you're not here.
[DOCTOR] Projected in from a very long way away.
[ILIN] I started the rally. I competed and I won, and now I'm going to end it. No sabotage, no injuries and no killing each other.
[EPZO] Shame.
[ILIN] Instant disqualification applies. Now, take your meds, don't travel at night, and don't drink the water. In fact, don't even touch the water. This entire planet has been made cruel.
[DOCTOR] Made cruel how? And by whom?
[ILIN] This stage must be completed before one full solar rotation. You have one single piece of assistance. Transport, provided by the water.Get across the water, through the ruins, and the site of Ghost Monument is on the other side of the mist swamps.
[YASMIN] Mist what?
[ILIN] Your route trackers are over there. Good luck.
[DOCTOR] I know you prefer to ignore me, but what is it, this Ghost Monument?
[ILIN] The site was named by the ancient settlers. It appears in exactly the same place every thousand rotations.
[ANGSTROM] I've got my tracker, I'm good to go.
[EPZO] See you for the prize, Ilin. I'll finally get to light my Althusian cigar. Saving it for the win.
[DOCTOR] What does it look like, this monument?
[ILIN] What does it matter?
[DOCTOR] Look at us. Four people who barely know each other, stranded on a planet called Desolation. No route trackers, no way off, and judging by what you've just told us, very little hope of survival. I need all the information I can get. Including, but not limited to,what this Ghost Monument actually looks like when it appears.
[GRAHAM] That's an old police box.
[YASMIN] Yeah, like the one on Surrey Street. Only the one in town's green. This doesn't make any sense.
[DOCTOR] Makes sense to me. Oh, thank you. Thank you so much. That'll do.
[ILIN] Well, I'm sorry I can't be of any more help.
[DOCTOR] I don't think you are.
[ILIN] You're right.

---------------------------------------

(Planet surface)
[DOCTOR] Bye, then. He was a bit full of himself.
[YASMIN] I've got a couple of questions.
[GRAHAM] A couple? I've got a book full. But shouldn't we keep up with those two before they get too far away?
[DOCTOR] Yes. Now, I know this is a bit of a shock.
[GRAHAM] Well, you could say that. I mean, we have been dumped in space, we got spaceships crashing all around us and now we are marooned on a planet that everyoneelse is racing to get away from.
[DOCTOR] All right, anyone can focus on the negatives.
[GRAHAM] Well, what are the positives?
[DOCTOR] What he called the Ghost Monument, that's my ship. It's here.
[GRAHAM] What, the old police box?
[RYAN] Didn't look all that.
[DOCTOR] It's very all that, thank you very much. Don't you see? I got it mostly right. I tracked my Tardis here, but the planet had fallen out of orbit. We landed where the planet should've been. It looks like the engines are stuck in a loop, phasing in and out of time and space. If we get to it when it phases in, I should be able to stabilise it. Then I can get you back home.
[YASMIN] Definitely? If we get there, you can get us off this planet alive?
[DOCTOR] Yaz, I promise, I will keep you alive and I will get you back home. I'm really good in a tight spot. At least, I have been historically. I'm sure I still am. If we stick together, if you trust me, we can get out of this. Right, let's get a shift on.
[RYAN] Do you think she's telling the truth?  Do you really think she can get us off here?
[YASMIN] She saved Karl. She got the better of Tim Shaw. And she did jump a crane. Don't know what would've happened if she hadn't have been there.
[GRAHAM] Yaz is right. I mean, she's our best hope. Or only option, depending on your politics.
[RYAN] Guess so. Don't argue with the wisdom of Graham, eh?
[GRAHAM] So we're sticking with Graham, are we, and not Grandad?
[RYAN] Yes, Graham.

---------------------------------------

(Jetty)
[EPZO] I said stay away from the boat.
[ANGSTROM] You don't get this to yourself.
[APZO] This blaster says I do.
[DOCTOR] Put the blaster down. We all know you're not going to use it. No injuring, no killing, no sabotage, isn't that what whatsisface said?
[EPZO] Yeah, well, maybe I don't play by the rules.
[DOCTOR] Did you practise those lines in the mirror? (hold up her little finger) See this?
[ANGSTROM] Nice move.
[DOCTOR] Thanks. Venusian Aikido. Grand Master Pacifist. Temporarily paralyses, while also being fundamentally harmless. Very clever, those Venusian nuns. Shall I let go?
[ANGSTROM] And this boat doesn't work.
[GRAHAM] Oh. Well, me and Ryan'll take a look.
[RYAN] Will we?
[GRAHAM] Yeah, well, those NVQ classes must be good for something. An engine's an engine.
[RYAN] Not a space engine.
[EPZO] You don't get to take charge here. This is about me and her fighting to win.
[YASMIN] We're all going to the same place, and that boat is big enough for all of us.
[DOCTOR] Yaz is right. If we get it started, we all get on board.
[EPZO] I know what this is. You're part of Ilin's game. Saboteurs, sent to throw us off.
[ANGSTROM] You think the whole universe is out to get you.
[EPZO] How's your family, Angstrom?
[DOCTOR] So that's why he said don't touch the water. Flesh-eating microbes, millions of them, living in there. Toxic atmosphere, killer water. Very dangerous planet, Yaz.

---------------------------------------

(Boat)
[GRAHAM] You were right, not like any engine I've ever seen. Are we ever going to talk about your Nan? I mean, just cos all this is going on don't mean to say it didn't happen. You see, I cope myself by asking a question, if Grace was here, what would she say?
[RYAN] What'd you reckon?
[GRAHAM] Well, right now, she'd be going, what's the matter with you? You're on another planet. How cool is that?
[RYAN] Yeah.
[GRAHAM] Yeah. And it is, right? I'm going to look out for you, son.
[RYAN] I'm not a kid.
[GRAHAM] Oh, okay. Well, I was hoping you'd say, I'm going to look out for you too.
[RYAN] You talk about this stuff way too much.
[GRAHAM] Mmm hmm.  And you don't talk about it enough.
[RYAN] That's not an engine. It's more like a massive battery. What if it's solar?
[DOCTOR] Look at you boys. Light years from home, figuring things out. Yep. Three suns in the sky, tri-solar engineering panels on the outside, powering that battery.
[GRAHAM] Well, if it won't start, maybe the panels aren't lined up.
[RYAN] Or maybe they're not feeding the battery properly.
[DOCTOR] Loving your work, boys. Let's take a look.

---------------------------------------

(By the water)
[ANGSTROM] I've never seen so much water.
[YASMIN] You're Albarian, he said?
[ANGSTROM] Yes. The planet of Albar. It's tiny. Crammed full of rusting high-rises. Everyone wants to leave any way they can. Even more so since...
[YASMIN] Since what?
[ANGSTROM] I don't know you.
[DOCTOR] Up and running. All aboard.

---------------------------------------

(Boat)
[RYAN] Hey, Yaz, can you believe it? Alien planet, man.
[YASMIN] I know.
[DOCTOR] This planet doesn't make any sense. No other life forms except us and the microbes in the water. No people, no animals, no insects, no nothing. But he talked about the old settlements. What happened here?
[EPZO] No-one cares.
[ANGSTROM] Don't take him personally. He treats everyone like this.
[EPZO] I don't need other people.
[GRAHAM] We all need other people, mate.
[EPZO] We're all alone. That's how we start and end, and it's the natural state of all points in between.
[GRAHAM] Were you born that miserable, or did you have to work at it?
[EPZO] You know, when I was four, my mum told me to climb a tree. She made me climb until I was too scared to climb any higher. Then she told me to jump into her arms. Don't worry, she said, I'm your mum, I'm here for you, I'll catch you. So I jumped. And she moved out of the way.
[DOCTOR] What?
[YASMIN] Sorry, did you say your mum did this to you?
[EPZO] I smashed into the ground. Broke this arm, shattered that ankle. And she stood over me and she said, Now you've learned. You can never trust anyone in this life.
[RYAN] That is messed up.
[EPZO] Best thing she ever did for me. I loved my mum.
[GRAHAM] Yeah, she sounds terrific.
[DOCTOR] Your mum was wrong. We're stronger together.
[GRAHAM] I see your mate's dropped off. It's nice to see him quiet.
[ANGSTROM] Yeah. He can nap anywhere. Famous for it.
[DOCTOR] How many stages are there in the rally?
[ANGSTROM] This time? 209 terrains, 94 planets. We start the race with nothing and barter our way up.
[DOCTOR] Is it worth it?
[ANGSTROM] To ensure enough for my family's safety? Yeah. Albar is being systematically cleansed. Half of my family are in hiding. The others are on the run. This is my only chance to bring us back together.
[YASMIN] So you left your family to do this?
[ANGSTROM] I left my family to try and save my family. They told me to. If I win, I find them, rescue them. If they're alive to be rescued. Whatever happens here, it's a better chance than I had back home.
[YASMIN] You're making me miss my family. That's quite some achievement, considering my dad drives me bananas and my sister's trying to get me to move out so she can have my bedroom. And I only saw them yesterday.
[ANGSTROM] Don't ever take them for granted. God, you all look shattered.
[DOCTOR] You should all rest. I'll wake you when we get there.
[GRAHAM] Ryan. Ryan. Wake up, son.
[RYAN] I'm awake. I'm awake. We home?
[GRAHAM] No. Time to get off the boat. Come on.

---------------------------------------

(Desert)
[ANGSTROM] Have you seen yourself, Epzo? I'd say you love that cigar more than you've loved any person.
[EPZO] Have you any idea how rare and expensive these are? It takes half an Althusian lifetime to make just one of these. To make them, roll them, age them, and then, and this is the best bit, they make them self-lighting. Just one click of the finger and it lights itself. Do you want a sniff? Closest you'll ever get to victory.
[ANGSTROM] Bad for your health.
[DOCTOR] Big set of ruins. Wonder who those were built for?
[EPZO] Why do you even care?
[DOCTOR] Where are those people now? Why are there so few signs of life? What happened to everyone?
[EPZO] Bye. Ha!
[ANGSTROM] Good luck.
[EPZO] You've already lost, Angstrom!
[GRAHAM] What, we're just letting them go, are we? How do we know what to do, where to go?
[DOCTOR] First thing we have to do is make it through those ruins safely. Because these readings are all over the place, and I don't know why.

---------------------------------------

(Ruins)
[DOCTOR] Those suns are starting to set. They're moving way faster than I realised.
[GRAHAM] Well, back in the tent, that bloke Ilin said do not travel by night.
[DOCTOR] We need to move, fast.
[GRAHAM] Whoa! They weren't there when we came in.
[RYAN] Where did they come from?
[DOCTOR] I don't know.
[YASMIN] Oh, my God, Doctor!
[GRAHAM] So much for no life forms on this planet.
[DOCTOR] They're not alive. They're robot guards. Why would you need robot guards on a deserted planet? Good news is, they're not fully active. So, what we all need to do is very slowly, totally unthreateningly, back out of here.
[DOCTOR] Argh! They've been activated! Run!
[GRAHAM] Move! Move, everyone! Come on!
[DOCTOR] Ah! Ah! Swerve! Don't run straight. They're predicting our path! In here!

---------------------------------------

(Chamber)
[DOCTOR] Well done, all of you, nice running. Ah!
[DOCTOR] Oh! Okay, come on. Oh! What have we here?
[YASMIN] Got anything there, Doctor?
[DOCTOR] Information. Oh, that's bad. They're SniperBots. We just walked into the middle of the shooting range. Everything within the perimeter is target practice.
[GRAHAM] Which would explain all the targets in here. And looking on the negative side, they're human-shaped targets.
[RYAN] If that's the way it is, time to stop messing about.
[DOCTOR] What are you doing?
[RYAN] Fighting back.
[DOCTOR] No. Guns, never use 'em.
[RYAN] They're shooting at us.
[DOCTOR] I know.
[RYAN] They're going to kill us with their guns!
[GRAHAM] He's got a point, Doc.
[DOCTOR] Put the gun down, Ryan.
[RYAN] What's your better idea?
[DOCTOR] Out-think them.
[GRAHAM] You can't out-think bullets.
[DOCTOR] Been doing it all my life.
[RYAN] Uh-uh. Sorry. Call of Duty, man. I've trained for this.

---------------------------------------

(Ruins)
[RYAN] Argh! Who's next? See, that's what I'm talking about! That's how you deal with things. Taking out the aliens!
[RYAN] No, no, no! Where's the reload? Where's the reload? Where's the reload!

---------------------------------------

(Chamber)
[DOCTOR] Made it worse?
[RYAN] Just a little bit, yeah.
[DOCTOR] Now do you see why I don't like guns?
[RYAN] Don't go on about it.
[DOCTOR] I will go on about it. A lot! They're here. Take cover behind the pillars.
[YASMIN] You know we're completely surrounded?
[DOCTOR] Yep!
[GRAHAM] With no way out whatsoever.
[DOCTOR] Here's the lesson. The answer was on the floor. You just reached for the wrong thing.
[GRAHAM] What are you talking about?
[DOCTOR] The best thing about robots is, they're powerful. Literally packed with power. Super-powered.
[RYAN] Wow!
[GRAHAM] Okay. Now that was impressive.
[DOCTOR] Thank you. I aim to please.
[YASMIN] What exactly did you just do?
[DOCTOR] Electromagnetic pulse. Basically fried their systems. I reckon we've got about five minutes before they reboot and recover. See? Brains beat bullets. Come on.

---------------------------------------

(Ruins)
[ANGSTROM] Epzo, is that you? Oh, my God, what happened? Do you need help?
[EPZO] Not from you.
[DOCTOR [OC]] Let's try through here.
[EPZO] What just happened?
[DOCTOR] What do you care? You don't care about anything. Ooo, tracker, thanks.
[ANGSTROM] How did you even do that?
[DOCTOR] Did I not mention? I am really smart.
[ANGSTROM] Thank you.
[DOCTOR] You are very welcome. Amazing what you can learn from a SniperBot. Like where their control commands emanate from. Also, maps. Which leads us... here.
[DOCTOR] I want answers to this planet and I think they're down there.
[GRAHAM] You sure about that?
[DOCTOR] Nope. Come on.
[RYAN] (sighs) Why is it always ladders?

---------------------------------------

(Tunnels)
[YASMIN] See? Second nature now.
[RYAN] No, not really. Thanks for waiting.
[YASMIN] Always.
[DOCTOR] These tunnels runs under half of the planet. Think of the technology, the civilisation required to build all that. And then ask yourselves, where are they? How's the injury?
[EPZO] It's painful.
[DOCTOR] Hope it's made you reconsider your entire philosophy.
[EPZO] Nope.
[GRAHAM] Doctor? Scorch marks all along the walls.
[DOCTOR] Not exactly encouraging, is it?
[GRAHAM] No.
[DOCTOR] Still, best feet forward. (further along) Oh, big locked door. I love a big locked door.
[DOCTOR] Ominous.

---------------------------------------

(Laboratory)
[DOCTOR] What happened in here?
[YASMIN] There's another room next door. We'll take a look?
[RYAN] Yeah.
[ANGSTROM] I don't want to be here. We're off route. We need to move on.
[DOCTOR] You went into the ruins without knowing what was there. You want to keep going without knowing why it's bad to travel at night?
[EPZO] Whatever happened here, it's in the past. What does it matter to you?
[DOCTOR] This was a living, breathing planet once, with an ecosystem, organic life, and a population. There was a catastrophic event here. And as hard as it is for you to understand, you are not the only life form in this universe. Some of us feel a duty to others who might be in trouble. So fix your wound, take one of your heroic naps, and we'll wake you when we leave, if you're lucky.
[EPZO] Fine.
[DOCTOR] Now do me a favour. Give me something that will finally make sense of this planet.
[DOCTOR] There. That's more like it. Angstrom, bring me that route mappy thing. If we sync it, this shows us the whole network of tunnels. Your friend Ilin warned us not to travel at night. We could use the tunnels to keep moving while it's dark, avoiding whatever's on the surface.
[ANGSTROM] It's better than that, though. Look. There's the site of the Ghost Monument. This network could help us cut a diagonal through the route, then bypass most of the mountain terrain. We could cover the distance in half the time.
[GRAHAM] Well, if you leave now, you could get there before Sleeping Beauty. You could win.
[GRAHAM] What was that?
[DOCTOR] There's something through there.

---------------------------------------

(2nd room)
[YASMIN] Ryan, have you seen this? Surveillance footage.
[RYAN] Look. They've found the hatch.

---------------------------------------

(3rd room)
[DOCTOR] Inscriptions on the floor.
[GRAHAM] What is it, some sort of cave painting?
[DOCTOR] Almost. Left by the people who worked here.
[GRAHAM] Can you read it? What does it say?
[DOCTOR] We are scientists. Abducted, tortured and made to work, while our families are held hostage. We are forced to find new ways of destruction. Poisons, weapons, creatures. We gave them our minds and they made us the creators of death. This planet has been left scorched and barren from our work. The atmosphere and water are toxic. Killing machines and creatures inhabit every corner. We had no choice but to obey... The Stenza.We are trying to destroy all of our work before they use it against others. There's two words below that. They're coming. That's how it ends.
[GRAHAM] The Stenza? That's the thing we stopped in Sheffield, right?
[ANGSTROM] You know the Stenza too?
[GRAHAM] My wife died because of them.
[ANGSTROM] Mine too. I'm sorry. They took our planet, sent us into hiding, cleansed millions of us.

---------------------------------------

(Tunnels)
[DOCTOR] Epzo!
[ANGSTROM] Oh, my God.
[DOCTOR] Nothing's working on it.
[GRAHAM] We've seen them before. Like, all over the planet. Like they were lying dormant.
[DOCTOR] Lying dormant till night, across the whole planet... clearing up the wounded.
[YASMIN] Doctor! I found you! The SniperBots are on their way down after us.
[RYAN] Whoa!
[DOCTOR] We need to get out of here. Everybody, move fast!
[YASMIN] Why have we stopped?
[DOCTOR] Listen.
[DOCTOR] They've shut down the life support systems, depriving us of air.
[GRAHAM] A man could really take against those robots.
[DOCTOR] We need to get out of the tunnels.
[GRAHAM] But it's night.
[ANGSTROM] This exit ladder will take us up and out to the surface.
[YASMIN] What's up there?
[ANGSTROM] Acetylene fields.
[RYAN] Acetylene, like the gas?
[YASMIN] That doesn't sound good.
[DOCTOR] We're running out of air and options, so let's go up.
[DOCTOR] You okay?
[RYAN] It's not my favourite thing, climbing ladders under pressure.
[DOCTOR] Can I just say? You are amazing.
[RYAN] Am I?
[DOCTOR] Think of what you've gone through to be here, and you're still going. I'm proper impressed.
[RYAN] Thanks.
[DOCTOR] If it helps, focus on facts about acetylene as you climb. Did you cover it in NVQ?
[RYAN] Think we might've done, yeah.
[DOCTOR] Got to be quick now, Ryan. Sorry.

---------------------------------------

(Acetylene fields)
[YASMIN] That's some smell.
[GRAHAM] What is it, garlic?
[RYAN] Wait. Everyone, stop. Look, it's like the ground's moving.
[REMNANT] Finally, a big feast of lives.
[DOCTOR] Nobody move.
[EPZO] Don't let them touch you. They'll squeeze the life out of you.
[REMNANT] Yes, squeeze the life from all of you.
[DOCTOR] The talk is to distract you. That's how they were designed in that laboratory.
[REMNANT] You can't save them. We smell your fear too. The strongest of all.
[DOCTOR] You want fears? I've got a dozen lifetimes' worth.
[REMNANT] A dozen lives? We'll take you first.
[DOCTOR] Remember any facts, Ryan, as we climbed?
[RYAN] It's lighter than air.
[DOCTOR] Yes. Smells like garlic and lighter than air. That's right. And one other thing about it, but we'll all have to dig deep for that, right?
[EPZO] What are you talking about? What are you doing?
[ANGSTROM] Shut up and dig, Epzo.
[REMNANT] You lead but you're scared, too, for yourself and for others.
[DOCTOR] Yeah, well, who isn't?
[REMNANT] Afraid of your own newness. We see deeper, though, further back. The Timeless Child.
[DOCTOR] What did you just say?
[REMNANT] She doesn't know.
[DOCTOR] What are you talking about? What can you see?
[REMNANT] We see what's hidden even from yourself, the outcast, abandoned and unknown.
[DOCTOR] Get out of my head.
[REMNANT] Now we crush those fears from you.
[DOCTOR] Enjoy your feast, whatever it is. You know what some people like after a feast? Graham?
[GRAHAM] Huh?
[DOCTOR] Not me. Some people.
[EPZO] Do it.
[GRAHAM] Oh, yeah. A nice cigar.
[DOCTOR] Down!
[DOCTOR] Third fact, ignites very easily. Good old acetylene. See? Teamwork. Now, move. Come on.

---------------------------------------

(Mountains)
[RYAN] We must be near now.
[ANGSTROM] Says we're close.
[DOCTOR] There. Your finish line.
[EPZO] Ah, we made it.
[YASMIN] But where's your ship? Where's the Ghost Monument?
[DOCTOR] It's not here. I don't understand. It should be here. We did all this for nothing? So you got here...
[ANGSTROM] And now I'm going to claim my prize.
[EPZO] What? Your prize?
[ANGSTROM] I saved your life. You'd be dead without me. And if I raced you now to that tent, you'd be dust. You're a wreck, Epzo.
[APZO] Who had the cigar, eh? Me. That was mine. The cigar saved us all.
[ANGSTROM] Seriously? Don't even think I'm going to lose to you now.
[DOCTOR] Er, could I make a suggestion?

---------------------------------------

(Tent)
[EPZO] Dead heat.
[ANGSTROM] Joint first. Dual winners.
[DOCTOR] With witnesses.
[ILIN] What? No. There's never been a joint winner of the Rally.
[ANGSTROM] There has now.
[ILIN] No. I will declare the final race null and void.
[EPZO] Ilin, you've made this a living hell for us. I promise you that whatever happens, I will get off this planet, and if we don't get what we both fought for, I will hunt you down and ensure that whatever time you have left is both short-lived and agonising. Do we understand each other? Now, recognise your equal winners.
[ANGSTROM] Pay the prize, or pay the price.
[ILIN] I'm honoured to declare a unique joint victory... and equal split.
[EPZO] Now, get us off this rock.
[ILIN] Fine.
[ANGSTROM] And them.
[ILIN] No.
[ANGRSTROM] No! (But Ilin has snapped his fingers.)

---------------------------------------

(Mountain)
[RYAN] They're gone.
[GRAHAM] We're stuck here, are we?
[DOCTOR] I'm sorry. I've failed you. I promised you and I let you down.
[RYAN] We can wait, can't we?
[YASMIN] Yeah. We've got each other.
[DOCTOR] No, we'll be dead within one rotation.
[GRAHAM] Who says so? We've come this far, ain't we? Who says we're giving up? Any of us? Really? Even you, Doc? No. Come on, we ain't having that, are we?
[YASMIN] Nope.
[RYAN] No.
[YASMIN] Can you hear that noise?
[DOCTOR] Come on, please. Give us this. (activates the Sheffield sonic) It's all right, it's me! Stabilise. Come to Daddy. I mean Mummy. I mean, I really need you right now.
[DOCTOR] My beautiful Ghost Monument. (runs over to her) Hello, you. I've missed you. Ah, you've done yourself up. Very nice. Lost my key. Sorry.
[GRAHAM] But it's an old police box.
[DOCTOR] Sort of. Not really.
[RYAN] You expect us all to fit inside there?
[DOCTOR] Yep.
[YASMIN] At the same time?
[DOCTOR] Wanna try?
[RYAN] Okay.
[DOCTOR] Oh, word of warning. I left it in a bit of a mess.

---------------------------------------

(Tardis)
[DOCTOR] Oh. You've redecorated.
[DOCTOR] I really like it. This is my Tardis.
[YASMIN] Wow.
[RYAN] Yeah.
[GRAHAM] It was a police box.
[DOCTOR] It still is on the outside.
[GRAHAM] How do you fit all this stuff inside a police box?
[DOCTOR] Dimensional engineering.
[YASMIN] You can't engineer dimensions.
[DOCTOR] Maybe you can't.
[RYAN] Can I press any of...?
[DOCTOR] No.
[GRAHAM] It's a spaceship?
[DOCTOR] And a timeship.
[RYAN] Get out.
[DOCTOR] Seriously.
[RYAN] This... is proper... awesome.
[DOCTOR] I thought maybe you didn't believe me that I'd get you home.
[YASMIN] I thought you didn't believe yourself for a second back there.
[DOCTOR] Who, me? No. Never doubted. Don't know what you mean. Home, then?
[YASMIN] You can get us there? Really?
[DOCTOR] Start believing.
",2018-10-14,Doctor Who - The Ghost Monument
"Doctor Who (21 Oct 2018; Thirteenth Doctor) - Rosa

[MUSIC] I woke up this morning with my mind set on freedom. I woke up this morning with my mind, Lord, set on freedom...

---------------------------------------

(Bus)
[BLAKE] Hey, you. You don't go that way. That way's not for coloureds. Get off, go round to the back and get on there. That's your entrance. You know that.
[ROSA] I don't see the need for getting off, then back on there. Not when there's folks standing in the stepwell. How am I going to squeeze on there?
[BLAKE] If you ain't going through that back door, you're getting off my bus.
[ROSA] Sir, let me go. Please don't do that. Stop.
[ROSA] You better not hit me.
[BLAKE] Get out that door!

---------------------------------------

(Street)
[ROSA] Hey. Hey. Hey, hold on. Hey, stop!
[DOCTOR] Nearly.

---------------------------------------

(Tardis)
[YASMIN] Sheffield?
[DOCTOR] Almost. Really close.
[GRAHAM] So not Sheffield, then?
[DOCTOR] You're doing this deliberately, aren't you?
[YASMIN] Who are you talking to?
[RYAN] If it's me, I haven't touched anything.
[DOCTOR] I'm talking to the Tardis, because this is our ninth attempt.
[GRAHAM] Fourteenth. You can't control this thing, can you?
[DOCTOR] Excuse me. Yes, I can. Most of the time. Just sometimes, like now, it has a mind of its own.
[YASMIN] So where are we, actually?
[DOCTOR] Earth, United States. 1955, Montgomery, Alabama, if I'm reading this properly. New displays. Still figuring them out.
[GRAHAM] 1955? Elvis. Could we see Elvis?
[DOCTOR] I think he's in New York this week. I could give him a call.
[GRAHAM] You haven't got Elvis's phone number.
[DOCTOR] Don't ever tell anyone I lent him a mobile phone.
[DOCTOR] Whoa, what's that? Traces of artron energy?
[YASMIN] Should we know what artron energy is?
[DOCTOR] It's the same type of energy the Tardis runs off. There really shouldn't be traces of artron energy here, unless they're ours, which they're not.
[YASMIN] And now you want to check it out.
[DOCTOR] Yeah, I should. Quick look, but quietly. History is very delicate. We stick together.

---------------------------------------

(Street)
[YASMIN] Real-life 1950s. Time travel's awesome.
[RYAN] Excuse me. Excuse me. You dropped this.
[RYAN] Hey.
[STEELE] Get your filthy black hands off my wife.
[DOCTOR] Whoa. Stop.
[YASMIN] Sir, please take a step back. You okay, Ryan?
[RYAN] I was just trying to give her back her glove.
[STEELE] Is this your boy?
[GRAHAM] He's my grandson, actually.
[STEELE] Your what?
[GRAHAM] My grandson.
[STEELE] You ain't from around here.
[DOCTOR] We don't want any trouble.
[STEELE] I don't know how it goes where you folks are from, but your boy, he'll be swinging from a tree with a noose for a neckerchief if he touches a white woman in Montgomery.
[GRAHAM] What did you just say?.
[ROSA] There a problem here, Mister Steele? (to Ryan) Step away now. Go ahead, step away.
[STEELE] These friends of yours?
[ROSA] No, sir. Just on my lunch break, wondering if I can help out with any misunderstanding. Oh, I believe your suit will be ready tomorrow. The alterations going to make it look just right, sir.
[STEELE] Let's go, Lizzie.
[ROSA] Are you crazy?
[RYAN] He slapped me.
[ROSA] Don't you read the newspapers? You know what they did to young Emmett Till.
[DOCTOR] We're from out of town.
[ROSA] So was Emmett Till, on vacation from the north. Couple of words to a white woman in Mississippi, and the next thing, they find his body in the river. You want that to be you?
[RYAN] No.
[ROSA] Did your mother raise you with no manners? I will take a 'no, ma'am'.
[RYAN] No, ma'am.
[ROSA] You all together?
[DOCTOR] Yes. We're very grateful, Miss...
[ROSA] Mrs Parks, Rosa Parks.
[YASMIN] No way.
[GRAHAM] You're kidding.
[DOCTOR] Brilliant. Rosa Parks. Lovely to meet you, Rosa Parks. Big fan.
[ROSA] Excuse me?
[DOCTOR] Big fan... of Montgomery. I am... we are just visiting. Recommend anything for tourists like us?
[ROSA] I recommend you get yourselves the hell out of Alabama before you find yourselves in trouble you can't get out of.
[YASMIN] Oh, my God, can you believe it? Actual Rosa Parks.
[DOCTOR] Amazing. Also a problem. Registering traces of artron energy all around her. Why is that?

---------------------------------------

(Alley)
[KRASKO] No.
[KRASKO] Force shields.

---------------------------------------

(Slim's Bar)
[YASMIN] We were in Rosa Parks class in primary. Do you remember? All the Year 4, 5 and 6 classes were named after inspirational people.
[RYAN] She's the bus woman, right?
[YASMIN] You do remember what she did.
[RYAN] Yeah, first black woman to ever drive a bus.
[YASMIN] No, Ryan.
[RYAN] What?
[GRAHAM] Your Nan would have a fit right now. How could you have been in a class named after the woman and not know who she is?
[RYAN] She's American.
[YASMIN] She refused to give up her seat on a segregated bus to a white passenger, and got arrested for it. Her arrest started a boycott of the buses in Montgomery.
[DOCTOR] Or rather, will start. Today is Wednesday, November 30th, 1955. Tomorrow, Rosa refuses to give up her seat.
[RYAN] And all this basically kicked off the US civil rights movement, led by Martin Luther King. See, I'm not totally ignorant. I just got confused by the whole bus thing.
[DOCTOR] Martin Luther King is a minister here in Montgomery right now.
[YASMIN] He and Rosa knew each other?
[DOCTOR] Yeah.
[GRAHAM] Is it me, or has it gone very quiet in here?
[WAITRESS] We don't serve negroes.
[RYAN] Good, cos I don't eat them.
[WAITRESS] Or Mexicans.
[YASMIN] Is she talking to me?
[WAITRESS] Y'all need to eat somewhere else.
[DOCTOR] Come on.

---------------------------------------

(Street)
[DOCTOR] Okay, listen. I can deal with this. You guys go back to the Tardis and be safe.
[YASMIN] While you do what?
[DOCTOR] Locate the source of these energy anomalies. We're one day out of a tipping point in Earth history. I don't want anything disrupting that. It's easy for me here. It's more dangerous for you. You can walk away from this.
[RYAN] Rosa Parks can't.
[YASMIN] Rosa Parks doesn't.
[RYAN] If she can live her whole life, a couple of hours ain't going to kill me. It ain't going to kill me, right?
[GRAHAM] No.
[DOCTOR] Not if we look out for each other.
[RYAN] I'm cool with it. What do you reckon, Mexican lady?
[YASMIN] Oi. Keep that up, I'll use you as a pinata.
[DOCTOR] Epicentre of the artron readings is 1.2 miles that way. Come on.
[GRAHAM] Hey, hey, we will stop somewhere else to eat, though, won't we?
[DOCTOR] No time, Graham.
[GRAHAM] Have you noticed that happens a lot? I need regular food, that's all.
[RYAN] We just got thrown out of a bar and that's what you're worried about?
[GRAHAM] Not just that.
[YASMIN] Not sure your stomach's compatible with time travel, Graham.

---------------------------------------

(Street)
[ROSA] Can I help you? There a problem here?
[KRASKO] No problem, ma'am. No problem at all.

---------------------------------------

(Bus works)
[DOCTOR] This is where the artron signals converge. At the bus company.
[YASMIN] All roads lead to Rosa Parks.
[DOCTOR] Yeah. Bit of a worry. Let's have a look around.
[GRAHAM] I'm not sure about this.

---------------------------------------

(Bus works shed)
[RYAN] There's nothing in here.
[DOCTOR] Why padlock an empty room, unless it's not empty.
[GRAHAM] That wasn't there a second ago.
[RYAN] No kidding.
[DOCTOR] It was there. We just couldn't see it. Perception filter.
[YASMIN] Why would anybody do that to a suitcase?
[RYAN] Can we open it?
[DOCTOR] Is the right question. Is anyone excited? Cos I'm really excited.
[GRAHAM] You won't be if it's a bomb.
[DOCTOR] Don't kill the vibe, Graham.
[RYAN] Whoa, not very '50s.
[DOCTOR] I knew it. See, now there's a problem. We're not the only ones in Montgomery who don't belong here.
[YASMIN] Any clues what any of that is?
[DOCTOR] Information brick, multi-intercept and surveillance device. All a bit knackered, though.
[GRAHAM] Well, why has it been left in here?
[DOCTOR] (gasp) This explains the artron signals. This is very bad news. Secondary charger for a...
[DOCTOR] Run.

---------------------------------------

(Bus works yard)
[DOCTOR] Over here.
[DOCTOR] (sotto) Stay here.
[DOCTOR] Oi, Brando, looking for us? I'm not armed.
[KRASKO] Is that supposed to make me not shoot you?
[DOCTOR] Ideally. So, temporal displacement weapon. Horrible things. Can't stand them.
[KRASKO] Thank you.
[DOCTOR] Not a compliment. Takes a lot of power to displace things in Time. I think you and I both know your weapon's pretty much out of juice. And I've got your spare battery. You've been leaving traces of residual artron energy all over 1955.
[KRASKO] And what are you, the Artron Police? Maybe you are. The blue box in the alley. Is it a Tardis?
[DOCTOR] Might be. What's it to you?
[KRASKO] Well, it could be worth a lot.
[DOCTOR] Nah, not that one. Second hand, huge mileage, one careless owner. Mind you, it's better than a Vortex Manipulator, like the one on your wrist. Cheap and nasty time travel.
[DOCTOR] So, what do you want with Rosa Parks?
[KRASKO] Who?
[DOCTOR] Oh, now you're being annoying.
[KRASKO] The feeling's mutual.
[DOCTOR] How long have you been here?
[KRASKO] Get out of Montgomery.
[DOCTOR] You're not the first to say that to us.
[KRASKO] If I see any of you again, I will kill you.
[DOCTOR] Don't threaten me.
[KRASKO] Chop, chop, on your way now.
[KRASKO] What are you doing?
[DOCTOR] Come on, gang.
[YASMIN] Are we actually leaving?
[DOCTOR] Not in a million years.

---------------------------------------

(Sahara Springs Motel)
[RYAN] I'm getting pretty sick of seeing that sign.
[YASMIN] So, how are we going to do this?

---------------------------------------

(Motel room)
[GRAHAM] In you come, before anyone sees.
[RYAN] Well, this is fun.
[YASMIN] Last time I sneaked into someone's room by a window was Danny Biswas in Year 10.
[RYAN] You just went right down in my estimation.
[YASMIN] All right.
[RYAN] Danny Biswas? He was punching well above his weight.
[YASMIN] Did you just accidentally pay me a compliment?
[RYAN] Whatever.
[GRAHAM] Why can't we just stay in the Tardis?
[DOCTOR] Our friend with the temporal displacement weapon's got eyes on it. We go in and out of there, we're going to run into him again and I don't want to just yet. Not till we've figured this out.
[RYAN] And this is better? Smuggling ourselves into crummy motels?
[DOCTOR] I just need a moment to work this out.
[YASMIN] Yeah, like, what do we actually know?
[GRAHAM] Well, 1955, Montgomery, one day away from Rosa Parks refusing to give her seat up on a bus.
[DOCTOR] Meanwhile, we've got an out-of-time impostor skulking at the bus works with a temporal displacement weapon.
[RYAN] I understand weapon, but not sure about temporal or displacement.
[DOCTOR] Displaces you through Time. A blast hits you, you're thrown through Time to wherever the user has set it. He had it set for the very far future.
[RYAN] That's horrible.
[DOCTOR] Yes. And it uses artron molecules. That, plus his Vortex Manipulator were presumably what the Tardis detected when it brought us here.
[YASMIN] So do we think he's trying to kill Rosa Parks, or use that weapon on her?
[DOCTOR] He's been here a while. He set up base at the bus works. If he wanted to get rid of her, why has he not done it already? Besides, the sonic picked up something else on him, but I'd need to go back to make sure. Right, what do you remember about Rosa from school?
[GRAHAM] Oi, whoa, whoa, whoa. What are you doing?. That is vandalism. We'll have to pay for that.
[DOCTOR] Don't worry, special pen.
[GRAHAM] No, pack it in. You ain't Banksy.
[DOCTOR] Or am I? Rosa takes the bus on the 1st December 1955. What time of day?
[YASMIN] Evening. She was coming home from work. I remember cos she said people thought she didn't stand cos she was tired from working, but she wasn't.
[DOCTOR] Where did she work?
[YASMIN] I think it was in a shop, like a department store.
[GRAHAM] No, no, wait. Earlier she told that git that slapped Ryan his suit'd be ready tomorrow.
[YASMIN] That's it. She did clothes repairs. She was a seamstress. I mean, is a seamstress. Can't get used to being in the past.
[YASMIN] Bathroom.
[RYAN] Seriously?
[YASMIN] Very seriously.
[GRAHAM] No, Doc. The wall.
[DOCTOR] Banksy doesn't have one of those. Or have I?
[DOCTOR] Oh, officer. What can I do for you?
[MASON] Can I come in, ma'am?
[DOCTOR] Ma'am. Still can't get used to that. Here we are, darling. This police officer was so keen to come in he didn't feel the need to introduce himself.
[GRAHAM] Is there a problem, Officer...?
[MASON] Mason. Montgomery Police.
[DOCTOR] I'd offer you a cuppa, but the refreshment facilities are very poor. I'll be leaving a note.
[MASON] British?
[GRAHAM] How can you tell?
[MASON] You've been making folks uneasy.
[DOCTOR] How've we done that?
[MASON] Y'all happen to know a couple of... mongrels, hmm? Negro boy, Mexican girl?
[DOCTOR] I don't recognise anyone by that description.
[MASON] Huh. See, the er, negro's been going around picking fights with upstanding citizens. Now, you appreciate it's er, an offence to harbour coloureds in a room here.
[DOCTOR] We're not harbouring anyone who doesn't have a right to be here.
[MASON] Mmm-hmm. What's your business here in Montgomery?
[GRAHAM] We're here to, er, pitch an invention. Yeah, er, it's a telephone... that plays music, and it's a camera also, takes photo... and it's a calendar. And it send letters.
[MASON] Sounds ridiculous.
[GRAHAM] Yeah, I know.
[MASON] What's your name, sir?
[GRAHAM] Steve... Jobs. Steve Jobs.
[MASON] You being disrespectful with me, Mister Jobs?
[GRAHAM] Steve Jobs would never disrespect a Montgomery police officer, sir.
[MASON] Uh-huh.
[MASON] Hmm. You get yourselves gone as soon as your, er, business is concluded, mmm-hmm?
[DOCTOR] I did not warm to him.

---------------------------------------

(Behind the motel dumpsters)
[RYAN] I'm sick of this place already.
[YASMIN] I know. But to be here just as history's taking place.
[RYAN] This ain't history here, Yaz. We're hiding behind bins. I'm having to work so hard to keep my temper, every second here. I could've slapped that guy back there as soon as we arrived. Thank God me Nan taught me how to keep my temper. Never give them the excuse.
[YASMIN] Yeah? My dad tells me the same.
[RYAN] Yeah, see? It's not like Rosa Parks wipes out racism from the world forever. Otherwise, how come I get stopped way more by the police than my white mates?
[YASMIN] Oi, not this police.
[RYAN] Tell me you don't get hassle.
[YASMIN] Course I do, especially on the job. I get called a Paki when I'm sorting out a domestic, or a terrorist on the way home from the mosque.
[RYAN] Yeah, exactly.
[YASMIN] But they don't win, those people. I can be a police officer now cos people like Rosa Parks fought those battles for me. For us. And in 53 years, they'll have a black President as leader. Who knows where they'll be 50 years after that? But that's proper change. What?
[RYAN] Were you born this positive?
[YASMIN] Guess so. Must be my Mexican blood.
[GRAHAM] head out of bathroom window) Yaz. Ryan.

---------------------------------------

(Motel room)
[DOCTOR] Where were we? We need as much intel as we can get. If we're going to protect Rosa, we need to know the facts of her life. Home address, daily routine, where she works, the routes she takes, and the church she attends. Also, the name of the driver she refused.
[GRAHAM] I know that. It's James Blake.
[RYAN] How do you know that?
[GRAHAM] Well, your Nan, when she found out I was a bus driver, said to me, you'd better not be like James Blake. Blake the snake, that's what she called him. And I had to ask her who he was and she just said he gave all bus drivers a bad name.
[YASMIN] She said that when you'd only just met?
[GRAHAM] Yeah.
[YASMIN] That's pretty hardline.
[RYAN] That's me Nan.
[GRAHAM] Yeah. She had a T-shirt that said, er, The Spirit of Rosa, and er, well, I wish that she was here.
[RYAN] I don't. She'd start a riot.
[GRAHAM] Yeah.
[DOCTOR] Right. Operation Rosa Parks.
[YASMIN] I've found out where she works. Montgomery Fair Department Store.
[RYAN] And if the phone book's right, this is where she lives.
[GRAHAM] Right, so these bus routes don't go near Rosa's shop or house, but these ones do.
[DOCTOR] Great. If we can find Rosa's route and time today, we can keep an eye on her tomorrow. Who's up for a bus ride?

---------------------------------------

(Bus)
[GRAHAM] Excuse me. Sorry. Okay, Doc. This route is one of three that goes between Rosa's home and where she works. I reckon this one is the most direct.
[DOCTOR] So it's most likely she takes this one tomorrow night. But we can't be certain exactly what time.
[YASMIN] Unless we stalk her all day.
[RYAN] This is me, on the back of the bus.
[GRAHAM] (sotto) I'm so ashamed. (normal) You shouldn't have to do this.
[DOCTOR] I agree. I'm sorry, Ryan.
[YASMIN] The driver let me on at the front of the bus. What does that mean for where I sit? Obviously not a lot of Pakistani heritage around here. Does coloured just mean black in 1955? Guess I'll park my South Asian-Mexican backside in the white section, then, and let's see what happens. Riding the bus in Montgomery. Good times.

---------------------------------------

(Bus Stop)
[YASMIN] That's where she works. This must be her stop.
[DOCTOR] Perfect. We can wait here, then get on the bus with her when she finishes work, have a little chat.

---------------------------------------

(Bus)
[YASMIN] Hi. Nice to see you again. Mrs Parks, right?
[ROSA] Yes.
[DOCTOR] You helped us out earlier today with our little misunderstanding.
[ROSA] I remember. British.
[DOCTOR] Yes. Funny thing, you'll never believe this, we're actually doing market research for bus companies. Looking at people's transport habits. Answer the questions, enter the raffle for a prize. You get this bus this time every day?
[ROSA] Most days. Always this time.
[DOCTOR] And you live...?
[ROSA] Cleveland Court. Next stop. Ma'am, if you keep sitting there, we're all going to have to move.
[GRAHAM] What do you mean?
[ROSA] If white folks need seats, by law, I have to give mine up. This middle section is only for coloureds if white folk don't need it.
[GRAHAM] Well, that's not right.
[ROSA] Tell your company that, sir. If I win your raffle, will that give me the right to sit anywhere I want on this bus?
[DOCTOR] No.
[ROSA] I didn't think so. This is my stop.
[RYAN] I'm going to follow her. See what I can find out. Meet you back at the motel later.
[DOCTOR] Ryan? Be careful.
[RYAN] Yeah.
[YASMIN] Do you think he'll be all right?
[DOCTOR] I hope so. Graham, do you think you can find James Blake, the driver?
[GRAHAM] Er, yeah. I'll just have a talk with the bloke at the front and find out where they all drink.
[DOCTOR] Yaz, can you compile a timeline of what happens this time tomorrow evening?
[YASMIN] Okay. What are you going to do?
[DOCTOR] Talk to our friend. Tell him to stay out of history's way.

---------------------------------------

(Cleveland Court)
[RYAN] Stalking Rosa Parks. Don't know about this.
[ROSA] You better not be following me.
[RYAN] I want to help.
[ROSA] With what?
[RYAN] The fight.
[ROSA] And how do I know you're not a spy for the police, or the FBI?
[RYAN] Cos if they were going to send a spy, they'd send one who could actually follow you without being spotted. And didn't have a British accent. Also, I don't think they know any black guys.
[ROSA] You any good at serving coffee?

---------------------------------------

(Bus works shed)
[DOCTOR] Whoops. Shame, you just sent all your equipment to goodness knows where. 79th century, judging by the weapon setting, which, by the way, overheat very easily.
[DOCTOR] Cheap and nasty. Now we're even. First things first. Tell me about Stormcage.
[KRASKO] Storm what?
[DOCTOR] Oh, rubbish liar. On your wrist. It's a Stormcage identifier. The most secure prison facility this side of the universe. Not in this time-zone, of course, but I guess that's where the Vortex Manipulator comes in.
[KRASKO] It's amazing what you can get if you're prepared to work and barter inside that prison.
[DOCTOR] Escape or release?
[KRASKO] I did my time. I'm rehabilitated.
[DOCTOR] What were you there for in the first place?
[KRASKO] If I tell you, it might colour your view of me. I was young. Nobody got hurt. Well, a few people got killed. A few hundred people. A thousand, tops. Two thousand.
[DOCTOR] And it was nasty enough that Stormcage placed a neural restrictor in your brain before releasing you back into the universe.
[KRASKO] How can you know that? Who are you?
[DOCTOR] Very good scanner, this. I thought I detected it the first time we met, and then it started to make sense, cos we were wondering, you've obviously got a problem with Rosa, why don't you just kill her? But the answer is, because you can't. Neural restrictor means you can't kill or injure any living thing. It stops you from doing it, no matter how much you want to try. So even if I do this... (grabs the Vortex manipulator from his wrist, drops it on the concrete floor and stomps on it) smash your Vortex Manipulator...
[DOCTOR] Yeah, there it is, kicking in, tied to your brain chemistry.
[DOCTOR] You can't harm me, as much as you want to. Better be nice to me, cos I'm your best chance of getting out of this time-zone now. Neutered criminal on release, and you come here. Why?
[KRASKO] I'm allowed a hobby.
[DOCTOR] And yours is Rosa Parks?
[KRASKO] This is where things started to go wrong.
[DOCTOR] And you think you can put them right?
[KRASKO] I had a lot of time to think in Stormcage, and I realised tiny actions change the world.
[DOCTOR] What's your name?
[KRASKO] Krasko.
[DOCTOR] Don't like it. Listen, Krasko, I'll give you one warning. Go somewhere else, find a beach, read a book, cos you're a criminal who's lost his kit, lost his weapons.
[KRASKO] You think that makes a difference? History changes when tiny things don't go to plan.
[DOCTOR] You mean tomorrow. Won't work, not while I'm here.
[KRASKO] Well, let's see.

---------------------------------------

(Parks' home)
[ROSA] This is Ryan Sinclair. He's from England. I'm thinking he might be a new recruit to our Youth Council. I said he could listen in and serve coffee. This is my husband, Parks. This is Mister Fred Gray. And this is Doctor King from Dexter Avenue Baptist Church.
[RYAN] What? Martin Luther King?
[KING] That's correct.
[RYAN] Oh, my days. Me Nan loves you.
[KING] Your Nan?
[RYAN] My gran. Grandma.
[PARKS] The elder ladies do love your sermons, Martin. You'll never be short for a grey-haired wife in Alabama.
[KING] She attend Dexter Avenue?
[RYAN] No, she died recently.
[KING] I'm sorry for your loss, son.
[RYAN] Thank you. Thank you, Martin Luther King. She'd be chuffed to know that you said that.
[ROSA] Ryan?
[RYAN] Excuse me, Doctor King. Yes, Rosa Parks? (sotto) Whoa.
[ROSA] You want to serve that coffee now?
[RYAN] (big grin) Yeah.

---------------------------------------

(Slim's bar)
[BLAKE] So, you say you're a bus driver too, back in England?
[GRAHAM] It's a privilege, isn't it, eh? Getting people where they want to go, being part of the community.
[BLAKE] Figuring you ain't got to deal with keeping coloureds apart from whites.
[GRAHAM] No. No, no, we don't do that. You approve of that, Jim?
[BLAKE] Just the way it is. No matter how much they complain, ain't going to change.
[GRAHAM] Back at it tomorrow, I suppose.
[BLAKE] Nope. Going fishing at Mill Creek.
[GRAHAM] You can't be. It's December 1st.
[BLAKE] What?
[GRAHAM] Well, it's a Thursday, isn't it? You know, like a workday.
[BLAKE] The rota got changed. Fella from the depot just came by, gave me the good news.

---------------------------------------

(Outside the Parks' home)
[ROSA] Get what you wanted from tonight?
[RYAN] I didn't know what I wanted. But, yeah. Meeting you guys, listening to you all talk, I can't believe. It'll get better, y'know. Not perfect, but... better.
[ROSA] I hope so.
[RYAN] It's worth the fight. Thank you, from me and my Nan.
[ROSA] I haven't done anything.
[RYAN] Goodnight, ma'am.

---------------------------------------

(Motel room)
[DOCTOR] Managed to get Krasko's weapon off him, at least.
[GRAHAM] James Blake is taking the day off.
[YASMIN] What? But he can't.
[GRAHAM] That's what I said. Strangely, he didn't listen. Your mate is interfering. He's reassigned Blake's route to a driver called Elias Griffin Junior.
[DOCTOR] Tiny actions, that's what Krasko's doing. See, he's clever, I'll give him that. He knows. He's not planning on killing, or destroying or breaking history. He's planning to nudge it just enough so that it doesn't happen. Enough of a stick in the spokes to throw everything off the rails, and now I am really mixing my transport metaphors. Well, he didn't reckon with us keeping it in place.
[YASMIN] And how do we do that, then?
[DOCTOR] Now we know what our task is. Keep history in order. No changing it, just guarding it against someone who wants to disrupt it. Tomorrow, we have to make sure Rosa Parks gets on the bus driven by James Blake. And that the bus is full, so Rosa sits when she's asked to stand for white passengers. Ryan, don't mess with that.
[RYAN] How does it even work?
[DOCTOR] Charges here, this setting dials the temporal destination. Pretty simple, pretty deadly. Now, can we concentrate?
[GRAHAM] How are we supposed to keep history in order if James Blake is going to go fishing at Mill Creek and another driver is lined up to do his route?
[RYAN + YASMIN] I've got an idea.
[DOCTOR] Same idea?
[YASMIN] Raffle winner.
[RYAN] Fishing takedown.

---------------------------------------

(Griffin front door)
[DOCTOR] Elias Griffin Junior?
[GRIFFIN] Yeah?
[DOCTOR] Congratulations. You are the lucky winner of our Raffle Of The Century.
[GRIFFIN] I don't remember entering no raffle.
[DOCTOR] You have won an all expenses paid trip to Las Vegas, front row tickets to see Frank Sinatra and a VIP pass to meet Frank himself.
[GRIFFIN] My wife loves Sinatra.
[DOCTOR] Amazing. Who would've guessed? Only one condition. You have to leave now.
[YASMIN] Right now.
[GRIFFIN] Oh, I can't. My work shift starts in a couple of hours.
[YASMIN] We've sorted that too. Your company's already assigned someone to cover you.
[DOCTOR] There's a taxi coming to pick you up in thirty minutes to take you to the airport.
[GRIFFIN] Thirty minutes?
[YASMIN] Unless you don't want to go.
[GRIFFIN] Oh, we'll be ready, we'll be ready.
[DOCTOR] Good job Elvis lent Frank that mobile phone, against everything I told him. We need to stick tight to Rosa.

---------------------------------------

(Mill Creek)
[GRAHAM] Oi, oi, Jim boy. How are you doing, cockle? We've been looking for you all along the creek.
[BLAKE] Why?
[GRAHAM] We thought he'd come and join you. You saying last night how beautiful and peaceful it was, yeah. This is my grandson, Ryan.
[BLAKE] What in the hell?
[RYAN] Yo, Jimmy Blake. What's up, blud?
[BLAKE] You can't be here.
[RYAN] Hey. How many have you caught? Can I pick them up? Ever seen a man juggle fish?
[BLAKE] Stay out of my things. You don't belong here. And he ain't your grandson.
[GRAHAM] I reckon we'll be here all day.
[RYAN] Yeah, might as well, seeing as that bus sit-in's kicking off. Gonna be big trouble.
[BLAKE] What'd you say, boy?
[GRAHAM] Oh, we heard that a group of black passengers were planning a sit-in across all the bus routes tonight.
[BLAKE] Not on my bus, they're not. Y'all get out of my seat.
[GRAHAM] Eh?
[BLAKE] Out of my seat!
[GRAHAM] All right, settle down.
[BLAKE] Have the damn creek.
[RYAN] He was easy.
[GRAHAM] (holding out his fist) Boom.
[RYAN] Don't do that.

---------------------------------------

(Sewing room)
[DOCTOR] Mrs Parks, enormous clothing emergency. Can you help me?
[ROSA] That is one nasty tear.
[YASMIN] Yes, it is. And there is nothing us Brits hate more than a clothing emergency.
[DOCTOR] Mrs Parks, I have to go out in that coat this evening, and if it's torn I'll get in such trouble.
[YASMIN] Can you take a look at it now? Double time Christmas bonus?
[ROSA] (checks her work book) Well, I don't have any collections until tomorrow afternoon. I guess I could fit you in. Now, if you come back just before we close...
[YASMIN] I'll wait while you work. Keep you company.
[ROSA] I don't need company.
[DOCTOR] No, but my coat does. It's very valuable. I don't usually let it out of my sight. Thank you. You're going to make a big difference.
[ROSA] Oh, I'd best set to work, then.
[DOCTOR] Don't let her out of your sight. I'm going to go meet Graham and Ryan. Remember, get Rosa out of here by 5

---------------------------------------

(Bus works)
[BLAKE] I came back from the creek for this? Four flat tyres and a smashed-in windshield? What the hell happened?
[KRASKO] (in overalls) Kids.
[BLAKE] Well, I can't drive that.
[KRASKO] No, you go on home. We'll cancel the route.
[BLAKE] (leaving) So much for that protest. This bus ain't going nowhere.
[GRAHAM] Do you hear that? Everything we do, Krasko's a step ahead. He must have deliberately smashed up that bus himself.
[RYAN] We've got to fix this. James Blake has got to drive Rosa's bus home tonight.
[GRAHAM] Right, well, he ain't giving up that easily.
[DOCTOR] Well, neither are we. Ryan, check every bus stop along Blake's route. Tell the waiting passengers that the bus is coming and they have to wait.
[RYAN] Okay.
[DOCTOR] Do not let any of the passengers walk.  The bus has to be full. It has to be crowded enough so that Rosa is expected to move.
[RYAN] Right, got it.
[GRAHAM] Good luck.
[DOCTOR] Now, Graham.
[GRAHAM] Mmm hmm.
[DOCTOR] Are you thinking what I'm thinking?

---------------------------------------

(Bus depot)
[GRAHAM] Nicking and hot-wiring a bus from right outside the depot? Hope our friendly cop don't hear about this.
[BLAKE] What in the hell?
[DOCTOR] This is your replacement bus service.
[GRAHAM] Jim boy.
[BLAKE] You again?
[GRAHAM] I know, I literally get everywhere now. Come on, hop in and do your job.
[DOCTOR] You're already eighteen minutes behind schedule.
[BLAKE] How do you know that? What's going on? What happened to that damned sit-in? Nobody else knew anything about it.
[DOCTOR] Love to explain all that to you, but you know us Brits, very imperious, not prone on explaining ourselves to anyone. So, no time to chat, just get driving. A lot of people need to get on this bus tonight.
[DOCTOR] Driver James Blake behind the wheel. Check.

---------------------------------------

(Street)
[RYAN] Bus services are suspended. No, no, no, no, no, Krasko.

---------------------------------------

(Sewing room)
[YASMIN] Have you always wanted to be a seamstress?
[ROSA] I dreamed of being a teacher, but my grandmother got sick, then my mother, so that was the end of school.
[YASMIN] I'm sorry about that.
[ROSA] Oh, I got myself educated. Just took longer than I thought.
[YASMIN] But you kept going.
[ROSA] Always. An education makes you unstoppable.
[YASMIN] Everything here's a fight for you. Don't you get tired? What keeps you going?
[ROSA] Promise of tomorrow. When today isn't working, tomorrow is what you have. You married? Got a job back home?
[YASMIN] Not married, and I'm a police officer.
[ROSA] You're police?
[YASMIN] Yeah. Just starting. Not where I want to be.
[ROSA] Hmm. Where is it you want to be?
[YASMIN] In charge.
[ROSA] (laughs) Amen to that.
[YASMIN] Shouldn't you be finishing up?
[ROSA] If a job is worth doing, it is worth doing well.
[YASMIN] But don't you have a bus to get?
[ROSA] I can always walk.

---------------------------------------

(Bus)
[GRAHAM] Hey, Doc, I don't want to be alarmist, but this bus seems a bit emptier than last night.
[DOCTOR] No, that's bad. We need the bus to be full. Come on, Ryan.

---------------------------------------

(Street)
[RYAN] Excuse me. Excuse me, old people. The buses are still running.
[ARTHUR] We're going to walk.
[RYAN] The buses are coming, I promise. Please, just wait for the bus.
[ARTHUR] You don't tell me what to do, boy.
[RYAN] Oh, man, this place. Passengers down, white passengers down, not good.

---------------------------------------

(Sewing room)
[ROSA] I think that should just about...
[YASMIN] Love it. Let's go. I'll walk you out. Pay you on the way.
[ROSA] Oh.

---------------------------------------

(Street)
[RYAN] Ah, I might have known. Pretty boy blocking the road. Right, then. This is on me. Mate, move your car so the bus gets though. Come on, out of the way.
[KRASKO] No. You get out my way.
[RYAN] Just give it up, will you? Cut your losses. You're not going to win tonight.
[KRASKO] I already have. I know what should happen. And even if it gets past here, that bus is at least three passengers short of what it should be by now. Parks won't be asked to stand, she won't protest, and your kind won't get above themselves.
[RYAN] My kind?
[KRASKO] Yeah, your kind. Stay in your place.
[RYAN] Mate, you're living in the past. In fact, you like the past that much, so why don't you stay there?
[RYAN] Oh! Oh, it worked. Nice one, Ryan. Thanks, Ryan. Move the car, clear the route, find the bus, and Rosa Parks will change the world. Good, here we go.

---------------------------------------

(Bus)
[DOCTOR] Yaz, you're here. How's it going?
[YASMIN] Mrs Parks fixed your coat.
[DOCTOR] Oh, thank you, Mrs Parks. Beautiful work. Much appreciated.
[ROSA] You're welcome, ma'am.
[RYAN [OC]] Don't shut the door, don't drive off. One more coming on.
[RYAN] Found you. I just got rid of Krasko.
[DOCTOR] How?
[RYAN] I borrowed this. I think I dialled the settings as far back as it can go. He's gone.
[BLAKE] Use the door for coloureds. Law's the law.
[DOCTOR] Let's move back.
[GRAHAM] Hey, Doc. Rosa's on board, Blake's driving. We're good, right?
[YASMIN] What's the matter? What are you doing?
[DOCTOR] Counting seats.
[YASMIN] Has it worked? Have we done enough?
[DOCTOR] I don't know.
[GRAHAM] We get off at the next stop, right?
[YASMIN] Empire Theatre, yeah.
[GRAHAM] Right, come on, then. We can go, job done, history's safe.
[GRAHAM] Well, come on, then.
[YASMIN] Doctor?
[DOCTOR] Don't get off, Graham. If we get off, there's enough empty seats for white passengers. Rosa won't be asked to move. We have to stay on.
[YASMIN] But we're here. We're part of the story. Part of history.
[GRAHAM] No, no, no, I don't want to be part of this.
[DOCTOR] We have to. I'm sorry. We have to not help her.
[BLAKE] I'm going to need those seats back there. Y'all better make it light on yourselves and let me have those seats.
[BLAKE] Stand up now.
[ROSA] I don't think I should have to.
[BLAKE] (shouting) Are you going to stand up?
[ROSA] No.
[BLAKE] If you don't stand, I'm going to have you arrested.
[ROSA] You may do that.
[ANDRA] You're broken down and tired Of living life on a merry-go-round

---------------------------------------

(Tardis)
[DOCTOR] On Monday, the boycotts begin. Across Montgomery, people refuse to use the buses as a response to Rosa's arrest. And in just over a year, on 21st December 1956, segregation on buses in Montgomery was ended.
[RYAN] So it all worked out for her.
[DOCTOR] No, life's still hard for Rosa. She loses her job, so does her husband. It's a struggle, but they keep fighting. And in June 1999, Rosa receives the Congressional Medal  from President Clinton, the highest award given to any civilian, recognising her asa living icon for freedom.
[RYAN] It took so long, though. Her whole life.
[DOCTOR] Yes, it did. But she changed the world. In fact, she changed the universe. Look at this.
[DOCTOR] Asteroid 284996. Also known as Rosaparks.
[ANDRA [closing titles]] And we'll rise up, High like the waves. We'll rise up, In spite of the ache. We'll rise up And we'll do it a thousand times againFor you. For you. For you. For you.
",2018-10-21,Doctor Who - Rosa
"Doctor Who (28 Sep 2018; Thirteenth Doctor) - Arachnids in the UK

(Ballroom)
[ROBERTSON] (American, reading a file on a pad.) Are you kidding me?
[KEVIN] Sir, we need to be moving out. The plane is on standby.
[ROBERTSON] I say when the plane leaves, Kevin. What do you need, money?
[FRANKIE] It's not the money, sir. It's the logistics. And the scale. It's too big, too complex. And of course, the confidentiality. It's potentially very exposing for all of us, but especially for you.
[ROBERTSON] Frankie, we're family, right? I mean, you're my... What are you again?
[FRANKIE] I'm your niece's wife, sir.
[ROBERTSON] Exactly. But you get things done. Now this could destroy me for 2020, so make it disappear.
[FRANKIE] I'm not sure I can.
[ROBERTSON] What?
[NAJIA] Hi! Thought I was the only one in. I just came in to check everything was all right before we opened.
[ROBERTSON] Who the hell is this?
[NAJIA] I'm Najia. I didn't realise that you were in here. Or here at all. Wow.
[ROBERTSON] I thought I told you to stay on the door, Kevin.
[KEVIN] I came through the door to tell you we had to leave, sir.
[ROBERTSON] Unbelievable. What do you, work for me or something?
[NAJIA] Yes. I'll be the General Manager. I thought, while we're finalising, I'd come in and familiarise myself, so I can hit the ground running when we officially open.
[ROBERTSON] You're fired.
[NAJIA] Pardon?
[ROBERTSON] You're fired. Get out.
[NAJIA] I'm so sorry.
[ROBERTSON] (to Frankie) You have one hour to tell me how you're going to make this all go away. Okay? Kevin. I say when we go.

---------------------------------------

(Tardis)
[DOCTOR] Nearly there!
[GRAHAM] Are you sure you've got this under control?
[DOCTOR] Totally. New systems. Just running them in.

---------------------------------------

(Park Hill)
[YASMIN] We're home. We're actually home!
[DOCTOR] Yes. Result. See? I told you I'd do it.
[RYAN] We're at Park Hill.
[YASMIN] That's my flat, there.
[RYAN] Wait, you live at Park Hill? We're just up there.
[YASMIN] And I've got mobile signal again. But no messages.
[DOCTOR] But to be fair, it's only half an hour since you left.
[GRAHAM] What, half an hour since we were with you were in that warehouse?
[DOCTOR] Yeah.
[GRAHAM] Wow.
[DOCTOR] So... I suppose this is it.
[RYAN] Yeah, I suppose it is.
[DOCTOR] Got you back. Guess we're done. Nice having you aboard.
[GRAHAM] Thanks, Doc. It's been a blast, truly.
[DOCTOR] Pleasure.
[YASMIN] What're you going to do now?
[DOCTOR] Oh, you know. Back in the box. There's loads to see.
[YASMIN] By yourself?
[DOCTOR] Yeah, I suppose.
[YASMIN] Do you want to come for tea at mine?
[DOCTOR] Definitely! Yes, I would. Thanks. I love tea. Tea at Yaz's? Amazing. Are you coming? Are we all going for tea at Yaz's?
[RYAN] She didn't invite us.
[YASMIN] Don't be daft, course you're invited.
[RYAN] All right, then.
[YASMIN] Graham?
[GRAHAM] I think I'll nip home first, Yaz. Maybe join you later, if that's all right?
[RYAN] Shall I come with you?
[GRAHAM] I'd rather do it alone. Don't go without saying goodbye.
[DOCTOR] Tea at Yaz's. I've never been for tea at Yaz's.

---------------------------------------

(Deck outside flats)
[RYAN] Can't believe you live here.
[JADE] Anna!
[RYAN] I can see this block from my window. Almost neighbours, all this time.
[YASMIN] I know. It's cool.
[RYAN] Yeah.
[DOCTOR] Everything all right?
[JADE] (on phone) Fine, thanks. Anna, it's Jade McIntyre, I'm outside your front door. Are you in?

---------------------------------------

(Khan's flat)
[YASMIN] I'm home! Got a couple of mates with me. They're probably all out.
[HAKIM] You've brought friends back. Sonya? Yaz has brought friends back. I'm getting food.
[SONYA] What, you actually have friends? She paying you?
[DOCTOR] Look at your views. Never had a flat. I should get one, I'd be good in a flat. I could get a sofa. Imagine me with a sofa, like my own sofa,I could get a purple one and sit on it. Am I being weird?
[RYAN] A little bit, yeah.
[DOCTOR] (sotto) I'm trying to do small talk. I thought I was doing quite well.
[YASMIN] (sotto) Needs work.
[DOCTOR] Maybe I'm nervous. Or just socially awkward. I'm still figuring myself out. You really like junk. Are you collecting it, like stamps?
[HAKIM] Let me tell you about this mess.
[SONYA] Don't get him started.
[YASMIN] Dad, we keep telling you. Stop picking it up. Mum's going to go crazy when she sees you've brought it home again. It stinks.
[HAKIM] I can't just leave it there.
[SONYA] Why do we have to have it?
[HAKIM] Well, I thought maybe that as your sister is a policewoman...
[YASMIN] Police officer.
[HAKIM] And she said she'd do something about it.
[YASMIN] I did, and they're looking into it.
[HAKIM] Well, not fast enough. It's a disgrace.
[YASMIN] Don't keep it in the kitchen. Put it down the chute.
[HAKIM] It's evidence> And you know what it's evidence of?
[YASMIN + SONYA] A conspiracy.
[HAKIM] Exactly. A total conspiracy and getting worse.
[DOCTOR] I love a conspiracy.
[SONYA] So, are you and Yaz...?
[RYAN] Mates. We were at primary school together.
[SONYA] Just mates, then?
[RYAN] Yeah.
[SONYA] That's good.
[YASMIN] Hi, Mum.
[NAJIA [hotel reception]] Hey. Can you pick me up from work?
[YASMIN] What, now? I'm just in the middle of...
[NAJIA [hotel reception]] Yes, now. It's urgent. I'll text you the address. Don't let on to your dad. I'll tell you everything when I see you.
[YASMIN] Fine.
[NAJIA [hotel reception]] Thanks, sweetheart.
[HAKIM] Is she all right?
[YASMIN] Yeah. She forgot something. Asked if I'd drop it at work for her. She's got a new job, posh hotel opening. Do you mind if I nip out quickly?
[DOCTOR] Need any company?
[YASMIN] Nah, I'll be fine.
[HAKIM] We'll look after your friends. I'm going to make pakora.
[YASMIN] Dad, don't. He's terrible at pakora.
[HAKIM] We never meet your friends. She never brings anyone around.
[SONYA] Married to the job.
[YASMIN] At least I've got a job to be married to. Bye.
[SONYA] Hope you don't crash.
[HAKIM] Girls, now...
[DOCTOR] Sisters. I used to have sisters. I used to be a sister, in an aqua-hospital. Actually, turned out to be a training camp for the Quiston Calcium Assassins.
[RYAN] Going off on one again.
[DOCTOR] Ooo, you've got a parcel to pick up. Left with a neighbour.
[HAKIM] Yeah, I've been trying to get that for days. Couple of doors down. No reply.
[DOCTOR] Do you want me to go get it while you make your terrible pakora?

---------------------------------------

(Graham's home)
[GRACE] You'll have to learn how to change the hoover bag now. And work out where I kept the spares. Rubbish collection is every Friday. Recycling every other week.
[GRAHAM] I know. I know. I've got so much to tell you.

---------------------------------------

(Deck outside flats)
[DOCTOR] No word from Graham?
[RYAN] You think I should've gone with him?
[DOCTOR] You know him better than me.
[RYAN] Not much.
[DOCTOR] Still no answer? We've got a package to pick up for number 34. Think she took it in. You a friend?
[JADE] We work together at the uni. She hasn't been in for a few days. Didn't call in sick, isn't answering her messages. Thought I'd drop by, see if she's okay. I'm Jade.
[RYAN] I'm Ryan. That's the Doctor.
[DOCTOR] (through letterbox) Hello, Anna? It's next door but one. Have you got a parcel for us? (stands up) I mean, I could open the door.
[JADE] What, like, break it in?
[DOCTOR] No, just sort the lock. If you thought it was appropriate. If you're worried about her.
[JADE] I am.

---------------------------------------

(Anna's flat)
[DOCTOR] Anna? How long did you say it'd been since you'd seen her?
[RYAN] Power's out.
[JADE] A few days.
[RYAN] Lot of cobwebs for a few days.
[DOCTOR] Yeah, that's what I was thinking. Oh.
[RYAN] Whoa. This is proper weird now.
[DOCTOR] Yep.

---------------------------------------

(Graham's home)
[GRACE] Graham O'Brien, what you doing, sniffing coats? How's that going to help, eh?

---------------------------------------

(Anna's flat)
[DOCTOR] Did Anna ever mention she had a problem with spiders?
[DOCTOR] Let's take a look downstairs.

---------------------------------------

(Graham's home)
[GRAHAM] What is that?

---------------------------------------

(Anna's flat)
[DOCTOR] Anna?
[RYAN] Is she in here?
[DOCTOR] You okay?
[DOCTOR] Anna?
[RYAN] Oh, my days!
[JADE] My God, Anna.
[DOCTOR] I'm sorry.
[RYAN] Spiders don't do that. Do they?
[DOCTOR] Wrong question, Ryan. You should be asking where's the spider that did this?
[RYAN] You think it's still in here?
[DOCTOR] Maybe. Three, two...
[RYAN] Look at the size of it!
[DOCTOR] No sudden moves.
[JADE] It's domestic but it's way too big. It's not harmful.
[RYAN] It suffocated your mate.
[DOCTOR] Let's put a door between us. When I say now, quick as you can. Go, go, go... Go!
[DOCTOR] Ryan, keep it in there. Back in a sec.
[RYAN] We're out, it's contained. Only a spider. Big spider, but only a spider. Not mad keen on spiders.
[JADE] Er...
[RYAN] What?
[RYAN] Doctor, it's coming through!
[JADE] Can't keep it in the bedroom. Rubbish chute. Maybe that's how it got in. Could we drive it out through there?
[DOCTOR] And set it loose across the city? No, we need to keep it isolated here. Ryan, get up here!
[RYAN] Oi, you just covered me in vinegar.
[DOCTOR] Spiders' feet are their noses and they hate the smell of garlic. And the acetic acid in the vinegar means it won't come any further.
[RYAN] Where is it?
[DOCTOR] Hi. We don't mean you any harm. You're not supposed to be this big and you're definitely not supposed to attack humans. You stay here, until I figure this out. Deal? Let's go.

---------------------------------------

(Deck outside flats)
[RYAN] Oh, I did not like that.
[DOCTOR] Jade McIntyre, who are you exactly? I saw you check those cobwebs and you weren't surprised.
[GRAHAM] (running) Hey! You'll never guess what I just found in the loft room.
[RYAN] It better not be a massive spider.
[GRAHAM] Yeah. Like a big spider had just shed its skin.
[DOCTOR] A woman has died, and I think you know more than you're telling.
[JADE] This isn't the first incident. Something's happening with the spiders in the city. They're out of control.

---------------------------------------

(Khan's flat)
[HAKIM] Long time to get a parcel.
[SONYA] She always has the weirdest friends.

---------------------------------------

(Granville Street)
[JADE] The place where Anna worked with me, it's just over the way. I'm a research fellow in zoology, specialising in arachnids and arthropods. But spiders are our main focus, and we're seeing something very wrong in their behaviour right now.
[RYAN] How's the house?
[GRAHAM] Yeah, fine. Yeah. Good to be home, eh?
[RYAN] Yeah.
[GRAHAM] Look, I found this on the mat. It's your dad's handwriting, isn't it?
[RYAN] Looks like it. Yeah.
[GRAHAM] Well, you're not going to open it?
[RYAN] Nah.

---------------------------------------

(Tunnel)
[FRANKIE] This is my insurance policy. Everything I did was under strict instruction and non-disclosure agreements and against my better judgment. And I hope, one day, I can forgive myself for my part in it. What's that? Oh, my God!

---------------------------------------

(Car)
[YASMIN] Flippin' 'eck, Mum.

---------------------------------------

(Hotel reception)
[NAJIA] Quick, get in before anyone sees.
[YASMIN] Hi!
[NAJIA] Oh! What's the big hug for? I only saw you this morning.
[YASMIN] Yeah, well, it feels longer. This is well swanky.
[NAJIA] Don't get attached. We need to go.
[YASMIN] Can I not have a quick look round?
[NAJIA] No, Yaz. I've been sacked.
[YASMIN] What? Mum! But you've just started.
[NAJIA] I know.
[YASMIN] They can't do that. What happened? Who sacked you?
[ROBERTSON] I did.
[KEVIN] Hands in the air, both of you!
[ROBERTSON] As of right now, you're both trespassing upon my property.
[YASMIN] Put the gun down, please, sir.
[ROBERTSON] My hotel, my rules. You were fired, yet instead of leaving, you bring someone else in.
[NAJIA] She's my daughter and she's giving me a lift home.
[ROBERTSON] Oh. How very moving.
[YASMIN] Why'd you fire her?
[ROBERTSON] I don't answer to you. What are you, 15? You should be in school. Your mother isn't supposed to be here. I told the staff to take two days off.
[NAJIA] I came in to do extra preparation before we opened.
[ROBERTSON] Well, I really don't care. Because if I hadn't fired you then, I would've fired you ten minutes ago when I saw the rooms. Disgraceful.
[NAJIA] What rooms? I don't understand.
[ROBERTSON] I'm sure you don't understand. Would you like to see how good your mother really isn't?

---------------------------------------

(Laboratory)
[JADE] We reckon there could be around 21 quadrillion spiders on the planet in total.
[DOCTOR] So what sort of research are you doing in here?
[JADE] We're interested in utilising the genetic strengths of arachnids. Ordinary spider silk is as strong as steel or as tough as Kevlar.
[GRAHAM] That still don't make me like them.
[DOCTOR] Ooo, fun fact, if you weave dragline spider silk as thick as a pencil, it's strong enough to stop a plane in flight.
[GRAHAM] You're kidding.
[DOCTOR] I'm not. I've had to deal with it. Well, me and Amelia Earhart. You'd like her, she's a right laugh. So, what else are you doing in here?
[JADE] I've been working on an enzyme to increase the lifespan. Spiders can keep growing for as long as they live.
[RYAN] That spider in Anna's flat was way bigger than a normal household spider.
[JADE] Yeah.
[DOCTOR] Did Anna have access to your experiments?
[JADE] No, she was on the admin team. Everything we do here is secure. We discard all carcasses responsibly through a specialist company. Unless she was taking things without us knowing, but... she's not that kind of person. I should notify the police.
[DOCTOR] What is it you wanted to show us?
[JADE] Reports of unusual spider activity in Sheffield over the last three months, from the police, pest controllers, and to us here.
[JADE] Rare sightings, an increase in numbers, spiders you don't normally see at this time of year.
[DOCTOR] Something's wrong with the spider ecosystem in South Yorkshire.
[JADE] Exactly. But we don't know what. They have nothing in common. Different species, different quantities. Some are large massings, some have been a profusion of web-building. I can't work out if they're confused, or angry or scared.
[DOCTOR] Or trying to send a message.
[JADE] What are you doing?
[DOCTOR] Where's that?

---------------------------------------

(Hotel bedroom)
[ROBERTSON] Now if you're so great, explain this.
[NAJIA] I... I can't. That's not possible.
[ROBERTSON] You're fired. Again. (his watch beeps) Oh, it's time for my scheduled bathroom break. Kevin, we'll go next door. And when I'm done, Kevin will escort you off the grounds. Forever.
[YASMIN] Scheduled bathroom breaks.
[NAJIA] I checked this room yesterday. It wasn't like this.
[NAJIA] Did you hear that?
[YASMIN] Yeah.
[NAJIA] Hello? Yeah. It's for you. It's a doctor.
[YASMIN] Hi, Doctor. You're never going to believe it.

---------------------------------------

(Outside the hotel)
[DOCTOR] Are you at the hotel where your mum works?
[YASMIN [OC]] Yeah.
[DOCTOR] Can you let us in?

---------------------------------------

(Hotel bathroom)
[ROBERTSON] Frankie, where are you? Don't keep me waiting.
[ROBERTSON] Kevin! Kevin!
[KEVIN] Oh, my God.
[KEVIN [OC]] Get it off me!

---------------------------------------

(Hotel reception)
[DOCTOR] (hugs Najia) Hi, Yaz's mum.
[NAJIA] Najia. Yaz, they can't be here.
[DOCTOR] Najia, you made a very awesome human. Tell me what's going on.
[RYAN] Was that gunshots?
[DOCTOR] Come on.

---------------------------------------

(Bedroom)
[ROBERTSON] Kevin?
[ROBERTSON] Is it dead? Kevin?
[ROBERTSON] (silent) Holy...
[ROBERTSON] Oh, my God. It got Kevin. I have no more Kevin. I'm compromised. No, no, my cell!
[KEVIN [OC]] Help me! Help me!

---------------------------------------

(Corridor)
[GRAHAM] You are joking.
[RYAN] No way.
[JADE] Oh, no.
[DOCTOR] Crisis investigators. You just ran really quickly out of a room looking really scared. Tell me exactly what's going on, omitting no detail, no matter how strange.
[ROBERTSON] A giant spider just smashed through my bathtub and took out my bodyguard, Kevin.
[DOCTOR] Right. Very succinct summary. Well done. You just wait here with my... people. A spider smashed through a bath. Right.
[RYAN] Hey.
[ROBERTSON] Hey.
[GRAHAM] You're that bloke.
[ROBERTSON] Yeah.

---------------------------------------

(Bathroom)
[YASMIN] The room next door is covered in cobwebs, top to bottom.
[DOCTOR] Just like your neighbour's house.
[YASMIN] What?
[DOCTOR] Big spider problem in this city right now, Yaz. Glad to be home?
[DOCTOR] Hi.
[DOCTOR] Looking for a Kevin.
[YASMIN] Did you see it?
[DOCTOR] Really close.

---------------------------------------

(Corridor)
[ROBERTSON] Did you see it? Did you find him? Where's Kevin?
[DOCTOR] We need to move out of this area, quick. It's too dark, too deserted. Spiders love that. We need to go somewhere bright and busy.
[ROBERTSON] No, no, no, no, no. We need to get as far away from that thing as possible.
[RYAN] I'm with him.
[NAJIA] I know the way out.
[DOCTOR] Everyone, follow Yaz's mum.
[NAJIA] It's Najia.
[ROBERTSON] Wait! Who are you people?
[GRAHAM] Word of advice, mate. Run now, ask questions later.

---------------------------------------

(Hotel reception)
[RYAN] Oh, that's bad.
[YASMIN] We just came in that way. How have they done so many webs so fast?
[GRAHAM] Never mind that, let's just get through them.
[ROBERTSON] No, this can't be happening. This is a protest. One of those eco-protests, huh? This isn't spiders. Spiders can't do that.
[DOCTOR] These spiders can. Those aren't normal cobwebs. They know we're here and they're trying to seal us in.
[JADE] They're trying to make the whole hotel their web.
[DOCTOR] And we're the flies. We're not leaving. We have to find out why they're here and stop them getting any further. We need to find a safe haven. Yaz's mum?
[NAJIA] Kitchen?
[DOCTOR] Lead on.

---------------------------------------

(Kitchen)
[DOCTOR] Ah, good. This'll do. Okay, thinking. Need to be quick, spiders are moving fast. Why is this hotel the epicentre of spider activity?
[ROBERTSON] Wait! Nobody talk until you tell me what you're all doing here. Spiders. Plural?
[DOCTOR] Very plural. Sorry, I don't know who you are.
[ROBERTSON] Oh, really? Cos you must be the only person on the planet that doesn't.
[DOCTOR] Are you Ed Sheeran? Is he Ed Sheeran? Everyone talks about Ed Sheeran round about now, don't they?
[ROBERTSON] I am not Ed Sheeran. I am Jack Robertson and this is my hotel. Just one hotel in an incredibly successful chain of hotels, which is just one small part of my business portfolio, as featured in Fortune Global 500. Does that ring a bell?
[DOCTOR] Should I look impressed right now? Is that impressive?
[GRAHAM] He's running for President in 2020.
[DOCTOR] Ed Sheeran?
[GRAHAM] No! Him. Robertson. Aren't you?
[ROBERTSON] I haven't declared my intentions yet. But, look, we're talking about spiders!
[GRAHAM] See? Typical politician. Avoiding the question.
[ROBERTSON] I am not a politician. I'm a businessman and I know how to run things.
[JADE] I've heard you're only running cos you've hated Trump for decades.
[ROBERTSON] Please don't mention that name. Look, I was just attacked by a spider the size of a bathtub, and it's all her fault.
[NAJIA] I told you. I know nothing about this.
[YASMIN] Mum, don't even talk to him. He fired you.
[DOCTOR] What? He didn't. You didn't. You can't be President if you fire Yaz's mum.
[NAJIA] Najia.
[ROBERTSON] I hate spiders. Phobia hate.
[RYAN] Oh, man, me too. And there's loads knocking about right now.
[ROBERTSON] I will not have them in my hotel.
[GRAHAM] I mean, you're running for President, it could be espionage, you know, targeted directly
[RYAN] At you by Russians.
[ROBERTSON] That's possible. There are a lot of people that would like to see me dead.
[NAJIA] Funny, that.
[ROBERTSON] See?
[JADE] They don't need giant spiders. They'd just pop a tiny poisonous one on your pillow.
[ROBERTSON] You've really got to stop saying stuff like that.
[YASMIN] So, what do we do?
[ROBERTSON] Why are you asking her?
[RYAN] Cos she's in charge, bro.
[ROBERTSON] Says who?
[GRAHAM + YAZ + RYAN] Says us!
[NAJIA] How do you all know each other?
[YASMIN] Mum, can you shut up a second?
[DOCTOR] Right, we need two things. Plans of the hotel and a captive spider.
[ROBERTSON] I'm not getting near the spider.

---------------------------------------

(Corridor)
[GRAHAM] I really don't like this. I don't want to do this. I can't stand it. Come on, Graham. Deep breaths, son.
[GRAHAM] Sorry, mate, don't mind me.
[GRAHAM] No, no, go on. You carry on. Stay away. Go on, stay away. Nothing to see here. I'm warning you. Go on, get away.
[RYAN] Got you! (laughs)
[GRAHAM] You took your time. One, two, three, lift.
[RYAN] Graham!
[GRAHAM] What?
[RYAN] Behind you!
[GRAHAM] Right, leg it! Faster! Come on!

---------------------------------------

(Office)
[DOCTOR] Now, hotel plans. Let's see.
[ROBERTSON] That can't be accurate. It doesn't even have my panic room marked on it.
[DOCTOR] Any issues with spiders before today, Najia, here or at home?
[NAJIA] My home?
[DOCTOR] One of your neighbours had a spider problem. The link between both places is you.
[ROBERTSON] I knew it. And I'm going to litigate you until your last breath, Nadia.
[NAJIA] It's Najia. And I've done nothing.
[DOCTOR] Are you sure?
[NAJIA] Sorry, but who are you? How'd you know my daughter? Why have I never met you before?
[YASMIN] Oh, not now.
[NAJIA] Yes, now. It's not a difficult question.
[DOCTOR] It is a bit of a long answer.
[NAJIA] Well, I've got time.
[DOCTOR] But I haven't. Not right now.
[NAJIA] Are you two seeing each other?
[DOCTOR] I don't think so. Are we?
[YASMIN] We're friends.
[DOCTOR] Hmm.
[YASMIN] I owe the Doctor my life, quite a few times over.
[NAJIA] What's that even supposed to mean?
[YASMIN] Please can we not have this conversation now? And not in front of him.
[ROBERTSON] Oh, I'm enjoying this.
[DOCTOR] How long did it take you to build this hotel?
[ROBERTSON] Five years. We have fifteen of these hotels throughout the world now. Repurposing former industrial sites into luxury leisure venues.
[DOCTOR] Repurposing? What was the site before?
[ROBERTSON] I don't have... clarity on that.
[NAJIA] I do. Coal mines. This was mining land.

---------------------------------------

(Kitchen)
[JADE] That's not good.
[GRAHAM] You're telling me. I can't stand them.
[JADE] No, I've see these before. Was that the largest one out there?
[GRAHAM] Well, we're not going to go and double check, are we? Are we?
[JADE] I'm afraid I'm going to need you to do exactly that, while I find the others.

---------------------------------------

(Service corridor)
[NAJIA] We've just passed the entrance to the back of the spa. We should be here now.
[ROBERTSON] You're not going down there. It's too dangerous.
[DOCTOR] I eat danger for breakfast. I don't, I prefer cereal. Or croissants. Or those little fried Portuguese... Never mind, it's not important.
[ROBERTSON] Ha! See? Look at this. Keep out. Danger of death. You are not authorised to go in here.
[DOCTOR] Dude, I've all the authorisation I ever need. (fries the keypad with the Sheffield sonic) I call people dude now.
[JADE] Doctor, I need to speak to you.
[DOCTOR] We need to do it as we walk. There's something behind this door people want to keep locked away.
[ROBERTSON] Oh, sure, it's a party. Everybody can come.
[JADE] Thanks. Doctor, I've seen these spiders before.
[ROBERTSON] But you.
[NAJIA] You're not the boss of me any more.

---------------------------------------

(Tunnel)
[DOCTOR] Nice work, Yaz.
[ROBERTSON] No, not nice work. None of you are allowed down here.
[DOCTOR] Are all your hotels built on repurposed sites?
[ROBERTSON] Well, that's the business. I mean, every city in the world, big or small, has an area that they want repurposed. Maybe it's not too pretty, maybe it's never been used, maybe it's an industry that's died. We go in and we help them figure it out. We get a good deal, but we give them world-class facilities. It's a win for everybody.
[DOCTOR] A network of mining tunnels could explain how the bigger spiders are moving. The question is, does that make your hotel their target or their base?
[NAJIA] What is that smell?
[YASMIN] What are they?
[NAJIA] Oh, my God!
[DOCTOR] You guys, stay back. Keep an eye out for me.
[ROBERTSON] Oh, my God.
[DOCTOR] Do you know who this is?
[ROBERTSON] Her name is Frankie. Look what they did to her.
[YASMIN] Why are they in cocoons?
[DOCTOR] I think they're being stored as food.
[JADE] Spiders don't eat people.
[DOCTOR] I said they're being stored. They haven't eaten them. They're outsized and confused. All their behavioural patterns have been disrupted. How did they get like this?
[JADE] It doesn't make any sense. This is not what spiders do.
[DOCTOR] I presume this is Kevin.
[ROBERTSON] Yeah.
[YASMIN] Doctor?
[ROBERTSON] You don't need to go any deeper!
[DOCTOR] What is it?
[YASMIN] Look.
[YASMIN] Have you seen what's down here?
[JADE] It's landfill.
[NAJIA] Is that what the smell is? It goes on for miles.
[DOCTOR] And down.
[NAJIA] Your hotel's built on landfill?
[ROBERTSON] I have a lot of companies, okay? JLR does corporate waste disposal. They're very efficient, very highly rated internationally.
[DOCTOR] You fill up disused mines with landfill waste and build a luxury hotel on top?
[ROBERTSON] Smart business planning. Perfect vertical integration.
[NAJIA] All your hotels are built this way?
[DOCTOR] Not quite perfect, I'm afraid. Not quite efficient. A blocked-in site pumping out methane and sulphides and trichloroethylene, never mind the specialist material that haven't been properly preserved. A soup of toxic waste, incredibly badly managed. I mean, there's no outlet for it. It's just building and marinading and becoming more and more toxic. It's a botched job.
[ROBERTSON] I didn't know.
[NAJIA] Yes, you did. That's what she was telling you when I saw you. That woman, Frankie.
[ROBERTSON] Oh...
[NAJIA] She was telling you this site was unsafe.
[ROBERTSON] Okay, all right, you're right. That's why I came here. Apparently JLR was a little overzealous in cutting corners and worried about keeping the bottom line instead of doing the right thing. But I just sign the contracts, okay? I expect other people to do their jobs. This is not on me.
[DOCTOR] Don't you even care?
[ROBERTSON] Look, I'm going to pay you all off. You'll never have to work again.
[NAJIA] I like working. Do you know the worst thing? Bits of this is leaking out above here. It's in my kitchen. My husband's right. It's a conspiracy. Do you have any idea how annoying it is when my husband's right?
[ROBERTSON] Look, I've never even been down here. It doesn't even add up.
[JADE] It does for me. JLR Disposal. JLR takes the waste from our lab. Our aborted experiments and our spider carcasses.
[DOCTOR] And they're all in there. Your spider carcasses in his toxic waste.
[ROBERTSON] Not my fault. I didn't know anything about spider carcasses.
[JADE] Course you didn't. You don't know anything. You just avoid taking any responsibility. I'm running through our work, stuff we shut down. Spiders bio-engineered for stronger cobwebs, prolonged life.
[DOCTOR] Because spiders can keep growing as long as they live.
[JADE] What if our waste included something that we thought was dead, but was still just alive?
[DOCTOR] And with enough food in all that waste to survive, and enough toxicity to mutate and to keep on growing.

---------------------------------------

(Ballroom)
[GRAHAM] I don't know what she expects us to bring back.
[RYAN] Graham.
[GRAHAM] Mmm hmm?
[RYAN] I read the letter.
[GRAHAM] Oh.
[RYAN] From me dad. He said he's sorry for not being there for me, for us, for Nan.
[GRAHAM] Yeah.
[RYAN] He wants us to reconnect. Says that I can live with him now, being that he's my proper family.
[GRAHAM] Well, right.
[RYAN] I don't like that he put that. Proper family. He's not proper.
[GRAHAM] Ryan.
[RYAN] What?
[GRAHAM] Did you check the ceiling?
[RYAN] No.
[GRAHAM] Neither did I.

---------------------------------------

(Kitchen)
[YASMIN] We've found out what's going on...
[RYAN] Massive spider in the ballroom!
[DOCTOR] How massive?
[GRAHAM] The size of a large van.
[DOCTOR] Wow, that is massive.
[JADE] It must be the mother and the rest are the babies. Some stayed here, some went out into the city, their pheromones disrupting the spider eco-system, causing other spiders to behave abnormally.
[DOCTOR] Of course. Najia, you were never the link. Your colleague, Anna. What if she had the same pheromones on her, accidentally calling out to a spider that had gone out hunting from this hotel? All these spiders answering the same call, because in the end, every living thing has the same instinct. To come back home.
[ROBERTSON] That's very touching. But there's a plague in my hotel and it needs to be fixed.
[DOCTOR] Show me your panic room.

---------------------------------------

(Panic room)
[GRAHAM] It looks like a bank vault.
[ROBERTSON] My lockdown palace. I have one in every hotel, just in case it's needed. Not finished yet, but still.
[RYAN] What's in the boxes?
[ROBERTSON] Food, water, entertainment system, a book. I could survive in here for six months if I needed to. And I've got a huge stash of weapons, enough for all of us. Enough for two guns apiece.
[RYAN] Oh, mate, she's not going to like that.
[DOCTOR] No, I'm not. You are not shooting those creatures.
[RYAN] Told you.
[ROBERTSON] They're mutants.
[JADE] Caused by you.
[ROBERTSON] Your carcasses, lady, not mine.
[DOCTOR] Whatever happened, there are living, breathing organisms out there and we treat them with dignity. So here's what we're going to do.
[ROBERTSON] Shoot them!
[DOCTOR] We're not going to shoot them!
[ROBERTSON] What's wrong with you people? What is wrong with this country? Why don't you do what normal people do? Get a gun, shoot things, like a civilised person.
[DOCTOR] Because I've got a much better idea. Spiders are roaming this hotel searching for food. We're going to lure them in here with the promise of food, then deal with the spider mother in the ballroom. Oh, that sounds like the best novel Edith Wharton never wrote.
[NAJIA] Once they're in here, what happens?
[JADE] We shut them in and isolate them.
[ROBERTSON] You're going to let spiders use my panic room?
[JADE] They deserve a humane, natural death.
[ROBERTSON] Shooting's quicker.
[GRAHAM] So how are you going to lure them?
[DOCTOR] Spiders gravitate to their food through vibration. Any ideas?
[RYAN] Easy. Raze. Am I right?
[YASMIN] I don't know what you're saying.
[RYAN] Yaz, you're so uncool right now.
[RYAN] Sheffield's sickest grime station!

---------------------------------------

(Hotel)
[MUSIC] I'm a boss man like Birdie I'm a badman like Shirley Big man like me with a beard Look, how am I scared? God's wrath is the only power man fear
[NAJIA] Go on, you disgusting things.
[GRAHAM] Can you believe they're actually moving towards that music, eh?
[MUSIC] Where do you know me from? Out here like the Roll Deep song Man, I'm tryna put my Co-Ds on I do not know this don Where do you know me from? Where do you know me from? Where do you know me from? Where do you know me from?
[RYAN] Yeah, baby.
[ROBERTSON] nan

---------------------------------------

(Swimming pool)
[DOCTOR] You three, into the spa. Get every bottle of essential oils that you can.
[NAJIA] What are we going to do, spa it into submission?
[DOCTOR] Pretty much. Meet you outside the ballroom.

---------------------------------------

(Spa)
[NAJIA] So, are you two...?
[YASMIN + RYAN] No.
[NAJIA] Oh.
[MUSIC] Know me from? Where do you know me from? Where do you know me from? Where do you know me from? Where do you know me from? Where do you know me? I'm gonna allow it, I'm gonna allow it.

---------------------------------------

(Ballroom)
[DOCTOR] Ooo! Very big spider.
[RYAN] What have we got?
[DOCTOR] Peppermint and tea tree oil diluted with water. Spider repellent. I'm hoping this'll help us herd it out.
[GRAHAM] You want us to herd out a giant spider? They're attacking people.
[JADE] Stop a second. Can you see that?
[DOCTOR] It's grown too big.
[JADE] She's suffocating. She's got too big to breathe efficiently. Even moving around in here, it's using up what little oxygen she can absorb. She won't survive for long. She's more scared of us than we are of her.
[DOCTOR] I'm so sorry this has happened to you.
[GRAHAM] So what do we do, just leave her?
[DOCTOR] No. Absolutely not.
[ROBERTSON] My hotel, my rules. I am the future President of the United States. How's this for fire and fury?
[DOCTOR] No, don't!
[DOCTOR] Put the gun down. She wasn't a real threat. She was dying anyway.
[ROBERTSON] Ah, well, then it's a mercy killing.
[DOCTOR] I don't see any mercy in you.
[ROBERTSON] I don't need your approval, Doctor. This is what the world needs right now. This is what's going to get me into the White House.
[GRAHAM] God help us all.

---------------------------------------

(Graham's home)
[RYAN] I'm going to see the Doctor. See you down there?
[GRAHAM] Yeah.

---------------------------------------

(Khan flat)
[NAJIA] Can you please just clear them away?
[YASMIN] There's no bread.
[HAKIM] Sonya, I said get some more.
[SONYA] (tapping on her mobile phone) Why are you blaming me? It could've been Yaz.
[YASMIN] I'll go to t'shop.
[NAJIA] Oh, thanks, love.
[HAKIM] One day you'll realise I was right about all this stuff, you know?
[NAJIA] (handing over banknotes) And when you get back, you can tell me the truth about how you know the Doctor.
[YASMIN] Yeah. When I get back.
[SONYA] Hurry up, will you?
[SONYA] Oh, you two.
[HAKIM] Love you.
[SONYA] So soppy.
[HAKIM] What's wrong with that, hmm?
[NAJIA] Do you want a brew?
[HAKIM] Yes, please.

---------------------------------------

(Tardis)
[DOCTOR] Proper goodbye this time.
[RYAN] About that.
[GRAHAM] Do we have to? You see, Doc, the thing about grief is it needs time. I don't want to sit around my house waiting for it to go away,  cos that house is full of Grace and it makes it so much harder. But, er, being with you and seeing all these things out there, it really helps.
[DOCTOR] What about you?
[RYAN] Do you really think I want to go back to working in that warehouse? No way.
[DOCTOR] Yaz, you wanted to come home.
[YASMIN] I know. I love my family, but they also drive me completely insane. I want more. More of the universe. More time with you. You're like the best person I've ever met.
[RYAN] You're pretty awesome.
[GRAHAM] You're all right, I suppose.
[DOCTOR] I can't guarantee that you're going to be safe.
[YASMIN] We know.
[DOCTOR] Do you? Really? Cos when I pull that lever, I'm never quite sure what's going to happen.
[RYAN] That's okay.
[DOCTOR] You're not going to come back as the same people that left here.
[GRAHAM] But that's all right. I think that's good.
[DOCTOR] Be sure. All of you, be sure.
[YASMIN] Sure.
[GRAHAM] Sure.
[RYAN] Deffo.
[DOCTOR] Look at you. My fam. No, still doesn't quite work. Team Tardis?
[YASMIN] Meh. We'll take that.
[DOCTOR] Welcome aboard. Properly. Oh. Do you want to do it together?
[DOCTOR] I love this bit.
",2018-09-28,Doctor Who - Arachnids in the UK
"Doctor Who (4 Nov 2018; Thirteenth Doctor) - The Tsuranga Conundrum

[RYAN] We're never going to find one!
[DOCTOR] Course we are. I've programmed the detectors specifically. I found seven last time I was here.
[GRAHAM] And how long did that take you?
[DOCTOR] It couldn't have been more than a month. Unless that was Seffilun 59.
[YASMIN] Which one's this?
[DOCTOR] Seffilun 27. Maybe 59's the one with a big pile of these. That's the problem with junk galaxies, all the planets look the same. It's hard to keep track.
[GRAHAM] If we've wasted the last four hours on the wrong planet...
[DOCTOR] Oi! Who took you rainbathing in the upward tropics of Kinstarno?
[GRAHAM] Oh, no, no. Listen, that's amazing. I was just saying, like, needle... haystack.
[DOCTOR] Yeah, you might be right.
[GRAHAM] No, hold on. I've found something!
[DOCTOR] I'm sorry.
[YASMIN] What's he found?
[DOCTOR] Nobody move. (scans it) If I can keep it in temporal lock... No, it's got too many sensors, it won't work. It was camouflaged! This is someone's idea of a nasty joke.
[YASMIN] What is it?
[DOCTOR] Sonic mine. It's counting down.
[GRAHAM] How long we got?
[DOCTOR] Three, two...

---------------------------------------

(Assessment zone)
[MABLI [OC]] I can't find their medtags. That's how rubbish I am at this. You'd think it'd be simple enough.
[ASTOS [OC]] Mabli, stop beating yourself up. I'm sure there's a simple explanation.
[ASTOS] It's all right, you're safe. Just don't make any sudden moves. Your body'll take a moment to catch up.
[MABLI] Can you point out your medtag for me? I can't find it anywhere.
[DOCTOR] Where are we?
[GRAHAM] We're in hospital. They've just brought us all round. You're the last one up.
[YASMIN] We don't have medtags.
[MABLI] Oh. It wasn't my mistake.
[ASTOS] Told you.
[MABLI] Except you must have. We need your full bio-history, allergies, fluid levels, lifespan data.
[ASTOS] It's basically to help us avoid killing you. Take it slow.
[DOCTOR] There was a sonic mine...
[ASTOS] Yeah, the robo-dredgers notified us as they were pulling you from the debris. We've stabilised your vital organs. You're lucky they got to you fast.
[GRAHAM] Stabilised my organs? What happened to them?
[ASTOS] I've seen quite a few sonic mine injuries here. They disrupt your internal organic stability, whilst churning up the exterior environment. Tsuranga's actually agitating for the territories to be swept more fully, but...
[ASTOS] That doesn't make sense.
[DOCTOR] Tsuranga?
[ASTOS] Why have they done that?
[DOCTOR] I know that name.
[DOCTOR] Oh. (clutching her left side) Where have I heard the name Tsuranga? Whatever. Very grateful. Need to get back to our ship. Oh! Come on, you lot.
[ASTOS] Hey! Come back.

---------------------------------------

(Corridor)
[DOCTOR] Which way is out?
[ASTOS] Can you return to the assessment zone, please? We're not discharging you. You need to rest.
[DOCTOR] I appreciate how much you've looked after us, but my ship is very valuable. It's also my home, our home. And I'm worried about leaving it here on a junk planet where people come and scavenge. I might never see it again, and I've only just got it back.
[ASTOS] Wait here. (leaves)
[DOCTOR] This way out.

---------------------------------------

(Pod One)
[RONAN] Whether you agree or not, it is my responsibility to protect the General.
[DURKAS] I understand your responsibilities, Ronan, okay? I hear about them endlessly.
[CICERO] Says the man who never wants any of his own.
[DOCTOR] Sorry. Looking for the exit. There's no signs.
[RONAN] General Cicero's privacy indicators are clearly on.
[GRAHAM] Sorry, not really up on privacy indicators.
[DOCTOR] General Cicero? Not Eve Cicero? Keeba galaxy? Neuro pilot?
[DURKAS] Oh, God.
[DOCTOR] You're mentioned in the Book of Celebrants. You helped defeat the Army of the Aeons at the Battle of the Underkind.
[CICERO] I was one of many.
[DOCTOR] You're a bit of a legend, though.
[CICERO] This is my brother, Durkas, and my consort, Ronan.
[DURKAS] When she says consort, she really means Clone Drone. Android. You can tell by the hair.
[CICERO] Durkas. And who are you?
[DOCTOR] I'm the Doctor.
[CICERO] Wait. I've heard that name. Aren't you in the Book of Celebrants? Isn't there a whole chapter about you?
[DOCTOR] Me? No. Very common name.  Anyway, lovely chatting. Must be off. Hope you all get better soon. (starts to leave) I'd say it was more of a volume than a chapter. Just so you know.

---------------------------------------

(Corridor)
[DOCTOR] Oh, that bit hurts. Oh! That bit really hurts. Where's the exit? Why are there no signs for the exit?

---------------------------------------

(Pod Two)
[DOCTOR] Hi. Very sorry. Looking for the exit.
[YOSS] Hello.
[DOCTOR] Somebody needs to have a big rethink on the signage in this building. I'd do it myself, but I need... Oh! Ah! My ecto-spleen hurts. I can feel it resettling.
[YOSS] Oh, you're the sonic mine lot? Sounded pretty serious. How you feeling?
[RYAN] Rough. What are you in for?
[YOSS] Pregnant.
[YASMIN] Blimey. Yes, you are.
[DOCTOR] Almost ready to pop.
[GRAHAM] How did you get like that?
[YOSS] On holiday. Got involved with someone. Didn't take precautions, like an idiot.
[GRAHAM] So, what's that, nine months?
[YOSS] No, last week.
[YASMIN] Last week?
[DOCTOR] Oh, you're a Gifftan. Male pregnancies last a week. Very intense.
[YOSS] Yeah, it feels like forever. I'm a day overdue. They're thinking they might induce me at Resus One, otherwise... Well, it wouldn't be good for either of us.
[MABLI] You're here! Look, you can't keep disturbing all the other patients. Astos, found them. They're here in Pod Two.
[DOCTOR] We need to go now. I'm sure you'll be fine. We'll be thinking of you.
[YOSS] What do you mean, go? How are you going to do that?
[DOCTOR] What do you mean?
[ASTOS] We have been trying to tell you.
[DOCTOR] Yes, you have. Vibrations. Too wrapped up in myself. Missed the vibrations.
[ASTOS] I was trying to break it to you gently.
[DOCTOR] Tsuranga. This isn't a hospital. It's a ship. And we're already in flight.
[ASTOS] Tsuranga operates emergency medical transport. This is a QuadZone Rescue Craft.
[YASMIN] Like the Red Cross.
[MABLI] You'll be fine. We'll be at Resus One soon enough.
[RYAN] Er, how long were we out for?
[ASTOS] Four days.
[GRAHAM] Four days' flight from the Tardis...
[DOCTOR] Argh! I'm walking. Argh. No need to walk with me. I need to walk on my own. Four days. Walking. Come on, limbs.

---------------------------------------

(Corridor)
[DOCTOR] Have you got onboard teleport?
[ASTOS] No, but there's post-recuperation onward teleport at Resus One.
[DOCTOR] I don't want to go to Resus One. Let me talk to the pilot.
[ASTOS] Hey, it's not just you on board.
[ASTOS] What are you doing? Don't touch that. Patients aren't allowed access to any onboard systems or non-medical facilities.
[DOCTOR] What were you worried about? Just as I was waking up, you... you saw something and you were worried.
[ASTOS] No.
[DOCTOR] Ooo, bad liar. Must be difficult in your job.
[ASTOS] Hey, I'm an excellent liar.
[DOCTOR] So you were lying, then.
[ASTOS] I didn't say that.
[DOCTOR] See? Bad liar.
[DOCTOR] NavChamber. This way. Ah! Still hurts!
[ASTOS] Running can disrupt the ongoing internal healing process.

---------------------------------------

(NavChamber)
[ASTOS] Enough, now. You can't be in here. I don't know what that device is, but if you don't leave, I have to restrain you.
[DOCTOR] Where's the crew?
[ASTOS] Rescue crafts are automated. It's a two-medic crew, just me and Mabli. Our course is remotely programmed from the Tsuranga Hub at Resus One.
[DOCTOR] How do we turn it around?
[ASTOS] We can't. The course is remotely set and locked. Onboard crew don't have privileges to unlock it.
[DOCTOR] We'll see about privileges.
[ASTOS] Don't! If you interfere with the navi-systems, they'll take it as an act of hostility or hijack. They can detonate the craft.
[DOCTOR] I'm not being hostile!
[ASTOS] Yes, you are. You're being hostile and selfish. There are patients on board who need to get to Resus One as a matter of urgency. My job is to keep all of you safe. You're stopping me from doing that.
[DOCTOR] You're right. Of course you're right. I'm sorry. That mine hit me harder than I thought.
[ASTOS] I've done 37 tours. We will get you back safe.
[DOCTOR] Where are we? There's a lot of stuff out there. Space junk, asteroids.
[ASTOS] We're on the edges of the Constant Division. That's what threw me back there. The routing usually keeps us out of here.
[DOCTOR] Why?
[ASTOS] It's disputed territory. We're only just over the boundary, so nothing to worry about.
[DOCTOR] So what's that?
[ASTOS] What's what?
[ASTOS] Not sure.
[ASTOS] Probably an asteroid shard.
[DOCTOR] Shield breach. No, wait. Reconfiguring. Resealed and solid. But something breached it for a second.
[ASTOS] I'll check the system monitors.
[DOCTOR] Something's inside the shields.
[ASTOS] I'm sure it's nothing.
[DOCTOR] Bad liar, Astos.
[ASTOS] Go back to your patient-pod. I don't know your name.
[DOCTOR] I'm the Doctor.
[ASTOS] Are you kidding?
[DOCTOR] Sometimes. But not right now. Tell me the ship's structure, Astos, quick as you can.
[ASTOS] Central walkway goes all the way around. We have an assessment area in the heart, three patient-pods, one emergency suite on the sides. We can perform limited medical procedures but our job is basically keep people alive until we can get them to a facility.
[DOCTOR] Evacuation equipment?
[ASTOS] Two life-pods, portside and starboard. Maximum five per pod. We're just within our occupancy limit.
[DOCTOR] Oh, that's good.
[ASTOS] This ship was designed for 100,000 tours. It can withstand a hell of a lot.
[DOCTOR] Who are you trying to reassure, me or yourself?
[ASTOS] That's a breach alert.
[DOCTOR] It's in the portside life-pod.
[ASTOS] It can't be.
[DOCTOR] Are there comms in the life-pod?
[DOCTOR] It's using the life-pod as a way into the ship. You know these territories. What can it be? Whoa, that thing can really move. It's heading from the portside to the starboard.
[ASTOS] Area around the starboard pod's offline. I can't get a reading.
[DOCTOR] We have to take a look.
[ASTOS] Okay, you take port, I'll check starboard.
[DOCTOR] No, no, no. Too dangerous. You take port, I'll take starboard.
[ASTOS] You're not in charge here. This is my craft. You are my patient and my responsibility, as is everyone else here. You're still recovering, you're still in pain. I'll check starboard. You check portside.
[DOCTOR] Don't like being told what to do.
[ASTOS] Yeah, I'm getting that impression. Take a comm-dot. Mabli already has one. Stay off her channel while we work out what this is. She doesn't need to know about this yet. It's only her second tour. Neither do any of the other patients, obviously.
[DOCTOR] Obviously.

---------------------------------------

(Corridor)
[ASTOS] Why am I trusting you, Doctor?
[DOCTOR] You might be a bad liar, Astos, but you've got excellent instincts.

---------------------------------------

(Pod One)
[MABLI] Did you just buzz me?
[RONAN] I'm requesting further adrenaline blockers.
[MABLI] What, already?
[RONAN] Yes.
[MABLI] Let me check with Astos.
[RONAN] No. You must supply them, without delay.
[MABLI] We only carry a limited stock. I'm not sure I'm allowed to.
[RONAN] The panels are down this way. You know our status and how Keeba Central regard us. We would not ideally register a complaint against someone so early in their career.
[MABLI] Let's get them, then.

---------------------------------------

(Pod)
[GRAHAM] I think that's staff only.
[DURKAS] Yeah. I'm trying to figure what to do next. Deny everything, or, er... ask you to turn a blind eye?
[GRAHAM] Ah, I see your problem. Yeah. Generally, truth is always your best option.
[DURKAS] I was trying to hack into my sister's medical records.
[GRAHAM] Well, we've all hacked into our loved ones' confidential records at one stage or another, haven't we? Can I ask why?
[DURKAS] Well, she's lying to me about, about... about what's wrong with her.
[GRAHAM] She might have good reason for that.
[DURKAS] I know the reason. She's a control freak, even to her own little brother. The most decorated general in Keeba history. 907 days in continual flight, on residual energy, fighting the Ayonians, saving our species.
[GRAHAM] What do you do, then?
[DURKAS] Me? I'm an engineer.
[GRAHAM] Oh.
[DURKAS] Yeah, I fix the things pilots like my sister tend to wreck, and she looks down on me for it. And she always will.

---------------------------------------

(Corridors)
[DOCTOR] See anything, Astos?
[ASTOS] Nothing so far.
[DOCTOR] Me neither.
[ASTOS] The life-pod's just round the corner.
[DOCTOR] Me too. Go carefully. Whatever this thing is, it can move very fast.
[ASTOS] The power's been shorted around the life-pod.
[DOCTOR] The power's gone out in this section.
[ASTOS] You need to check the pod's still secure.
[DOCTOR] The system's all drained.
[ASTOS] No sign of anything here so far. How about you?
[DOCTOR] Astos. The portside life-pod, it's gone. Jettisoned.
[ASTOS] Understood. Doctor, it's here. It's inside this pod.
[DOCTOR] Don't engage with it. Stay where you are. We need you safe.
[DOCTOR] Astos, what's happening there? Astos? Are you listening to me? Do not engage.
[ASTOS] No, no, no!
[COMPUTER] Life-pod active. Disengaging. Use life restraint straps now.
[DOCTOR] Astos, what's happening?
[ASTOS] Rookie mistake. It's jettisoning the pod. The internal controls are broken... and I'm inside. No!
[COMPUTER] Systems malfunction. Currently unavailable.
[DOCTOR] Astos, hold on, I'm coming!
[COMPUTER] Evacuation critical.
[ASTOS] Mabli? Mabli!

---------------------------------------

(Corridor / Life-pod)
[MABLI] Astos? I'm just with a patient. Do you need something?
[ASTOS] I'm sorry, Mabli. It tricked me. I can't get back.
[MABLI] What are you talking about? Get back from where?
[ASTOS] You can do this, Mabli. You're good enough. You have to believe in yourself. I believe in you. I always have.

---------------------------------------

(Starboard)
[DOCTOR] Astos? Astos!
[MABLI] Astos?
[MABLI] Where's Astos? Oh, my saints!
[GRAHAM] What is that?
[DOCTOR] I don't know, but it's incredibly dangerous. It jettisoned the life-pods, and it killed Astos.
[MABLI] What?
[DOCTOR] I'm sorry, Mabli, but it's down to us to get us safely back to Resus One now. (to the little one) And you - off this ship, back into space, right now, else you'll have me to deal with!
[DOCTOR] Got that, thanks, Graham.
[RYAN] How's it eating all that stuff?
[YASMIN] What even is it?
[DOCTOR] No idea. Hit the ship from the depths of space, so it can survive a vacuum. Doesn't need oxygen. And can digest pretty much whatever it wants, by the looks of things.
[DOCTOR] Oh!
[RYAN] And it's got nerve.
[DOCTOR] It just ate my sonic!
[DOCTOR] Huh.

---------------------------------------

(Pod One)
[CICERO] Get them?
[RONAN] I think there may have been an incident.

---------------------------------------

(NavChamber)
[MABLI] The ship's databanks. I shouldn't let you in here, but I am, and that's fine.
[DOCTOR] I've already been in here with Astos.
[MABLI] Is he really gone?
[DOCTOR] I'm sorry, Mabli.
[MABLI] He... he was one of the only people who ever believed in me. Including me. He was so kind. There aren't enough kind people.
[DOCTOR] What would he want you to do now?
[MABLI] Er, make sure everyone stays safe.
[DOCTOR] You can do this.
[MABLI] Right. Yeah. I can.
[DOCTOR] What did you want to show us?
[MABLI] Well, if I sync my ocular recorders with the databanks...
[GRAHAM] Oh, yeah. Sync the old ocular recorders. It's obvious.
[MABLI] All Tsuranga medics are implanted with lenses so we can record all treatments for training purposes, lawsuits, data records.
[YASMIN] Like a posh version of my uniform camera.
[GRAHAM] Hang on. So, if this is the control deck, where's the rest of the crew?
[DOCTOR] No crew. All automated.
[GRAHAM] So it's just us.
[DOCTOR] Yeah.
[GRAHAM] Alone.
[DOCTOR] Yeah.
[GRAHAM] In space.
[DOCTOR] Yeah.
[GRAHAM] With that creature.
[DOCTOR] Yeah.
[GRAHAM] Right.
[YASMIN] I don't fancy its chances.
[RYAN] Yeah? I back us every time.
[COMPUTER] Thank you for choosing Perils Of The Constant Division. We know you have a choice of vid-briefings concerning the most threatening of...
[MABLI] Sorry. Here we go.
[COMPUTER] Item Seven Alpha Cubed. Pting.
[ALL] Pting?
[COMPUTER] Pting. Threat Level, Chalice.
[RYAN] Is that bad?
[MABLI] Worst one. One up from Beetroot.
[COMPUTER] Few facts are known about the organism Pting. (lost under Mabli's last line) the species, if it is a species, birth or creation, many studies having failed due to the fatally violent nature of the Pting. No Pting has ever been kept in captivity due to their ability to eat through any materialthat would incarcerate them. While strictly non-carnivorous, they devour all non-organic material. (continues under dialogue)
[YASMIN] Well, at least that's something.
[GRAHAM] Is it really? I mean, it won't eat us, but it will eat the ship we're on.
[COMPUTER] They move at great speed, and while they may be momentarily stunned, are impossible to wound or kill. Pting skin is understood to be toxic to most life forms. Never touch a Pting directly. Pting should never be restricted to a confined space. Condensed advice. Never engage with Pting. Risk to life, ultimate.
[DOCTOR] On the plus side, I now feel very well informed. Seven minutes. Get everyone into the assessment area.
[MABLI] Why seven minutes?
[DOCTOR] I need a moment to think.

---------------------------------------

(Pod One)
[(Durkas finds the empty vials.)DURKAS] What're you doing? Adrenaline blocker? You can't take adrenaline blockers with corton fever.
[CICERO] It's fine.
[DURKAS] You know, I knew you were up to something. I knew you were lying.
[RONAN] Durkas, I would respectfully ask...
[DURKAS] No, I would respectfully ask, don't talk to me.

---------------------------------------

(Pod Two)
[YASMIN] Hi. We're going to need you to...
[YOSS] Oh! Oh! Put your hand there.
[RYAN] Nah, you're all right.
[YOSS] Ah, go on. Please, both of you. Quick, it's kicking. Come on, it'll be nice to share it. Oh, wait for it, wait for it. Oh!
[YASMIN] Wow.
[YOSS] See? He likes you guys.
[RYAN] Oh, and again.
[YASMIN] You know it's a boy?
[YOSS] Course it is. Boys give birth to boys, and girls give birth to girls. That's how it is.
[YASMIN] Not where we come from.
[YOSS] Urgh. How does that work? (shudders) Do you want to see my baby pics?
[RYAN] We all need to be in the assessment area in six minutes.
[YOSS] Ah. One hour, three hours. End of the first day, mid second day, and... oh, three hours ago.
[RYAN] Mate, you're growing a person.
[YOSS] Yeah.
[RYAN] I couldn't do that.
[YASMIN] No, he really couldn't do that.
[YOSS] Yeah, almost seems a shame to give him away.
[YASMIN] That's what you're going to do?
[YOSS] Oh, I'm not fit to raise a kid. Besides, dark times right now. Turbulent worlds. I'm not sure I'm his best option. I can't even operate my oven.
[RYAN] But... won't you miss him?
[YOSS] Six minutes, you said? I'll be there.
[RYAN] Yeah.

---------------------------------------

(Corridor)
[RYAN] He's the same age as me dad must have been when he had me. Same age as I am now. I never really thought about it like that. I wouldn't be able to cope having a kid now.
[YASMIN] When was the last time you saw your dad?
[RYAN] A year ago. Didn't go well. Got angry with him.
[YASMIN] Why?
[RYAN] He ducked out when I needed him. He's like a... a gap in my life. Even at Nan's funeral...
[YASMIN] Do you mind me asking? How did your mum die?
[RYAN] Washing up in the kitchen. Massive heart attack. Just... just out on the floor.
[YASMIN] God. Who found her?
[RYAN] Me.
[YASMIN] How old were you?
[RYAN] 13.
[YASMIN] Ryan, I'm so sorry. I never knew.
[RYAN] I never knew life threw that sort of stuff at you. I never knew that when it does, sometimes adults don't cope either.
[YASMIN] Your dad.
[RYAN] I get it. He loved her too. People always said that I looked like her. He must've found that hard. Why am I even talking about this? Come on, four minutes to the briefing.

---------------------------------------

(NavChamber)
[DOCTOR] Too fast to chase and capture, too toxic to touch directly. It's a bit of a puzzler.
[MABLI] It's going to kill us all, isn't it?
[DOCTOR] Whoa, Mabli! You went there way too quick. I said a puzzler, not a death sentence. I mean, it's a bit of a challenge, and I can't quite see the solution yet, but that's life. Or medicine. Patients present problems, you figure them out and come up with solutions. That's what this is. A problem to be diagnosed. Medicine to be administered. You're a medic, I'm the Doctor.
[MABLI] A doctor of medicine?
[DOCTOR] Well, medicine, science, engineering, candyfloss, Lego, philosophy, music, problems, people, hope. Mostly hope.
[MABLI] I'm struggling to see much hope here.
[DOCTOR] It doesn't just offer itself up. You have to use your imagination. Imagine the solution and work to make it a reality. Whole worlds pivot on acts of imagination.
[MABLI] So what are you imagining now?
[DOCTOR] Broadly, I'm imagining that thing off this ship. Specifically, I'm trying to imagine the answer to the question, what does it want?
[MABLI] Does it have to want anything?
[DOCTOR] Every living thing, from the tiniest to the largest, wants something. Food, survival, peace.
[MABLI] But the first thing it did was kill Astos. That must be what it wants to do to all of us.
[DOCTOR] You know, there's a much faster way back to Resus One. Why is it routing us this way?
[MABLI] Asteroid field. Fast-moving asteroids all around. Really unpredictable.
[DOCTOR] What are these?
[MABLI] They're... bad. This craft has over 5,000 different scan sensors. They're constantly feeding back to Resus One. They monitor everything, both internally and externally, check the routing's stable and there are no hostile forms, however microbial, on board. The systems have detected the Pting. They're asking us to confirm or deny anything's wrong. We can't take a creature like that back to Resus One. There's thousands of vulnerable patients.
[DOCTOR] And if we confirm it's on board?
[MABLI] They'll recommend evacuation.
[DOCTOR] But we can't evacuate.
[MABLI] They go straight to RST. Remote structural termination. They destroy the ship.
[DOCTOR] Right.
[DOCTOR] Nothing wrong. We're fine.
[MABLI] We can't keep doing that. Three dismissals and they don't believe you. Precautionary detonation.
[DOCTOR] Oh, great. Who designed that? So this ship either gets destroyed by that creature, or by control from Resus One?
[MABLI] Yeah. Sorry.

---------------------------------------

(Assessment area)
[DOCTOR] You're probably wondering why I called you all here. Sorry, bit Poirot. I need to bring you all up to speed very directly, very succinctly. I can't sugar-coat this.
[CICERO] Where's the Chief Medic?
[DOCTOR] Gone. Killed by an alien organism called Pting that's come on board. Very fast moving, very deadly, and it's eating its way through the structure of the ship. Also, and this is the bit you need to work on not panicking, it's jettisoned the life-pods. I'm the Doctor. These are my friends, Ryan, Graham and Yaz. You know Mabli, our very capable medic. We will pool all our brilliance and get us all safely to Resus One.
[DOCTOR] I thought there'd be more questions.
[CICERO] I've encountered a Pting before. It massacred my fleet.
[DOCTOR] Okay. What did you learn about them? What do they want?
[CICERO] They kill. Relentlessly.
[MABLI] It must've got to the central systems. That means we'll soon lose oxygen and heat.
[CICERO] It'll go for whatever's powering the craft next.
[MABLI] We're on an anti-matter drive.
[CICERO] We could use stazers to defend ourselves. They can stun it briefly. Got any on board?
[MABLI] A couple, I think, in here.
[CICERO] If we're going to live through this...
[MABLI+CICERO+DOCTOR] Protect the anti-matter drive!
[DOCTOR] Snap!
[CICERO] Can we get to Resus One any faster than currently routed?
[DOCTOR] Not without breaking the ship's auto-routing, which would send a signal back to Resus One.
[CICERO] And they'd go straight to Hostility Protocols.
[DOCTOR] I could create a false positive route signal to send back, but there's no manual controls in the NavChamber.
[CICERO] Show us.
[RONAN] General...
[CICERO] Shush now, Ronan. I know.
[DOCTOR] We could go past the drive chamber on the way.
[CICERO] Durkas, with me. Please.
[YOSS] Er, is this a bad moment to mention my internal fluids have broken? I think the baby's coming. Really sorry.
[MABLI] The BirthBud's set up in your patient-pod. Let's get you back there.
[YOSS] But it won't have any power!
[MABLI] It's got a backup generator. No need to panic.
[YOSS] Okay. Oh, would you two be my doulas? I haven't got any doulas.
[GRAHAM] Do what?
[MABLI] Doulas. Birth partners.
[YOSS] She's brilliant, but I need some men with me.
[GRAHAM] Yeah. We're blokes, ain't we?
[RYAN] Yeah, yeah, yeah. All over it, yeah. Cool.
[MABLI] (to the Doctor) Right now, I'm imagining you sorting all this out.
[DOCTOR] Me too. Be cautious. It could be anywhere. Are you okay?
[DURKAS] Yeah.
[DOCTOR] Come on.
[CICERO] I need another adrenaline blocker.
[RONAN] You used the last one, General.
[DOCTOR] Everything okay?
[CICERO] Yeah.
[DOCTOR] With me, please.

---------------------------------------

(Corridor)
[YASMIN] Where do you think it is right now?
[DOCTOR] I don't know. I can't trace it since the diagnostic systems drained.
[MABLI] Doctor, quick word, private.
[DOCTOR] Catch you up. Go on.
[MABLI] Eve Cicero. Her condition...
[DOCTOR] What about it?
[MABLI] Patient confidentiality. I can't discuss with you. But if you're a doctor, maybe you should examine her. I've got to go.

---------------------------------------

(Drive chamber)
[DOCTOR] Sorry, where are we? Oh, anti-matter drive. What century is this?
[CICERO] Are you joking?
[DOCTOR] No. We travel in Time.
[CICERO] Are you joking now?
[DOCTOR] No.
[DURKAS] 67th.
[DOCTOR] Ah. Nice century. Bit tricky in the middle. It turns out all right in the end. See this, Yaz? Anti-matter drive.
[YASMIN] Oh. I did a bit on anti-matter at school. Never quite understood it.
[DOCTOR] The thing with anti-matter is you have to either find it or generate it. That's what this bit does. Particle accelerator.
[YASMIN] Like at CERN? We did that in physics. No, but the thing at CERN is massive.
[DOCTOR] In your time, generating anti-matter cost a massive amount of money. This is progress. Things get smaller, faster and cheaper. This is like the iPhone version of CERN, accelerating enough particles to power this entire craft.
[YASMIN] So how does it work?
[DOCTOR] The particle accelerator smashes the atoms together, like a little anti-matter factory, to produce positrons, which are then stored very carefully inside electric and magnetic fields. The positrons interact with the fuel materials to produce heat, which produces thrust.
[DURKAS] It's pretty old school, this one.
[DOCTOR] It's beautiful. Anti-matter powering the movement of matter. Bringing positrons into existence to move other forms of life across space. I love it. Conceptually, and actually. Yaz, you have to keep this safe from the Pting. If this drive gets destroyed, this ship will lose propulsion, we'll drift endlessly while the Pting...
[YASMIN] I get it. It won't be good.
[CICERO] Ronan can stay with you.
[RONAN] No, General, my responsibility is to...
[CICERO] Ronan, you're able to touch it without it toxifying you. That's useful to all of us, including me.
[RONAN] Of course, General.
[DOCTOR] You might need this. MedBlanket. Sterilised barrier, 67th century technology. In case you need to pick anything up.

---------------------------------------

(NavChamber)
[DOCTOR] Ah. Pting presence denied, strike two. One left. Now, you two. See? A more direct route. Obviously, fast-moving asteroids and debris to avoid on the way, which is presumably why the systems wanted to avoid it. Now, if I can rig up a cover signal back to Resus One...
[CICERO] Doctor, I'm a neuro pilot. My expertise is in symbiotic neuro-piloting, pulse systems at a push, but not this.
[DURKAS] I could make a rig out of this chamber.
[CICERO] No, you can't.
[DURKAS] You wouldn't be able to make your way through those asteroids even if I did.
[CICERO] Yeah? Says you.
[DURKAS] How long have I got?
[DOCTOR] Literally? No time at all.
[DURKAS] Give me some space to work.
[DOCTOR] Siblings. Bless.

---------------------------------------

(Corridor)
[DOCTOR] Why are you on this ship, General?
[CICERO] Corton fever. Contracted it on my last duty. Can't quite shake it.
[CICERO] What are you doing?
[DOCTOR] Hmm. Why would you be using adrenaline blockers for corton fever?
[CICERO] How do you know about the blockers?
[DOCTOR] Your slow pulse, my really good hearing. You asked Ronan for some. It isn't corton fever, is it. Is it pilot's heart? I'm sorry, Eve, but if we're going to survive this, you need to be honest with me.
[CICERO] I started as a pulse pilot. I graduated to Neuro Fleet Commander faster than anyone in Keeban history. I'm the most decorated general. I'm the poster woman. I cannot have pilot's heart. I cannot be that example to others.
[DOCTOR] But you have. And you've been using more and more blocker shots to get through the day.
[CICERO] Trying to control the surges of adrenaline around the heart. One big surge could kill me.
[DOCTOR] Does Durkas know?
[CICERO] I don't want him worrying.
[DOCTOR] He's going to find out sooner or later.
[DURKAS] He already has. Not that he's surprised, just... disappointed.
[CICERO] Durkas...
[DURKAS] We don't have time now. I've rigged a primitive piloting bypass, combining pulse and neuro...
[DOCTOR] I'll do it.
[CICERO] Ever flown that way?
[DOCTOR] No, but you could talk me through it.
[CICERO] It takes people a dozen years to train.
[DOCTOR] Oh, I really need to spend more time in the 67th century.
[CICERO] I know how to do this. I'm not stopping now. Everyone's going to live. Including me!

---------------------------------------

(Pod Two)
[GRAHAM] Breathe deep, cockle.
[YOSS] I am breathing! Oh, this really hurts!
[MABLI] Yoss, Yoss? I'm giving you some stronger pain management. It should help...
[YOSS] Ah, yeah. Yeah, that's better. Where's the BirthBud? Is it running?
[MABLI] No. Backup generator isn't working.
[YOSS] What? I can't do this without a BirthBud!
[RYAN] Er, er, Yoss, don't panic, mate.
[YOSS] I am panicking!
[RYAN] Which is why I'm telling you not to. Listen to your doulas. We're here for you.
[YOSS] I don't even know you! Who are you? You're not the one about to have a baby you don't want on a ship without a BirthBud!
[MABLI] The baby's ready to come out.
[YOSS] Oh, God!

---------------------------------------

(Drive chamber)
[YASMIN] It's close.
[RONAN] Just focus on protecting the anti-matter drive.
[YASMIN] Ah!
[RONAN] Stazers ready. The creature is toying with us.
[YASMIN] Shh.
[YASMIN] I'll get it as far away from the drive as I can.
[RONAN] Be fast! The stun power will only last a few seconds!

---------------------------------------

(Corridor)
[YASMIN] Siobhan Chamberlain with the goal kick for England! Boom!

---------------------------------------

(Drive chamber)
[DURKAS] Okay, it's rigged. I've leached some system power off the anti-matter drive. Now, if they can keep that up and running, we'll have enough power to keep basic systems going and still get to Resus One. That's if that thing doesn't get in there and drain the energy.
[CICERO] This isn't going to work.
[DURKAS] Quiet, General. Trust your engineer and tell me you're well enough.
[CICERO] I'm well enough.
[DURKAS] Now promise me that's true. (she nods) You're going to need every scrap of energy you have.
[DOCTOR] Cover signal transmitting to Resus One.  Hopefully, bit of luck, they're still going to think they're in control. Oh, Durkas. You're a genius. The energy! It doesn't want to kill us. It doesn't care about us. It wants the systems. It wants the power! It didn't go for Astos, it went for the life-support systems in the life-pod. It drained the lights and the power and my sonic. It drains everything it eats. That little creature seeks out and feasts on energy. That's why it homed in on us here, pulsing with it in the wilds of space.
[DURKAS] Locked in, General. Try it out.
[CICERO] I can see the course. I'll need to increase speed.
[DURKAS] Handing over control. It's all yours.
[DOCTOR] Argh!
[DURKAS] Eve!
[CICERO] Still got it, boy. I've missed this so much.
[DURKAS] How is it?
[CICERO] Rough. But it'll work.
[DOCTOR] Take us in safely, General. Nice and calm. Pting denial, strike three. After which, tricky.
[DURKAS] What will we do with the Pting when we get to Resus One?
[DOCTOR] Nothing to worry about. I'll deal with the Pting.
[DURKAS] Why are you going to do that?

---------------------------------------

(Corridor)
[DOCTOR] Pting, bomb. No, can't get it. Ah! Still hurting. Yes. No. Maybe. Maybe.

---------------------------------------

(Drive chamber)
[DOCTOR] It's me! I'm not a Pting.
[YASMIN] It was here. I got rid of it. But it'll be coming back.
[RONAN] What is the situation elsewhere?
[DOCTOR] Eve's piloting the ship, Durkas is maintaining controls and signals, you're guarding the particle accelerator...
[DOCTOR] Mabli, Graham and Ryan are presumably delivering Yoss's baby, and the bomb's going to detonate, so I'm just going to move it away from this room. Mind helping?
[YASMIN] Yes!
[DOCTOR] Clever sonic. Self-rebooting.
[RONAN] There's a bomb in this room?
[DOCTOR] Right in here.
[DOCTOR] Mabli said that Resus One would terminate the ship if they found a Pting on board. How would they do that? It's too far for missiles. It has to be the same for every Tsurangan Rescue Craft. It's built in. Self-detonation.
[YASMIN] Bingo.
[DOCTOR] Ten points for Yasmin Khan. And yes, I am keeping score, for all of you. Ronan, up your game. Jokes. So...
[RONAN] You're interfering with a bomb?
[DOCTOR] Yes.
[RONAN] Is it going to detonate?
[DOCTOR] Yes.
[RONAN] What will you do?
[DOCTOR] Speed it up to save our lives.
[RONAN] Are you also experiencing comprehension deficiency?
[YASMIN] Oh, every day right now, mate.
[DOCTOR] Need to be so careful. Tiny little device could blow us all to pieces, and I'm going to set it off. Ronan, keep guard. Yaz, come on.

---------------------------------------

(NavChamber)
[DURKAS] Resus One in sight. We join the route back in at this point. They won't know we've deviated. You okay?
[CICERO] All those times I thought I was going to die in battle, that you'd get a dispatch and hear about it. Always felt so bad. But now, I'm glad you're here.

---------------------------------------

(Outside an airlock)
[DOCTOR] Funny, I'm normally the one defusing the bomb.
[DOCTOR] Pick a number between 1 and 100.
[YASMIN] 51.
[DOCTOR] Pentagonal number. Interesting.
[DOCTOR] Get in that corner.
[YASMIN] What was the number for?
[DOCTOR] Number of seconds before the bomb goes off. I moved it forward a bit.
[YASMIN] What? I would've gone higher!
[DOCTOR] Good number, 51. Atomic number of antimony, number of federalist papers written by Alexander Hamilton. I love that show. I've seen all 900 casts.

---------------------------------------

(Pod Two)
[MABLI] I'm giving you more gas, Yoss. This'll relax you.
[YOSS] I've never been less relaxed in all my life. I do not want to do this!
[MABLI] We're all here for you. Aren't we?
[RYAN] Too right.
[GRAHAM] Oh yeah. I've seen every episode of Call The Midwife, and he's descended from an old Earth nurse. It's in his blood.
[RYAN] Every episode?
[GRAHAM] Yeah, it's bang on. See, whilst you've been mucking around on YouTube, I've been learning useful life skills.

---------------------------------------

(Outside an airlock)
[YASMIN] I'm really trusting you on this bomb, but I don't know what you're doing.
[DOCTOR] Think of the Pting as a mouse, and the bomb as a piece of cheese.
[YASMIN] A very large piece of cheese about to explode and take us all with it.
[DOCTOR] It's not a perfect analogy, I'll admit. You could've picked a bigger number. Where is it? Come on.

---------------------------------------

(Pod Two)
[RYAN] So how do we do this, then?
[MABLI] Really straightforward. Cut open his stomach sac, reach in, remove the baby, done.
[RYAN] Cut him open? Won't that, like, hurt him?
[MABLI] No. Male Gifftan pregnancy sacs don't have any pain sensors for precisely this reason.
[GRAHAM] Yeah, but all the same, I mean, cut open a bloke's stomach. Do we have to?
[RYAN] What, they didn't have that on Call The Midwife?
[GRAHAM] I dunno. I always looked away at the squeamish bits.

---------------------------------------

(Outside an airlock)
[DOCTOR] As the bomb gets closer, the energy's building, getting ready to blow. The Pting must be attracted to that, surely. That's what I've been working onthis whole time. Oh, please don't be wrong. I'd be so embarrassed.
[YASMIN] And dead. Doctor...
[DOCTOR] I'm not bad. Admit it. I'm not bad. It's all in the timing.
[DOCTOR] When you're ready, mate.

---------------------------------------

(Pod Two)
[MABLI] Making the incision.
[GRAHAM] Oh, I am never getting pregnant.
[MABLI] Right. Now, opening up.
[YOSS] Oh, I do not want this baby. I can't be a dad.
[RYAN] Hey. None of that, now. Listen to me, Yoss. You can do this. You're a good man. Your baby, your son, will be lucky to have a good man like you as his dad. Starting now. You're going to give him life. You're going to bring a person into being. Mate, that is epic!
[YOSS] I'm not ready.

---------------------------------------

(Outside an airlock)
[DOCTOR] Really, get a shift on.
[YASMIN] It ate it!
[DOCTOR] Wait for it.
[DOCTOR] Absorbed every bit of energy. One massive, massive hit. Bye-bye, Pting. Intruder ejected.
[DOCTOR] First problem, gone. That should keep it fed for a very long time. Still not home and dry, though.

---------------------------------------

(NavChamber)
[CICERO] I'm sorry.
[DURKAS] For what?
[CICERO] I didn't tell you I was ill.
[DURKAS] There's plenty of things I never told you.
[CICERO] Yeah? Like what?
[DURKAS] Like I love you. I'm proud of you, sis.
[CICERO] I love you too, bro. I'm sorry.

---------------------------------------

(Pod One)
[RONAN] General.

---------------------------------------

(Pod Two)
[MABLI] Sac, open.
[GRAHAM] Oh, shouldn't have looked. Can't unsee that.
[MABLI] There's the baby.
[YOSS] What does he look like? Is he okay?
[MABLI] He's fine.
[RYAN] Yoss, you don't have to be perfect. You just have to be there.
[MABLI] It's okay, my darling. Shh, shh. You have to cut the cords simultaneously. It's okay.
[RYAN] Come on, Professor Squeamish, we're doing this.
[MABLI] Three...
[GRAHAM] Hang on.
[MABLI] Two... one... now.

---------------------------------------

(NavChamber)
[DOCTOR] Eve!
[YASMIN] What happened?
[DURKAS] Her heart couldn't take it. She gave me control.
[DOCTOR] Do you know how to do this?
[DURKAS] I'm a Cicero. I studied for this. We're coming into Resus One. Resus One, request emergency assistance landing. Bringing her in safe.
[DOCTOR] Thank you. Both.

---------------------------------------

(Pod Two)
[MABLI] Careful, Dad.
[YOSS] Oh. Oh, my saints, I did it. It's a baby. Hello, mate. I'm your dad. I'm his dad.
[RYAN] Yeah. Nice one, Yoss.
[GRAHAM] You all right? If your Nan could see us now, eh?
[RYAN] She'd be laughing herself crazy.
[GRAHAM] Yeah.
[RYAN] No.

---------------------------------------

(Pod Two)
[MABLI] They, er... they say quarantine scanning and craft detox should take no more than three hours, then they'll admit us to the facility. They're booking your teleport to Seffilun, as soon as you've spoken to the investigators.
[DOCTOR] Thank you, Mabli. I'll be sure to tell them how brilliant you were.
[MABLI] You all were. Light in dark times.
[DOCTOR] People prevail. Hope prevails.
[YASMIN] Have you got a name for the baby?
[YOSS] Yeah. In honour of you both, I wanted to call him... Avocado.
[RYAN] You what?
[GRAHAM] Avocado?
[YOSS] Yeah, after the ancient Earth hero, Avocado Pear.
[GRAHAM] No, no, mate, that is a fruit.
[RYAN] No, it's a vegetable.
[GRAHAM] No... Look, either way, it's not a hero.
[YOSS] But we did it in school. You mean the Gifftan history logs are wrong?
[GRAHAM] Well, just a bit. I thought you was going to say you'd call him after us, Graham Ryan.
[RYAN] Or Ryan Graham.
[YOSS] (laughing) No. He'd be a laughing stock.
[GRAHAM] Well, cheers.
[RYAN] If you're naming him, does that mean you're going to keep him?
[YOSS] I thought I'd give being a dad a try. I'm going to make mistakes, aren't I? But I'll just keep going.
[DURKAS] What happens to you now, without her?
[RONAN] I've come to the end of my service. There is only shutdown.
[DURKAS] I'm sorry, Ronan. I wasn't always kind to you.
[RONAN] No.
[DURKAS] You gave her great service.
[RONAN] As did you.
[DURKAS] Will you incant for her?
[RONAN] It would be my honour.
[DOCTOR] Could we join you?
[DURKAS] Please.
[RONAN] May the saints of all the stars and constellations
[ALL] Bring you hope as they guide you out of the dark and into the light on this voyage and the next, and all the journeys still to come.
[DOCTOR] For now and evermore.
",2018-11-04,Doctor Who - The Tsuranga Conundrum
"Doctor Who (11 Nov 2018; Thirteenth Doctor) - Demons of the Punjab

[ALL] Happy birthday!
[UMBREEN] I said no fuss.
[YASMIN] You have to celebrate your birthday, Nani.
[UMBREEN] I was the first woman married in Pakistan. Now look at me. In a wheelchair, and being fed shop-bought cake.
[NAJIA] That's a nice cake.
[YASMIN] The first woman married in Pakistan? Did you know this?
[UMBREEN] And I was the first Muslim woman to work in a textile mill in South Yorkshire.
[YASMIN] Grandad taking you dancing every Wednesday night.
[UMBREEN] Oh. I so miss that man. Now, I want to give you these things before it's too late. Najia, these are some letters your father wrote to me when he was away.Don't read the filthy bits. Sonya, this is a present your grandfather gave me. I can't remember why, but it's nice.
[UMBREEN] And now, Yasmin, my favourite granddaughter.
[SONYA] What?
[NAJIA] Mummy.
[SONYA] What?
[NAJIA] I've told you about that.
[UMBREEN] I want you to have this.
[YASMIN] Thank you. Was it Grandad's?
[HAKIM] I can get it fixed if you like.
[UMBREEN] It must never be fixed.
[YASMIN] Why not?
[UMBREEN] I don't want to talk about it any more.
[YASMIN] Nani, please.
[UMBREEN] You won't understand. I have such stories I could tell you.
[YASMIN] And we want to hear them, really. If you don't tell us, we won't know. Your life's our heritage.
[UMBREEN] When you're older. Maybe.

---------------------------------------

(Tardis)
[DOCTOR] I know what you're asking. But family history and time travel? Very tricky.
[YASMIN] Just for an hour. See her from a distance. What's the point of having a mate with a time machine, if you can't nip back and see your gran when she were younger?
[DOCTOR] Er... Have you got a time or place?
[YASMIN] I know she lived in Lahore in the '50s, but, other than that...
[DOCTOR] I mean, I could, but I shouldn't. Unless... No, too unpredictable.
[RYAN] Could what?
[DOCTOR] It's a risk.
[GRAHAM] Oh, like none of our other trips have ever been risky.
[DOCTOR] I have apologised for the Death Eye Turtle Army. Profusely. I Suppose I could loop this into the Tardis' telepathic circuits.
[GRAHAM] This thing's telepathic, too?
[DOCTOR] Don't call her a thing, Graham. And yes, she does have telepathic navigation, sort of. Shorthand for a very complicated process which is way beyond your understanding.
[GRAHAM] Ta very much. I only hang around here to be insulted.
[DOCTOR] Any object amasses all sorts of fragmentary spatio-temporal particles through its life. The Tardis can read it, like date-stamps. What do you two reckon?
[GRAHAM] Oh, yeah, love it. Pakistan. Never been there before. Another one off the bucket list. As long as there's no killer turtles.
[RYAN] Yeah, I'm well up for it.
[DOCTOR] Hmm. One hour, no
[ALL] Interfering.
[DOCTOR] Go on, you know you can do it. Bit of a punt.

---------------------------------------

(Hillside)
[DOCTOR] Whoa! Nice.
[GRAHAM] I thought Lahore was a city. This ain't a city!
[DOCTOR] Tardis readings are all over the shop. Looks pretty Northern Punjab.
[PREM] Hey! Get out the road.
[DOCTOR] Really sorry, bit of a wobble.
[RYAN] What just happened?
[DOCTOR] Not sure. But I didn't like it at all.
[GRAHAM] Sorry, mate. Just getting our bearings. We're not from round here.
[PREM] Yeah, no kidding. Your Punjabi's not bad for foreigners though. You need to be careful. These roads aren't safe right now.
[YASMIN] We're actually looking for a woman by the name of Umbreen.
[PREM] Right. Umbreen. What for?
[YASMIN] We're family.
[RYAN] We're friends.
[GRAHAM] Family friends.
[YASMIN] We're on our way to say hello. Bit of a surprise.
[PREM] But we agreed... Ah, okay, get in.
[GRAHAM] Okay?
[RYAN] Yeah. Thank you.
[YASMIN] You all right?
[DOCTOR] I think so. Probably. Don't know. Like I intercepted something, in my brain.

---------------------------------------

(Cart)
[GRAHAM] So what, are you a flower merchant?
[PREM] Pretty much, right now.
[DOCTOR] Why isn't it safe on the roads?
[BHAKTI] Running transport now, Prem?
[PREM] Want to ride with us, Sadhu? I can take one more.
[BHAKTI] What's wrong with your feet? You young people, always such a rush. Walking's served me all my life. I'll be there, don't you worry.
[PREM] We'll be ready. I'm late. Umbreen's going to kill me.

---------------------------------------

(Farm)
[UMBREEN] You're late. And who are they?
[PREM] They're your family, Umbreen.
[UMBREEN] What?
[YASMIN] Oh, my God. You're Umbreen. You look amazing. What are you doing here?
[UMBREEN] I live here.
[YASMIN] On a farm? But I thought... Doesn't matter. I'm so happy to see you.
[DOCTOR] So, Yaz, you should probably explain who we are.
[YASMIN] Sorry. Yeah. Excited. Uncle Malik. You know... Uncle Malik.
[UMBREEN] There are loads of Uncle Maliks.
[YASMIN] Exactly. Well, the one from about 15 valleys over. I'm that Uncle Malik's third cousin's younger sister. Yaz. And these are my friends Ryan, Graham and the Doctor.
[DOCTOR] Hi.
[RYAN] Hello.
[GRAHAM] All the way from England.
[PREM] You might want to keep that to yourself right now.
[UMBREEN] Right, it's just... we weren't expecting you. Or anyone. Uncle Malik's not coming to the wedding as well, is he?
[YASMIN] There's a wedding?
[DOCTOR] Which is why we're here. Bringing wedding best wishes. Er, when... when's the big day again?
[UMBREEN] Tomorrow.
[YASMIN] Amazing. I can't wait to meet the groom.
[UMBREEN] You already have.
[PREM] Remember me? Cart, flowers, marrying Umbreen?
[YASMIN] No. You can't be. You're not my...
[DOCTOR] A wedding in the Punjab. Bring it on. We love a wedding, don't we, boys?
[RYAN] Oh, yeah, I could go to a wedding every day if I could.
[GRAHAM] Do you need a singer? I know all the classics. Or latest hits, to you lot.
[RYAN] Don't ever let him sing.
[DOCTOR] We won't be stay long anyway. Just wanted to convey our best wishes and then head off. (giving Yasmin a Look.)
[MANISH] Hi! Thought I saw people on the cart. Sorry about his driving.
[PREM] My baby brother thinks he can do everything better than me.
[MANISH] I'm Manish.
[HASNA] Come, all of you. It's being announced!
[UMBREEN] Coming, Mum!
[HASNA] Who're they?
[YASMIN] What's happening?
[MANISH] Everyone's waiting for the announcement, but I've got advanced information. (leaves)
[YASMIN] Okay. Number one. The man Umbreen is about to marry is not my grandad.
[GRAHAM] Defo? Totally sure?
[YASMIN] Yes. For starters, Prem's a Hindu name. We're Muslim. And he doesn't look anything like the photos. It's not him.
[RYAN] And that Umbreen, she's your nan, right?
[YASMIN] Yeah. She does look like the photo.
[DOCTOR] But Prem's wearing the watch your nani gave you in the future.
[YASMIN] So what, she had a secret Hindu first husband?
[GRAHAM] Er, Doc. I reckon that hour's nearly up, mate.
[RYAN] Yeah.
[YASMIN] We can't go. I came here for answers. All I've got is more questions.
[DOCTOR] I knew this would happen.
[MANISH] Can anyone help me with this?
[YASMIN] I'll help. I'm Yaz.
[MANISH] Great. Thanks, Yaz. Big moment. You won't forget this in a hurry.
[YASMIN] You're right there.
[DOCTOR] We shouldn't have come. I'm too nice. This is what happens when you try to be nice. Who wants to know what they're listening to in there?
[RYAN] Yep.
[GRAHAM] Yep.

---------------------------------------

(Farmhouse)
[RADIO] After much delay, and amid escalating communal violence, Lord Mountbatten has finally released the specific details of the borders which will separate the two countries.
[RYAN] What borders are they talking about?
[HASNA] Pakistan. Today, India is officially cut into pieces.
[DOCTOR] It's the 17th of August.
[HASNA] And still you want to go ahead?
[UMBREEN] Nothing changes, Mum. We knew this was coming.
[GRAHAM] Sorry, don't mean to sound stupid. What year is it exactly?
[PREM] Same year you have in England. 1947.
[DOCTOR] Partition. We're in the middle of the Partition of India.

---------------------------------------

(Stream)
[MANISH] Three, two, one.
[YASMIN] These are for the celebrations?
[MANISH] Big celebrations. Welcome to the border...
[PREM] Manish?
[MANISH] Where India ends, and our future begins.
[PREM] Manish, what're you doing?
[DOCTOR] Yaz. Hi. Quick side bar, August 1947. Partition. The borders have just been announced.
[MANISH] India. Pakistan.
[DOCTOR] It's not just the land that gets divided. Rioting in the cities, tens of millions of people about to be displaced, more than a million about to die.
[GRHAM] Doc, meanwhile, her nan's about to get married, but not to her grandad.
[RYAN] I'm thinking that hour's well up now.
[HASNA] You can't know the borders. It's only just been announced.
[MANISH] The maps were leaked weeks ago. I got one from my sources.
[HASNA] Your sources must be wrong, because you've just put my house in Pakistan.
[MANISH] With the other Muslims. What? You get a fresh start.
[PREM] Manish, you need to slow down.
[UMBREEN] Pakistan is somewhere for Muslims, if they want to go.
[MANISH] I'm not saying you have to go, but Pakistan is being created for Muslims. Hindus have India. We both feel safe.
[PREM] Don't reduce it to that, brother. It's not that simple.
[MANISH] But I get you have a hard decision, if you're married.
[PREM] The land belongs to everyone. Has done for centuries. One day doesn't change that.
[MANISH] I love you, brother, but you're wrong.
[HASNA] Look, demons!
[HASNA] I told you this would happen. I told you these days were cursed.
[UMBREEN] They've gone.
[DOCTOR] Not far. We'll deal with this. Come on!

---------------------------------------

(Forest)
[DOCTOR] Find the signal. They didn't go far.
[ALIEN] Stay away.
[PREM] Did I get them?
[DOCTOR] I don't think so. They moved faster than your bullet.
[RYAN] What were they?
[PREM] Bakti? They killed him.
[GRAHAM] He was your man on the road.
[PREM] He's a holy man, a Sadhu. Everyone knows him as Bakti. Umbreen and I asked him to bless our marriage. Why would they kill him?
[DOCTOR] I don't know. But what I also don't understand is, you just saw something not of this world, and you took it right in your stride. Why's that, Prem?
[PREM] I've seen them before.
[YASMIN] Where have you seen them before?
[PREM] Who are you? You say you're Umbreen's family but clearly you're not. And you ran at those demons like you didn't care.
[DOCTOR] I don't think they're demons.
[PREM] Why should I trust what you think?
[DOCTOR] Because we've got experience with impossible creatures, and because we ask questions like, what is this substance on his body?
[RYAN] And things are getting even weirder.
[GRHAM] You think that's what they used to kill him? Some sort of fast-dissolving, poisonous dust?
[DOCTOR] It doesn't read like he was poisoned. I don't understand.
[YASMIN] So what're we going to tell the others back there?
[PREM] They don't have to know. Hasna already thinks the marriage is cursed. Umbreen doesn't need anything else to worry about. And Manish? Who knows what he thinks these days. I was away from him for too long, fighting in the war. By the time I got back, Manish wasn't my baby brother any more.
[YASMIN] People grow up. We all have to find our own way.
[PREM] Some of us need more guidance than others.
[GRAHAM] This fella needs to be laid to rest.
[YASMIN] Why don't we go and get the others to help? But not let on what happened.
[DOCTOR] Ah! Kordian waves. Which could mean a dormant octonic engine nearby.
[PREM] What's she saying?
[RYAN] If I had to guess, I think we're going demon hunting.
[DOCTOR] Gold star for Ryan. Oh, wait. Was I awarding points? Oh, I forgot about the points.
[PREM] I'm coming with you.
[DOCTOR] No.
[PREM] I know this forest. I can help.
[DOCTOR] Okay. Yaz! Be careful what you say back there. The wrong word in the wrong moment, you could interfere yourself out of existence. Do you understand?
[YASMIN] You know there are aliens here, right, in the Punjab during Partition, and you're worried about me being gobby?
[DOCTOR] Tread softly. You're treading on your own history.
[PREM] I don't like this. Traipsing through the forests alongside the British, looking for the enemy. I've done enough of that. Although maybe you're my enemy now, for the mess you've just made of my country. Carving it up slapdash, in six weeks. Going to run off home now, are you?
[DOCTOR] I'll make a note of your thoughts and pass them on to Mountbatten if I ever bump into him again.
[RYAN] These demon things, you seen 'em before? Or do you reckon they're here because of the Partition?
[DOCTOR] I don't know. I need to find out.
[RYAN] Then he's got one up on you if he's seen them before you.
[PREM] What's your demon tracker saying?
[DOCTOR] It's saying...
[DOCTOR] Hello!
[PREM] What is that?
[DOCTOR] Seems like a transmat

---------------------------------------

(Spaceship)
[DOCTOR] Doorway.
[RYAN] Nice. That was cool.
[PREM] What just happened? We were in the forest and now we're... really not.
[DOCTOR] Short answer, we got dragged through a doorway, into...
[PREM] The demons' lair.
[DOCTOR] Wouldn't put it quite like that but you're getting the gist.
[RYAN] Spaceship, though, right?
[DOCTOR] I can't get a read on anything.
[PREM] It's beautiful.
[DOCTOR] Yeah. You're right. It really is. They can surprise you, demons.
[RYAN] Hey, do you think they're here?
[DOCTOR] Not getting any life signals. Maybe they're out. Shopping. Catching a movie. Bowling. Some races like bowling. I'm talking to cover up my latent worry.
[RYAN] I know. I've got that now.
[DOCTOR] Oh, come on, one of these settings must unlock it.
[RYAN] Hey, that worked.
[PREM] What is it?
[DOCTOR] Exactly what I wanted. Craft spec, species data, bio-ID. (gasp)
[RYAN] What? What've you seen, Doctor?
[DOCTOR] This is a Thijarian Hive.
[RYAN] Is that good thing or bad thing?
[DOCTOR] Thijarians are assassins.
[RYAN] Right. So that's basically a bad thing, then.
[DOCTOR] I've heard about them, but never come across them. They're one of the ancient species, evolved themselves into the deadliest assassins in the known universe.
[RYAN] He was their target?
[DOCTOR] Why, though? Why would the Thijarians target a holy man in the 1940s? Wait. You said you'd seen them before. Where?
[PREM] I don't want to talk about that.
[DOCTOR] It could be important.
[PREM] I don't want any of this! I'm supposed to be married tomorrow.
[RYAN] Mate, the Doctor's right. We can help you, but you have to trust us. Where did you see them?
[PREM] In Singapore. Our section had found a boat to escape on. But I'd signed up with Kunal. I wasn't going to leave without him at my side.
[PREM [memory]] Kunal! Kunal!
[PREM] That's where I saw the demons. Standing over my older brother's dead body. I lost them in the haze as the evacuation sounded.
[PREM] Left his body there.
[PREM] I couldn't save him. Why are they here? How did we bring demons on ourselves?
[DOCTOR] I don't know, but we'll find out, and we'll protect you. All of you.
[PREM] What if you can't?
[RYAN] Ah, er, hey, hey, look at this. Er, that was the stuff that was on the holy man's body. The stuff that they used to kill him.
[DOCTOR] Oh, I'm taking a look at that.
[DOCTOR] Over-keen. Should've thought about that. Er...
[PREM] They're here!
[ALIENS] You have desecrated the Hive. The Hive is sacred.
[DOCTOR] Do you have to push your words into our heads like that, cos it really hurts. And no, we haven't actually. It's you who are desecrating this planet. I know who you are. I know what you do. And it's not happening here. Leave these people alone. They're under my protection now.
[ALIENS] You cannot prevent this.
[DOCTOR] You just watch me.

---------------------------------------

(Forest)
[DOCTOR] Get out of the forest!
[DOCTOR] What?
[DOCTOR] Miniaturised transmat locks. Clever. Also, confiscated. See you!
[PREM] What just happened?
[RYAN] No idea, but the Doctor said get out of the forest. Come on!
[DOCTOR] Ah! And another one.

---------------------------------------

(Farmhouse)
[GRAHAM] Did you know him well?
[MANISH] Bakti taught me the scriptures. How did he die?
[GRAHAM] We're not exactly sure.
[HASNA] Where's Prem, and your other friends?
[YASMIN] Seeing if they can find out any more about what happened.
[HASNA] Your family, Manish. Cursed.
[UMBREEN] Mum!
[HASNA] This is another terrible omen for you.
[UMBREEN] Thanks for that.
[MANISH] I'll get the cart, bring his body back.
[HASNA] I'll help you prepare the burial. And pray for your family.
[UMBREEN] I don't know what to do. Bakti had agreed to marry us. Not many would agree to a Hindu marrying a Muslim right now.
[YASMIN] Then you can't go ahead with marrying Prem.
[UMBREEN] You think I'd give up that easily? I've seen war take our young, and drought take our old and weak. Now men without a clue are imposing a border like a crack through my country. Prem is the one certain thing in my life.

---------------------------------------

(Farm)
[GRAHAM] This must be scrambling your head.
[YASMIN] Just a bit. I thought I knew my nan's story. She inspired me. But if this is true, if this is her life, then she lied to me.
[GRAHAM] Yeah, but maybe she just didn't want to tell you everything, you know. The woman's allowed to have secrets, even from her granddaughter. And you've got to remember, Yaz, that girl in there, she ain't your nan yet. It's only later she'll decide how to tell it. And I honestly don't know whether any of us know the real truth of our own lives, cos we're too busy living them from the inside. So just enjoy it, Yaz. Live this moment and figure it out later.
[YASMIN] Easier said than done.
[GRAHAM] No, no, I get that, but... Look at us. The things we're doing with the Doc. We're in 1947.
[YASMIN] With me nan.
[GRAHAM] Yeah, yeah.
[YASMIN] No one will ever believe us. Especially my nan.
[GRAHAM] Exactly.
[RYAN [OC]] We've lost the Doctor! Mayday! Red alert! Red alert!
[YASMIN] Sounds like trouble.
[GRAHAM] It must be the Doc.
[RYAN] We've lost the Doctor!
[PREM] She was with us and then gone.
[YASMIN] There she is!
[DOCTOR] Get to the barn!
[GRAHAM] What?
[DOCTOR] Get to the barn right now!

---------------------------------------

(Barn)
[YASMIN] What're you...?
[DOCTOR] Shh!
[DOCTOR] No! Stay out!
[ALIEN] You disrupt our work.
[DOCTOR] Good. Now who are you here for?
[ALIEN] We don't answer to you. You must leave or we will stand over your corpses.
[DOCTOR] Nothing like getting to the point.
[PREM] Is it me? Are you here to kill me? Take me, and promise to leave the others.
[UMBREEN] Prem, no. Not going to happen.
[DOCTOR] Both of you, I'm dealing with this. I've just nicked four of your transmat locks out of the forest. Good trick, by the way, forcing people back away from the boundary.Clever. So clever I'm using it myself, against you, locking you out of this farm.
[PREM] You killed the demons.
[DOCTOR] No. Just exiled them for now. I've made a temporary transmat barrier around the farm. I'm hoping it'll keep them out for the next few hours. Enough time for you to get married and for us to keep everyone safe.
[MANISH] Are you serious? After what's just happened? Can't you see what's happening? You bring demons to life.
[DOCTOR] I don't think they're demons.
[HASNA] Well, I do. I'm with Manish.
[UMBREEN] How many hours?
[DOCTOR] Twelve? Eighteen at a push. I can't be sure.
[UMBREEN] Tonight we celebrate, and we marry first thing. And then if we have to fight them, we will. Come on!
[YASMIN] Still not interfering, are we?
[DOCTOR] Oi! The alien assassins started it. We can't leave now. If something happens to Umbreen, your whole timeline could be erased. No Yaz. We can't have a universe with no Yaz. Now, whatever's in here might tell us more. Nobody breathe too deeply.
[DOCTOR] Whoa! It's overloaded my sonic. Too many inputs. That's never happened before. Think. Have to go analogue. I need oil, water, tree bark, a saucepan, nine containers, an old newspaper, a touch of ox spit, a chicken poo and a biscuit.
[RYAN] Bagsy not chicken poo.
[GRAHAM] Why a biscuit?
[DOCTOR] I love biscuits.
[GRAHAM] I am never, ever getting spit from an ox ever again, no matter how much you need it.
[RYAN] The ox took a bit of a shine to him.
[YASMIN] So what is it, then?
[DOCTOR] Science. Should break the sample down, give us more information. Only take a couple of hours.
[UMBREEN] Are you coming or not? What's that?
[DOCTOR] Part of my er, demon repellent.
[UMBREEN] That'd better be gone by tomorrow.
[DOCTOR] Definitely.
[UMBREEN] So, come on. Women with me and Mum, men over at Prem's house.

---------------------------------------

(Farmhouse)
[DOCTOR] This is the best thing ever. Never did this when I was a man.
[YASMIN] Doctor. You and your jokes.
[DOCTOR] Yeah, that's right. My references to body and gender regeneration are all in jest. I'm such a comedian.
[HASNA] Umbreen doesn't think these are my best work. But maybe if you had to prepare a body this morning, you wouldn't draw so well either.
[YASMIN] So, how long have you known Prem?
[UMBREEN] Our whole lives. We all grew up here together. Our families have worked the land alongside each other for generations. I can't believe it's happening. I waited so long for him. All the time he was away fighting, I was terrified he wouldn't come home. But he did, and now I can see my life mapped out with him. Our home, here.
[HASNA] If they let us stay.
[UMBREEN] Nobody cares what we do here, Mum. It's not a city.
[HASNA] I stood outside earlier. I heard gangs in the distance. Motor vehicles. Gunshots.
[UMBREEN] It's a long way away.
[HASNA] It's not too late. I can still find you a good Muslim man.
[UMBREEN] Are you joking right now?
[HASNA] Look at the misery that follows him. You don't even have a priest. What sort of respectable wedding will it be?
[UMBREEN] I don't care about traditions. And I don't care about respectable... Wait. You're a doctor, right? That's respectable. You could marry us.
[HASNA] Don't be ridiculous.
[DOCTOR] I suppose I could.
[YASMIN] No, Doctor...
[DOCTOR] I haven't officiated a wedding since Einstein's. His parents didn't approve either. Non-denominational though.
[HASNA] If your father were alive, he'd die on the spot.
[UMBREEN] Everyone is saying it's a new future. We make our own traditions now.
[DOCTOR] You're on.
[YASMIN] I thought we were not getting involved?
[DOCTOR] (sotto) Only a teensy bit.

---------------------------------------

(Prem's house)
[PREM] Bust. Again. You're cleaning me out, little brother.
[GRAHAM] You know what they say, though, Prem. Unlucky at cards, lucky in love.
[MANISH] You think he's lucky?
[GRAHAM] Yeah.
[MANISH] I think he's lost his mind.
[RYAN] Hey, mate, not on his stag night.
[PREM] You'll have to forgive him. He spends too much time reading pamphlets, listening to angry men on the radio.
[MANISH] Do you love me, Prem?
[PREM] Of course I love you. Even if sometimes I don't recognise the brother I left behind.
[MANISH] Kunal would've understood. He said he was only fighting for you lot so he could get rid of you. And now it's happening. Don't marry tomorrow.
[PREM] Umbreen's a good woman.
[MANISH] You can't live together here. India's not her home now.
[PREM] India's a home to all of us. We didn't change when a line was drawn.
[MANISH] But we did. I need air.

---------------------------------------

(Barn)
[YASMIN] She's going to officiate, knowing he's not my grandad.
[GRAHAM] Well, if Manish has anything to do with it, there won't be anything to officiate.
[RYAN] And these alien assassins, we still don't know who they've come for.
[YASMIN] What happens here? Why did she never tell her family about any of this?
[DOCTOR] This dust is the densest organic material you can imagine. It's sort of everything. Carbon, phosphorous, oxygen, nitrogen, sulphur, calcium.Billions of DNA fragments. And loads more.
[DOCTOR] They're breaking the transmat locks!
[YASMIN] Doctor!

---------------------------------------

(Spaceship)
[DOCTOR] So what, is it me? You've come to assassinate me?
[ALIENS] We are not assassins.
[DOCTOR] Firstly, I much prefer it when you're not making that threatening sound, so thanks for that at least. Secondly, don't lie to me. I know the stories of theAssassins of Thijar.
[ALIENS] We are changed.
[DOCTOR] What? Changed how?
[ALIENS] Our past is no more. We are no longer assassins. Now we are witnesses.
[DOCTOR] I don't understand.
[ALIENS] We honour the lost as we can not honour our own.
[DOCTOR] No, still not with you.
[ALIENS] As the assassins hunted, the Thijarian world was destroyed. We returned to find nothing. This is all that remains of our home. Our people. Every ancestor. All one dust.
[DOCTOR] I didn't know. I'm so sorry.
[ALIENS] They died unwitnessed, unsaved. We were too late to grieve or honour them.
[ALIENS] But we who returned gave up a hundred generations to sift, to remember the lost dead, the unmourned. In time, it was all we knew. And now we travel beyond, seeking the unacknowledged dead across all of Time and space. This is now the Thijarian mission, to bear witness to those alone. To see, to bear pain, honour life as it passes. As each one passes, we commemorate union.
[DOCTOR] That's what Prem saw you do to Kunal, what you were doing to the holy man. But why here? Why now?
[ALIENS] Millions will perish, unseen, unknown in the days to come here.
[DOCTOR] The casualties of Partition.
[ALIENS] We read the timewaves.
[DOCTOR] But why this family? Why this land?
[DOCTOR] Prem.
[ALIENS] His time is soon.
[DOCTOR] How soon? Give him a day. Just give him this day, please.
[ALIENS] We are not gods. Events sit as they will. We only witness. The fixed force of Time cannot be stopped.
[DOCTOR] I know. But if you didn't kill the holy man, if you were only honouring his death, how did he die?
[ALIENS] We can show you.

---------------------------------------

(Barn)
[YASMIN] Where've you been? You've been gone hours.
[DOCTOR] The Thijarians, they told me everything. I know what happened. And I know what happens.
[YASMIN] I want to know what happens.
[DOCTOR] Prem dies today.
[YASMIN] We can't let that happen.
[DOCTOR] It has to. For Umbreen to become your nani, for you to exist, Prem has to die.
[RYAN] You mean the Thijarians have come to kill Prem?
[DOCTOR] That's not why they're here. They're not assassins. They honour those who die alone.
[GRAHAM] Aliens with compassion.
[YASMIN] Umbreen loses her husband on the day she marries. Of course she never wants to talk about it.
[DOCTOR] I'm sorry, Yaz. We should leave.
[YASMIN] No. I want to be sure she's safe, whatever happens. I want to look after my nani.
[RYAN] I'm with Yaz.
[GRAHAM] Yeah, me, too.
[DOCTOR] We can't tell them what we know.
[RADIO] My friends, I woke this morning to the sight of smoke over the hills. More villages burned, more homes ransacked. It seems these savage mobs cannot be satisfied.
[RADIO 2] I urge you to stay safe, and stay strong. Protect yourselves however you must.
[GRAHAM] Well, the flowers don't help much. You still look like a schoolboy on manoeuvres.
[PREM] These are the best clothes I have.
[GRAHAM] You look great.
[RYAN] No Manish?
[PREM] He was out early. He'll be here.
[RYAN] Did you hear the noises in the valley during the night?
[PREM] The violence is getting closer.
[RYAN] Who's doing this stuff?
[PREM] Ordinary people who've lived here all their lives, whipped into a frenzy to be part of a mob. Nothing worse than when normal people lose their minds. We've lived together for decades, Hindu, Muslim and Sikh, and now we're being told our differences are more important than what unites us. Like we learned nothing in the war. I don't know how we protect people, when hatred's coming from all sides.
[GRAHAM] Well, all we can strive to be is good men. And you, Prem, are a good man.
[GRAHAM] I er, I... Come on. Marriage.

---------------------------------------

(Stream)
[PREM] This is the spot you choose?
[UMBREEN] I'm going to be the first woman married in Pakistan.
[PREM] Of course you are.
[HASNA] Are you all right, sweetheart?
[YASMIN] I always cry at weddings.
[DOCTOR] I know there aren't many certainties in any of our lives, but Umbreen, Prem, what I see you in you is the certainty you have in each other. Something I believe in my faith. Love, in all its forms, is the most powerful weapon we have, because love is a form of hope and, like hope, love abides in the face of everything. You both found love with each other. You believed in it, you fought for it, and you waited for it. And now, you're committing to it. Which makes you, right now, the two strongest people on this planet. Maybe in this universe. I am not sure how we formalise this.
[UMBREEN] I am.
[UMBREEN] (to Yasmin) Will you?
[YASMIN] That's a Hindu thing, isn't it? Tying the hands together.
[UMBREEN] Now it can be our thing, if we want it to be.

---------------------------------------

(Barn)
[UMBREEN] I'm not often lost for words but I never thought this day would come. It's been tough. People who I wish were here to celebrate...
[HASNA] They are, bheti.
[UMBREEN] The drought was nearly the end of us. But we get to have this day because of Manish. You were tireless. When there was hardly any food, you took none. When we doubted we'd make it through to summer, you kept on. Night and day, we worked those fields together. I'm proud to have been your neighbour but I'm even prouder now to call you my brother. You kept us fed, Manish. Will you let me feed you?
[MANISH] I didn't work this land for you, Umbreen. I worked it for my brothers. One who didn't come back, and the other I wish hadn't.
[HASNA] Enough, Manish.
[MANISH] No. Look at you all. Don't you understand what's coming? None of this will make a difference.
[DOCTOR] I'll talk to him. Prem, your turn.
[PREM] Okay. So...
[UMBREEN] What are you doing?
[PREM] You did a Hindu thing with the rope. Only right I do a Muslim thing too. This is your mahr. Yours to keep forever.
[UMBREEN] Prem!
[PREM] I'm sorry.
[HASNA] Cursed.
[UMBREEN] It's fine. It's perfect. This is us, forever. Our moment in time.

---------------------------------------

(Farmhouse)
[DOCTOR] Is that what you used to shoot the holy man? Your brother's rifle?
[MANISH] Be quiet.
[DOCTOR] What happened, Manish? Did it get out of hand? Did you scare yourself? Because you were too young for the war. You've never fought or killed anyone.
[MANISH] I'm not scared of anything because this is my time to fight. Fight for what I believe.
[DOCTOR] Killing a man because he might marry a Muslim and a Hindu, and then pretend you knew nothing?
[MANISH] Take your friends and leave, if you want to get out alive.
[DOCTOR] What have you done? Who's coming?
[MANISH] The future.

---------------------------------------

(Barn)
[DOCTOR] Listen, all of you. There's armed men heading up the track. You have to leave now.
[UMBREEN] They want the land.
[HASNA] I'm not going anywhere. This is my home. My husband and parents are buried here. I'm not going to abandon it to thugs.
[PREM] Where's Manish?
[DOCTOR] He's leading them here. He killed the holy man with your rifle.
[PREM] Of course.
[UMBREEN] Mum's right. This is our home. We stay.
[DOCTOR] If you stay, you'll die.
[PREM] Go to the house. Get anything essential, and get back here.
[YASMIN] I'll help you.

---------------------------------------

(Farmhouse)
[YASMIN] Is that Sheffield mapped on here?
[UMBREEN] My Dad brought that map home from the market one day. One night, I said, I'll put my finger on this map and, wherever it lands, I'm going to go.
[YASMIN] And you landed on Sheffield?
[UMBREEN] Such an exotic word. It's in England. Do you know it?
[HASNA] Stop talking. We have to leave.

---------------------------------------

(Barn)
[YASMIN] They're nearly here.
[DOCTOR] You need to move out.
[PREM] I have to talk to Manish.
[UMBREEN] No, Prem. I'm not leaving you here.
[PREM] I'll distract them long enough to be sure you can get away, then I'll be right behind you.
[UMBREEN] It's too dangerous.
[PREM] He's my brother. Across the field, over the border, into the forests. Keep going north.
[PREM] Go.
[PREM] You as well.
[DOCTOR] I'll come with you.
[PREM] No. These are demons I have to face alone.

---------------------------------------

(Field)
[UMBREEN] Mum, come on, keep up.
[HASNA] I'm running as fast as I can.
[YASMIN] Look.
[MANISH] They're checking the land for people who don't belong.
[PREM] This is our home. Everyone's welcome here. I know what you did to the holy man.
[MANISH] There's nothing holy about a man who would approve your union. Better he die than defile himself.
[PREM] My baby brother. What happened to you?
[PREM] Really? I know you. We fought together in Siam. We made a good team. And now this? I can't let them through, brother.
[MANISH] We are your people, Prem. India is your country. You and Kunal fought for this.
[PREM] This is not what I fought for.
[ALIENS] We will watch over him now.
[PREM] Please, Manish.
[DOCTOR] Come on.

---------------------------------------

(Tardis)
[YASMIN] She made it out, right? She got to Lahore. She lived.
[DOCTOR] She made it.

---------------------------------------

(Khan flat)
[UMBREEN] This is a terrible design. Was it a good wedding at least?
[YASMIN] Yeah.
[UMBREEN] What is the matter, bheti?
[YASMIN] You loved grandad, didn't you?
[UMBREEN] Of course.
[YASMIN] And you're happy with how your life turned out?
[UMBREEN] Why would you be asking that?
[YASMIN] Just your journey. So many countries, so many years. I can't even begin to imagine what you've dealt with. Then you end up in Sheffield, of all places.
[UMBREEN] I love Sheffield.
[YASMIN] Really?
[UMBREEN] Well, not quite as exotic as I thought it would be, but it gave us stability, a life, a home. And it gave me your mum. And it gave me you and your sister. You want to know about the watch? Really?
[YASMIN] No. Tell me another time. I love you, Nani.
[UMBREEN] And I love you too, bheti.
",2018-11-11,Doctor Who - Demons of the Punjab
"Doctor Who (18 Nov 2018; Thirteenth Doctor) - Kerblam!

[DOCTOR] Hold on.
[YASMIN] We are holding on!
[DOCTOR] Well, hold on tighter.
[GRAHAM] Can you do something about this turbulence?
[DOCTOR] I'm avoiding something. Argh, can't get the hang of these new systems.
[YASMIN] What is it?
[DOCTOR] No, it's still coming for us. Oh! It's a teleport pulse.
[RYAN] Ah! What's that?
[DELIVERY BOT] Delivery for the Doctor.
[DOCTOR] Ah, it's the Kerblam man!
[YASMIN] It's the what?
[DOCTOR] The Kerblam man.
[GRAHAM] You're just making sounds now.
[DELIVERY BOT] Delivery fulfilled. And remember, if you want it, Kerblam it!
[GRAHAM] Space postman. I've seen it all now.
[DOCTOR] Delivery bots. Kerblam's the biggest retailer in this galaxy. I don't remember ordering anything. Must've been a while back.
[DOCTOR] Oh. What do you think? (puts it on) Still me?
[GRAHAM] Nice.
[RYAN] Check it out, they even use bubble wrap.
[YASMIN] Doctor, look at this, the back of the packing slip.
[DOCTOR] (reads) Help me.
[RYAN] Probably someone just bored out their mind, mucking about. Trust me, I've been there. You should have seen what we used to hide inside the trainers.
[YASMIN] What if it's not? What if someone really is in trouble?
[GRAHAM] Can't hurt to check, can it, Doc.
[DOCTOR] Right. Kerblam, here we come.

---------------------------------------

(Outside the Warehouse)
[DOCTOR] There's the planet Kandoka, and we're on its moon. Kerblam turned it into one massive warehouse.
[GRAHAM] Look at the size of it.
[YASMIN] There must be thousands of people in there. How are we going to find out who sent that message?
[RYAN] Halfway across the universe, and I feel like I'm back at work.
[DOCTOR] Ryan, brilliant. Come on.
[RYAN] What?
[DOCTOR] We're going under cover. Chop chop.

---------------------------------------

(Reception)
[SYSTEM] Good morning, workers. Welcome to another rewarding...
[DOCTOR] Can you check again? We just came in from Kandoka. We must be on the list there somewhere.
[JUDY] Not expecting anyone new today. Didn't even know there was a shuttle coming in.
[DOCTOR] Do you mind if I take a look? It might just be the spelling. By the way, this is our reference.
[JUDY] Oh, you're relatives of the First Lady?
[DOCTOR] Oh, did she put that? We asked her not to. Didn't we, gang?
[YASMIN] We don't like to talk about it.
[RYAN] Yeah, so awkward.
[GRAHAM] We're very private.
[JUDY] Well, there must be some m... Oh, no, here you are. Got you. Private shuttle landing. Sorry, person error. Me, I mean. Right, well, er, let's get you on this induction, then. Follow me, this way.
[SYSTEM] Welcome to another rewarding shift at Kerblam, fulfilling orders from the human colony at Kandoka...
[DOCTOR] (to cleaner) Hi.
[CHARLIE] Morning.
[DOCTOR] Sorry, what's your name?
[JUDY] Judy Maddox. Head of People.
[DAN] Morning, Les. How are the family?
[TEAMMATE] Good morning, Daniel. My name is not Les, but I acknowledge your amusing co-worker banter.
[DAN] Every morning. (to the Doctor) So much for machine learning.
[TEAMMATE] Have a great day, Dan.
[DOCTOR] Hiya.
[TEAMMATE] Good morning, new workers.
[RYAN] Is it me, or are they pretty creepy?
[GRAHAM] It ain't you.
[DOCTOR] Oi, you two, that's robophobic. Some of my best friends are robots.
[YASMIN] You'll be right at home here, then.
[SYSTEM] Kerblam. Fully automated, people powered.

---------------------------------------

(Induction)
[JUDY] The System allocates work details based on fitness, stamina, dexterity and mental assessments.
[DOCTOR] Same model as the Kerblam Man. I love the Kerblam Man.
[JUDY] The TeamMates are the friendly face of the System. They're here to assist and to supervise the organic workers.
[GRAHAM] Organic?
[JUDY] Oh, sorry. Listen to me. You get so used to the jargon. Gone native. Two hearts?
[DOCTOR] Courtesy of the First Lady. Very good healthcare policy, I don't like to talk about it. So, Kerblam is completely automated?
[JUDY] No. Ninety percent, as per Kandokan guidelines. Proud to be a certified Ten Percent People-Powered Company. I know some people are against quotas, but I am all for that one. Mind you, I would say that, Head of People. Self-interest. It's funny, I don't normally talk this much.
[JUDY] Oh. Don't worry. It'll come back online in a moment.
[DOCTOR] Not paid your bills?
[JUDY] Build a warehouse on a moon, it's never going to be perfect. We get the occasional power drain, it's down to the self-optimisation systems.
[YASMIN] (being scanned) How's the morale among the workers?
[JUDY] I like to think very good. It's my job to make sure that everyone's happy. Not that it's difficult. I mean, we're all so grateful to have a job, right? We all know how hard they are to come by. No, I hope that people feel it's a privilege to work at Kerblam.
[TEAMMATE] Relax as I fix your GroupLoop.
[GRAHAM] Are we under house arrest?
[JUDY] Oh, no. The GroupLoops monitor productivity and report back to the System.
[RYAN] I wore one of these at me last job.
[JUDY] Oh, really? Where was that?
[RYAN] SportStack. People's Republic of South Yorkshire.
[JUDY] Hmm. I don't know it. But it's nice to meet someone with experience. You'll feel right at home.
[RYAN] Yeah.
[JUDY] Right, time for the tour.

---------------------------------------

(Catwalk)
[JUDY] 600 million products, 10,000 employees. The biggest human workforce in this galaxy. Welcome to Kerblam.
[SYSTEM] Welcome to another rewarding shift at Kerblam, fulfilling orders from the human colony of Kandoka.
[RYAN] 10,000 workers, one little message.
[DOCTOR] Might take a while, this.

---------------------------------------

(Fulfilment)
[JUDY] The System instantly relays customer orders to workers in Fulfilment. They scan the product and send it down to the Packing Stations.

---------------------------------------

(Packing)
[SYSTEM] Product incoming.
[JUDY] Once it's packed, the customer's order goes on the conveyor. Rule number one. Keep all loose clothing, hair and body parts away from the conveyors.And never, ever climb onto the conveyors. Any person found on the conveyor faces immediate termination.

---------------------------------------

(Final Checks)
[JUDY] And this is Final Checks, where parcels are inspected, sealed and go down the hatch to Dispatch. Through this hatch beats the heart of the Kerblam operation. Hundreds of conveyors pumping parcels down to our fully-automated lower level. From Dispatch, our postmen retrieve the parcels and teleport direct to the customers. Any questions?
[DOCTOR] Can I do the packing slips?
[JUDY] Sorry, only purple GroupLoops work the packing stations.
[DOCTOR] Oh.
[JUDY] Leisure breaks in the HomeZone. Right, I'll leave you in the capable hands of the TeamMates. I'll be checking in on you, make sure you're okay. Got to keep an eye on the ten percent. As my dad used to say, go, Organics! He was a bit odd, my dad.
[DOCTOR] Stand still, Graham.
[GRAHAM] What are you doing?
[DOCTOR] Switching jobs with you. I need purple. Whoever sent that message had access to the packing stations. That's where I need to be.
[GRAHAM] And where does that leave me?
[TEAMMATE] Hello, co-workers. We're so thrilled to have you with us. Yasmin Khan, please come with me. Ryan Sinclair and the Doctor - great name - with my colleague to the left.
[TEAMMATE 2] Hello, team.
[YASMIN] Meet at break time in the Home Zone?
[RYAN] Yes, ma'am.
[DOCTOR] Roger Wilco. Oh, did I ever tell you about a bloke I met called Roger Wilco?
[GRAHAM] Here, here, hold on. What about me? Where am I going?
[TEAMMATE 3] Graham O'Brien. A very warm welcome to Premium Maintenance.
[GRAHAM] Not a word.

---------------------------------------

(Packing)
[SYSTEM] Product incoming.
[KIRA] You two are doing so well. Especially for a first day.
[DOCTOR] Thanks, Kira. I was hoping for something a bit less really repetitive, but I'm quite enjoying it.
[SYSTEM] Product incoming. You're a ninja at this, Ryan.
[RYAN] This was my life before you. Mind you, you should have seen me when I'd just started. First month, total nightmare. Takes me a while to learn thingsphysically. Get there in the end, but just some stuff takes me a bit longer. Luckily, I had mates who covered for me in the beginning.
[KIRA] I was terrible too, my first week. I'm amazed the System kept me on. But now I just take a deep breath at the beginning of every shift and tell myself, Kira Arlo, you can do this. Sometimes I almost believe myself.
[DOCTOR] What I don't understand is, why does Kerblam need people as a workforce? These are automated and repetitive tasks. Why not get the robots to do it?
[KIRA] Do you not watch the news?
[DOCTOR] We travel a lot.
[RYAN] A lot.
[KIRA] Kandokan labour laws. Ever since the People Power protests, companies have to make sure a minimum ten percent of the workforce are actual people, at all levels. Like the slogan says, real people need real jobs. Work gives us purpose, right?
[RYAN] Some work, maybe.
[SYSTEM] Product incoming.
[KIRA] Do you want a tip? If I ever get bored, I imagine customers opening their parcels back on Kandoka. Their big smiles. I only ever got a present the once,but oh, I can never forget how it felt. Like, like a little box of happiness.
[RYAN] Just one present in your whole life?
[KIRA] My birthday last year. A little box of chocolates from Judy, our Head of People. Oh, it was so amazing.
[RYAN] What about your mum and dad? Didn't they ever get you a present?
[KIRA] Never knew them. But I can still imagine families opening these packages. We make them happy by doing what we do here.
[DOCTOR] You have a great approach to life, Kira.
[KIRA] Thank you. That's so lovely of you. Nobody's ever said something that nice to me.
[DOCTOR] Where are these packing slips generated from?
[KIRA] I don't know. They just arrive here. Our little instruction slips.
[DOCTOR] Kira, have you ever met anyone here who's worried or needs help?

---------------------------------------

(Fulfilment)
[DAN] Help with what?
[YASMIN] I don't know. Somebody having a hard time, or got themselves into trouble.
[DAN] Word of advice. The TeamMates can hear everything, if they choose.
[YASMIN] Everything?
[DAN] Constant random monitoring. No such thing as privacy here. Are you from the Union? Is that it?
[YASMIN] Just trying to get a sense of the place.
[DAN] Well, best way to get along. Do as you're told, try not to bump into the robots. If you can manage that, you might end up on a poster.
[YASMIN] That's you.
[DAN] Film star looks. I got extra credit for it. Sent a poster to my little girl for her bedroom wall.
[YASMIN] How old is she?
[DAN] Six.
[YASMIN] Where is she?
[DAN] She's upstairs. She's Head Of Finance. No, she's back home on Kandoka. She made me this, lacquered with Arcadium.
[DAN] Outlast anything, that will. Including me. Actually, that's a bit depressing.
[TEAMMATE] Hello, co-workers. Please confine social interaction to leisure breaks.
[YASMIN] How often do you see your daughter?
[DAN] Twice a year, I splurge on an economy shuttle. Rest of my wages I put away for her education. I do this job so she doesn't end up like her dad.
[YASMIN] Her dad's all right.
[DAN] Well, I was a rubbish husband to her mum. But I'm making up for it.
[YASMIN] It's tough being away from family.
[DAN] Well, at least I'm working. Unlike half the galaxy. Suppose we've only got ourselves to blame. Whilst we were busy staring at our phones, technology went and nicked our jobs.
[TEAMMATE] Great conversation, guys, but unnecessary talking can lead to efficiency reductions. Why not pick up the pace a little?
[DAN] Sure thing, Basil.
[TEAMMATE] Thank you.
[DAN] He was a pole dancer till his hips gave out. I like you, Yaz. You laugh at me jokes.
[YASMIN] Hmm. Antique lamp. Section triple nine double five slash seven.
[DAN] No. Not a good idea. Not on your first day. I'll take that. You'll get lost in the Triple Nines.
[YASMIN] Dan, I'm perfectly capable...
[DAN] I know you are. I'm just not sure the System is. There's barely anything down the Triple Nines any more. The last person to search for an order down there got the sack. I never saw them again. I'm not having that happen to you, not on your first day.

---------------------------------------

(Packing)
[SYSTEM] Kerblam performance status. All systems currently at optimal...
[DOCTOR] Another power drain?
[SYSTEM] Functionality. System online.
[SLADE] All right, it's just a glitch. Back to work. Come on, Kira, re-engage brain, if you can find it.
[KIRA] Sorry, Mister Slade.
[RYAN] Hey, don't talk to her like that.
[KIRA] It's okay.
[DOCTOR] No, it's not.
[SLADE] Who are you?
[DOCTOR] I'm the Doctor. I'm new. And you are?
[SLADE] Jarva Slade, Warehouse Executive. Your boss.
[DOCTOR] Well, you've certainly got the clipboard for it. Be nicer to Kira, please.
[SLADE] How would you like a warning for insubordination?
[DOCTOR] I'd love one. I could add it to my collection.
[KIRA] Doctor, don't.
[DOCTOR] Gentle people skills advice for you, Mister Slade. Respect goes both ways. The best managers, the really good ones, value their staff and know instinctively if someone's in trouble, or is asking for help. Now, how good a manager are you? Know anyone who needs help?
[SLADE] Get back to work. All of you.
[KIRA] Be careful with Slade. Last week, Zaff got a warning for leaning on the conveyor and the next day he was gone.
[RYAN] Gone? Does that happen a lot?
[KIRA] A few have gone recently. Zaff, Jax from the canteen, Chinello from Maintenance. And it's weird, because Looper called Chinello's mum and she never arrived home.

---------------------------------------

(Fulfilment - Triple 9s)
[DAN] Blimey. You scared me there for a moment. You should be in Dispatch, shouldn't you? Not down here. What are you doing, practising your lurking? Can you hear me? Something wrong with your speech circuits?
[DAN] Hang on, I'll report it. Get you back to Dispatch.
[YASMIN] Dan? Dan? Dan. Dan! You down there?
[YASMIN] Dan!
[YASMIN] Are you there?
[YASMIN] Er... I just found these. They belong to Dan Cooper. Do you know where he is?
[YASMIN] Okay, never mind!

---------------------------------------

(Maintenance store)
[TEAMMATE] Safety Rule 198, do not drink any of the cleaning fluids.
[GRAHAM] Yeah, yeah, I've got it now, guys, thank you.
[TEAMMATE] Your Maintenance Mentor is Charlie.
[GRAHAM] Huh? Oh, all right, cockle?
[TEAMMATE] Have a productive day, team.
[TEAMMATES] Happy maintaining!
[GRAHAM] Graham. Nice to meet another real person.
[CHARLIE] Charlie. I've just done the gents', so...
[GRAHAM] Oh, I'll just settle for a wave, then. Cor, those guys go on a bit, don't they? I mean, that briefing nearly lasted half my life, and I'm 310.
[CHARLIE] I, er... I saw you arrive earlier. Wasn't expecting anyone new down here.
[GRAHAM] Well, it's your lucky day, then, eh, Charlie boy? So, tell me how all this really works.
[CHARLIE] The moment there's a mess or a spill, we get beeped. There's strict time guidelines on how quickly we're supposed to get there and how long it takes us to clear things up.
[GRAHAM] Right.
[CHARLIE] All laid down by the System. They check up on us after every task.
[GRAHAM] So even though everything's automated, there's still an idiot boss?
[CHARLIE] Yeah.
[SYSTEM] Temporary functionality issues. Team 9, please take an emergency rest break in the Home Zone now.

---------------------------------------

(Home Zone)
[DOCTOR] So, just to be clear. You found Dan's scanner crushed?
[YASMIN] I heard him yell and now there's no sign of him anywhere. We have to find him.
[DOCTOR] These were Delivery Bots like the Kerblam Man? Not the TeamMates? You two stay with me. (to Graham) I need you to find out the history of the company and try and get some plans of the complex.
[GRAHAM] How am I going to do that?
[DOCTOR] You're perfectly placed. No one questions a cleaner. You've got unrestricted access.
[GRAHAM] Yeah, and chronic skin irritation.
[CHARLIE] Graham, did you sort that spill?
[GRAHAM] It's all right. All taken care of. Don't worry. Everyone, this is Charlie.
[KIRA] Hi, Charlie.
[KIRA] Oh no. What am I like?
[CHARLIE] It's okay, I've got it. It's okay.
[KIRA] I'm so clumsy.
[CHARLIE] I don't mind.
[KIRA] Really?
[CHARLIE] Really.
[KIRA] I'm just such a butterfingers.
[CHARLIE] I love butter.
[DOCTOR] Aww.
[CHARLIE] Er... bye.
[KIRA] Oh.
[RYAN] Workplace crush.
[GRAHAM] Reminds me of you when you were younger. When I say younger, I mean last month.
[RYAN] Ha, ha, ha. Funny.
[DOCTOR] Come on, we're going to file a complaint.

---------------------------------------

(Office)
[DOCTOR] Dan Cooper has vanished. Maybe you should call the police.
[SLADE] There are no police here.
[DOCTOR] The authorities, then.
[JUDY] We are the authorities. Kerblam is its own jurisdiction. We have responsibility for all employee welfare.
[DOCTOR] Then you'd better be worthy of the jobs you're holding because a man is missing and I don't think he's the first, not if this is any indicator.
[DOCTOR] This came to me in a delivery.
[JUDY] What do you think it means?
[YASMIN] It's not exactly cryptic.
[RYAN] Somebody was worried about their own safety, and now we're finding that other people are going missing.
[DOCTOR] Who has access to the printing system for those packing slips?
[SLADE] Nobody. They're auto-generated during the order process. But they're placed in boxes by the workers in Fulfilment. Your section.
[RYAN] Have you tried working down there? There's no time to add stuff to slips. This was done somewhere else before it gets to Fulfilment.
[DOCTOR] Something is very wrong here at Kerblam. And if you two don't do something about it, I might start to suspect that you're responsible.
[JUDY] We'll look into it. You have my word.
[SLADE] Mine too.
[DOCTOR] Those words better be worth something. And if anything happens to us, or our new friends, or anyone else here, you'll have me to answer to.
[DOCTOR] Too bombastic?
[YASMIN] Felt about right.
[RYAN] I kinda liked it.
[DOCTOR] Thanks. Laters! Oh, I'm not doing that again. Sticking with bye.

---------------------------------------

(Corridor)
[RYAN] Catch me up with this. We storm into management, cause a fight. What ever happened to being under cover?
[DOCTOR] That was before I knew people were disappearing. I'm stepping it up a gear, going straight to the top.
[YASMIN] I bet you were the sort of kid who liked poking a stick in the wasps' nest, just to see what happened.
[DOCTOR] Don't like bullies, don't like conspiracies, don't like people being in danger. And there's a flavour of all three here. Now, ever hidden in a panelled alcove?
[RYAN + YASMIN] No.
[DOCTOR] You haven't lived.
[RYAN] Why are we doing this, exactly?
[DOCTOR] We wait until Slade leaves, then we break back in to his office, obviously. Oh, talking of wasps. Did I ever tell you about me and Agatha Christie?

---------------------------------------

(Maintenance store)
[GRAHAM] So, how long have you had a thing for Kira?
[CHARLIE] How'd you know about that?
[GRAHAM] That's one of my superpowers, yeah. I can detect even the most subtle of social cues.
[CHARLIE] Really?
[GRAHAM] No. It's obvious.
[CHARLIE] I dunno. It's kind of... it's just er... it's just I can't... I can't concentrate when I'm near her. It's like I forget everything I'm supposed to be doing. I mean, have you smelt her?
[GRAHAM] Strangely enough, I haven't.
[CHARLIE] She smells... perfect. I haven't told anyone else. Been on my own here for a long time.
[GRAHAM] I can tell. Charlie, can I be honest with you?
[CHARLIE] I suppose.
[GRAHAM] You see, you know your way around here, but I am going to need a little bit of help, you see, because I get easily confused. A bit like you when Kira's around. And I cannot get my nut around the shape of this place because it's way too big, but... if I had, like, a er... some sort of...
[CHARLIE] Diagram?
[GRAHAM] A diagram of Kerblam's layout, maybe I could find things a bit easier, see? Cos without it, I ain't going to last long in the job, am I, cos it'd take me hours to get to the next spill.
[CHARLIE] I reckon I can get that.

---------------------------------------

(Reception)
[SYSTEM] Our reception is currently in night mode.
[CHARLIE] These artefact cabinets contain the entire history of Kerblam, from the prototype Delivery Bot right up to today. Designs, layout, everything.
[GRAHAM] Right. Won't somebody miss 'em?
[CHARLIE] Ah, it's just for show. Like you say, we're only borrowing. Not like anyone pays attention to this stuff.
[GRAHAM] Yeah. And you've got the codes for all of these, have you?
[CHARLIE] The insides of these cabinets need polishing too, you know.
[GRAHAM] Yeah, of course they do. Right. Mind if I get a friend to help me study these?
[CHARLIE] What?
[GRAHAM] Thank you, cockle. Come on. (to a Delivery Bot) Nothing to see here, mate.

---------------------------------------

(Office)
[YASMIN] I thought Slade'd never leave.
[DOCTOR] What do we think, then?
[YASMIN] If this is Slade's office, and everything in this company is automated, why does he need a clipboard?
[RYAN] Or a filing cabinet?
[DOCTOR] Khan and Sinclair, the greatest detectives in the galaxy.
[YASMIN] Locked.
[DOCTOR] Ooo, paperwork. Very retro. Now, what sort of paperwork does Slade keep locked away?
[RYAN] What is it?
[YASMIN] Oh, my God.
[JUDY] You'd better have a very good excuse for breaking in here. Your GroupLoops told me you were back here.
[DOCTOR] Oh. I knew that, but I forgot that. That's the problem with conspiracies, there's so much to think about. What if I said we'd got lost, ended up in here by accident, just as the filing cabinet weirdly fell open. How would that play?
[JUDY] There were no shuttles from Kandoka today. I checked. Who are you? Industrial spies?
[DOCTOR] I was being honest with you earlier. We got a message that someone needed help, and we came. People are vanishing, and Mister Slade is keeping a running tally.
[DOCTOR] Seven people so far. According to these notes, it started four months ago with two workers. The next month, another. This month, four. The disappearances are on the increase. No wonder people are sending out cries for help. And as Head of People for Kerblam, I'd suggest you're guilty of some serious negligence.
[YASMIN] Another power drain?
[JUDY] That's not a power drain. That's a total system blackout. (uses a computer terminal) Power's drained right down to the Foundation levels.
[DOCTOR] What's down in the Foundation levels?
[GRAHAM] I can help with that.
[JUDY] Charlie, what are you doing up here?
[CHARLIE] Sorry, Judy.
[GRAHAM] He's with me.
[DOCTOR] And he's with us.
[GRAHAM] And they are the original plans for Kerblam.
[JUDY] What are you doing with those? Those are company artefacts. Was this down to you?
[RYAN] More urgent question. If everything's automated and all the power's shut down, why is that robot still active?
[DOCTOR] Oh, good question. Back behind me, everyone.
[TEAMMATE] Error reported. Error reported.
[GRAHAM] Charlie, don't, mate.
[CHARLIE] I can er, I can look at it.
[TEAMMATE] Error reported. Error reported.
[TEAMMATE] Investigating.
[DOCTOR] Charlie!
[TEAMMATE] Investigating. Investigating.
[YASMIN] Doctor, do something.
[DOCTOR] I'm trying. The receptor codes are fluctuating.
[JUDY] Are you all right? Deep breaths now. You're safe. This has never happened before with any of the robots.
[YASMIN] You're wrong. When Dan Cooper went missing, there were three of those, dressed in those Postmen uniforms, walking the shelving. They came after me.
[JUDY] That's not possible. The Delivery Bots never leave Dispatch. We'd know. The System would tell us.
[DOCTOR] I would respectfully suggest that you can't trust your System.
[DOCTOR] And we're back online. But the receptor cells on this are all blown out.
[RYAN] Hey, Doctor, be careful.
[DOCTOR] Oh, it's as if the System suddenly channelled all its energy into this one single TeamMate.
[YASMIN] The System's attacking us?
[DOCTOR] It's like the System's gone rogue.
[JUDY] Of course it's gone rogue. Nobody would do any of this deliberately.
[DOCTOR] If I ever find out that you're lying...
[JUDY] I have worked for years to make Kerblam more of a People-Powered Company. My career has been about bringing people like Charlie here. People who need a second chance. Haven't I?
[CHARLIE] It's true. She's the reason most of us are here. She selects all the workers. We owe her a lot.
[JUDY] I've never seen these papers of Slade's before now. Those names, Zaff, Jax, Chinello, the others, they're active on the System. According to the System, they're still alive and working. There are 10,000 people here. I can't keep track of them all.
[YASMIN] So what do we do, Doctor?
[DOCTOR] If I could get a copy of the original code, I could hack in, isolate the upgrades and see what it's up to.
[RYAN] So you need Kerblam version 1.0.
[YASMIN] That'd be hundreds of years old, wouldn't it?
[GRAHAM] And I think we can help with that.

---------------------------------------

(Reception)
[RYAN] Kerblam Delivery Bot version 1.0. Also known as Twirly.
[CHARLIE] I don't think we should do this. If Mister Slade finds out...
[JUDY] Leave Slade to me. Let's just hurry up before the TeamMates come on their patrol.
[DOCTOR] Here we go, Twirly. Nice to meet you.
[YASMIN] Quite cute, isn't it?
[RYAN] It's kind of retro.
[DOCTOR] Well, he is getting on a bit. I love a bit of retro.

---------------------------------------

(Packing)
[TEAMMATE] Kira Arlo.
[KIRA] Hi. Yes. Sorry, I didn't hear you there. I was in my own little world.
[TEAMMATE] You are an exceptional worker, Kira Arlo.
[KIRA] Am I?
[TEAMMATE 2] We are thrilled to reveal you've been designated Employee Of The Day.
[KIRA] Oh. Oh wow. I, I, I didn't even know there was such a thing.
[TEAMMATE] And in recognition of your work, Kerblam has a gift for you.
[KIRA] A gift?
[TEAMMATES] Come with us.

---------------------------------------

(Reception)
[TWIRLY] Customers who selected these items also bought ear mufflers, pencil sharpeners and cola bottles. Say yes now to order these three for the price of the cheapest two.
[DOCTOR] No.
[TWIRLY] Thank you. I have stored your preferences. And remember, if you want it, Kerblaaa...
[DOCTOR] It's out of juice. It needs a big recharge before I can access the code.
[GRAHAM] Maintenance store. There's everything there.
[CHARLIE] That's not a good idea.
[JUDY] Doctor, I've just had a notification that one of the workers from Packing has gone missing. Her GroupLoop's disappeared right off the System. Name of Kira Arlo?
[CHARLIE] What? Kira?
[RYAN] We have to find her.
[DOCTOR] I thought you said the System didn't notify you when someone went missing.
[JUDY] Well, it didn't until now. It's like it's sending us a deliberate message.
[RYAN] It knows we're onto it.
[CHARLIE] Where was her signal last recorded?
[JUDY] Er... Dispatch.
[CHARLIE] That's not possible. No people are allowed down there.
[DOCTOR] Dispatch? Foundation levels, right? Where the power's drained down to.
[YASMIN] How do we get to her?
[JUDY] You can't. It's fully automated. There's not even a route down.
[YASMIN] But she got down there somehow.
[RYAN] You get what you need from that robot. Yaz, Charlie, come with me. We'll find Kira.
[GRAHAM] Hang on, how are you going to get down there?
[RYAN] I know how these places work.

---------------------------------------

(Final Checking)
[RYAN] Get ready to stick it to Rule Number One.
[YASMIN] You did this in your last job?
[RYAN] Yeah. Once.
[YASMIN] How'd it go?
[RYAN] Really badly. Sprained ankle and a final warning.
[CHARLIE] Come on. We have to find Kira.
[RYAN] I should let you know I have a coordination problem. Not super serious, but you know, makes life really interesting. And frustrating. And difficult. Especially at moments like this.
[CHARLIE] You don't have to come. I can find Kira on my own.
[RYAN] Mate, that's not how we roll. Is it, Yaz?
[YASMIN] Nope. We're all in.
[RYAN] Dispatch, here we come.

---------------------------------------

(Room)
[TEAMMATE] Here you are, Kira.
[KIRA] Thanks. Sorry, what's this?
[TEAMMATE] Make yourself at home.

---------------------------------------

(Dispatch)
[YASMIN] You sure about this? We'll be safe, won't we?
[RYAN] Definitely. I mean, the parcels are safe. We're just parcels now.
[CHARLIE] But the parcels get wrapped in bubble wrap, to protect them.
[YASMIN] From what?
[RYAN] Oh, my days.
[CHARLIE] From that!
[YASMIN] Never liked roller coasters!
[CHARLIE] We're going to die!
[YASMIN] We're going too fast!
[RYAN] We did it! That was amazing! We're amazing. Charlie, you're the man!
[YASMIN] Charlie, we're coming!
[RYAN] I can't jump down there.
[YASMIN] Course you can. We both can. Right? (they stand and hold hands) On one... two... three!
[RYAN] We did it. We're not dead. We're totally not dead!

---------------------------------------

(Maintenance store)
[DOCTOR] Right, Twirly, all charged up.
[TWIRLY] Alert. You may also like to know we have a one-hour offer on cushions! Cushions liven up the grimmest workplace, like this one.
[DOCTOR] Twirly, hi. I'm the Doctor, and this is Graham, and this is Judy. And can you pause all sales protocols for a bit?
[TWIRLY] Even the upselling?
[DOCTOR] Even the upselling. You've just had a nap of about two hundred years, so your offers are out of date anyway.
[TWIRLY] Without upselling, my only purpose is delivery.
[GRAHAM] We don't need you do that either, mate.
[TWIRLY] The future is very confusing for my protocols. I serve Kerblam, and Kerblam serves the people.
[JUDY] Which is why we need your help. These are my Kerblam credentials, my own executive read-code. We need you to carry out a task which may fundamentally save Kerblam.
[TWIRLY] I am only a delivery bot.
[GRAHAM] See, now you've made it nervous.
[DOCTOR] Don't panic, Twirly. You can do this. It's possible that Kerblam has been compromised. I'm going to patch you into the System. I need you to look far and wide, past new upgrades and firewalls and security patches, into the base code that only you can recognise, and then you can tell us what's going on and deliver the information to us.
[TWIRLY] Retrieve and deliver. I understand.
[DOCTOR] This might tickle.
[TWIRLY] Help me, help me, help me!
[DOCTOR] What happened?
[SYSTEM] Help me. Help me.
[DOCTOR] Why are you saying that?
[SYSTEM] Not Twirly speaking. The System. Kerblam. Help me, Doctor. Help me. Help me, Doctor. Help me.
[DOCTOR] Oh! The System sent the message. It printed the slip. It sent it out.
[GRAHAM] But why would the System need help?
[DOCTOR] Twirly, what do you mean? What sort of help? How can we help?
[SYSTEM] Help required in Dispatch. Help in Dispatch. Urgent help.
[GRAHAM] Doc, they've all just gone down there.

---------------------------------------

(Foundation level)
[CHARLIE] Disinfectant post. Get down.
[SYSTEM] Organic contamination detected. Initiate disinfection. Disinfection process unsuccessful.
[RYAN] Urgh! It tastes like...
[SYSTEM] Organic contamination persists. Hygiene Defence is activating. Initiate disintegration.
[CHARLIE] Run!
[SYSTEM] Disintegration progressing.
[RYAN] I'm never doing that again.
[YASMIN] So we're at the Foundation Level?
[RYAN] Yeah.
[KIRA [OC]] Hello? Hello?
[CHARLIE] That's Kira's voice.
[RYAN] How did she get down here?
[YASMIN] I think it came from this way.

---------------------------------------

(Reception)
[DOCTOR] I'm stupid, really stupid. Can you believe how stupid I am?
[GRAHAM] (Carrying Twirly) Is that a rhetorical question?
[DOCTOR] I can't believe I didn't think of it sooner. There's too many things going on, too many variables. My brain's too crowded.
[JUDY] What's she talking about?
[GRAHAM] No idea. You get used to it. She normally explains in the end.
[DOCTOR] These delivery bots. They've got teleport circuits.
[GRAHAM] See?
[DOCTOR] We don't have to go on the conveyor down to Dispatch. If I can hijack their circuit for one moment...
[SLADE] (pointing his weapon) Move away from the delivery bot.
[DOCTOR] No, Slade, don't.

---------------------------------------

(Foundation level)
[DOCTOR] Very bad manners to point guns at people. I've never warmed to you. (releases him) So, tell us what you've done.
[DOCTOR] We saw the list, the names of the victims you've targeted.
[SLADE] What? I'm not targeting people. I'm recording the missing.
[DOCTOR] Oh. So it's not you?
[SLADE] No. Something's wrong with the System, but I don't know what. That's why I had to make sure my notes were analogue. I though it was you. I've been tracking you since you arrived.
[DOCTOR] We're trying to help.
[SLADE] So am I, but what am I supposed to do? There's no one to report this to, no one to stop it. There's only the System.
[JUDY] There's me. I'm responsible for every person here. You could have told me.
[SLADE] I didn't know whether I could trust you. I still don't.
[GRAHAM] Hey, Doc, come and have a look at this.
[GRAHAM] Some kind of goo and GroupLoops. Why are they in there?
[DOCTOR] I think these are the remnants of the missing workers. We're under a vast liquidisation tank.
[GRAHAM] What? You mean the robots are kidnapping the workers and then liquidising them?
[DOCTOR] What I don't understand is why.
[GRAHAM] Anyone got a tissue?
[DOCTOR] Whoa!
[GRAHAM] Looks like an army.

---------------------------------------

(Room)
[KIRA] Hello?

---------------------------------------

(Outside the room)
[RYAN] Kira!
[RYAN] Kira! She can't hear us.
[YASMIN] Let me find the entrance.
[CHARLIE] We've got to get her out. Why's she in there?
[YASMIN] There's no access from here. We can't get her out.

---------------------------------------

(Foundation level)
[SLADE] Complaints have been coming in about delayed deliveries. This must be why. Everything's stuck here. Nothing's going out. What's happened?
[DOCTOR] They're being held back. Oh, the power drains. (scans the ceiling) Vast teleportation hardware, with huge reserves of power building up. What if the power's been drained to be stored for one huge simultaneous teleport? All these deliveries, all at once.
[GRAHAM] To do what?
[DOCTOR] You said it looked like an army. What do armies carry?
[GRAHAM] Weapons?
[JUDY] But that's not a weapon, it's a toy.
[SLADE] And every parcel's got something different in it.
[DOCTOR] Almost. Except what does every parcel here have in common?

---------------------------------------

(Outside the room)
[CHARLIE] No, Kira, don't!
[YASMIN] Oh, my God. Is that what happened to Dan, and all the others too?
[RYAN] You knew something was going to happen.
[YASMIN] Charlie.
[CHARLIE] It's done this deliberately.
[YASMIN] We need to find the Doctor.

---------------------------------------

(Foundation level)
[DOCTOR] Deadly bubble wrap. Totally innocuous, apart from when it's intercepted here and weaponised. Sheets of tiny little bombs, ready to explode and kill. Every parcel a death-trap. The workers aren't the targets. It's the customers.
[GRAHAM] Kerblam's trying to kill their own customers? That's the worst business plan I've ever heard.
[YASMIN] Doctor, we've found you.
[RYAN] Kira's dead, and Charlie had something to do with it.
[JUDY] What?
[CHARLIE] Not Kira. It wasn't meant for her. The System took her. It's been fighting back against me.
[DOCTOR] Because it knew what you were planning. The maintenance man. Access to everywhere, noticed by hardly anyone.
[JUDY] You've been killing other workers?
[CHARLIE] I needed test subjects to be sure the detonation force would work in such a small concentration.
[JUDY] What? Charlie, how do you know all this stuff?
[CHARLIE] I lied on my application. Gave you a sob story, so you'd let me in, and you bought it. I've studied cybernetics, explosives, teleportation. I have worked for this.
[JUDY] I don't understand.
[CHARLIE] Ten percent? They want us to be grateful that ten percent of people get to work? What about the other ninety percent? What about our futures? Because without action, next time it will be seven percent, then five, then one. I am stronger than you. I am not going to stand by and accept it. People like me, my generation, we change things. We make things happen.
[DOCTOR] Even if it costs people's lives. You kill a load of customers at Kerblam, let the systems take the fall for it, erode people's trust in automation, make people angry.
[CHARLIE] Imperfect technology, without a conscience. Machines malfunction, that's what they do.
[GRAHAM] No, mate, that's what you're doing. Seriously malfunctioning.
[CHARLIE] I'm not your mate!
[DOCTOR] Except Kerblam's System does have a conscience. It's been fighting you, Charlie. It knew it. It sent a message across the galaxy, begging for help. That TeamMate in Slade's office, it was coming for you. And then Kira. It took her, knowing how you felt about her, to show you how it would feel. Because how you feel right now about Kira is how all those families and friends will feel if your plan goes off.
[CHARLIE] I don't care.
[DOCTOR] I think you do. I think you came here with a plan, but you didn't expect to fall in love. But that's what happens. Use it, Charlie, learn from it, please.
[CHARLIE] No! No. If that's the price to change how everyone on Kandoka sees technology, then it is worth it, for the cause.
[DOCTOR] This isn't a cause. You're not an activist. This is cold-blooded murder.
[CHARLIE] We can't let the systems take control!
[DOCTOR] The systems aren't the problem. How people use and exploit the system, that's the problem. People like you.
[CHARLIE] I don't care what you think. The delivery goes ahead.
[DELIVERY BOTS] Mass delivery procedures initiating.
[DOCTOR] Someone grab that controller!
[DELIVERY BOTS] Mass delivery procedures initiating.
[DOCTOR] What have you done?
[CHARLIE] You can't stop it now.
[YASMIN] Make it stop! We are not going to let you kill all those innocent people.
[DELIVERY BOTS] Destination coordinates locked. Preparing teleport.
[GRAHAM] Doc, I hope you've got an idea of how to fix that.
[DOCTOR] Not enough time to fix it. Wait. New idea. Oh, not enough time for that either. Maybe worth a go.
[GRAHAM] Maybe?
[DOCTOR] I mean definitely. Grab the postman's head.
[RYAN] What?
[DOCTOR] Just like Judy did in the office, do it! Now! I need to stop this.
[SLADE] Does she know what she's doing?
[YASMIN] Some of the time, definitely.
[YASMIN] Oi! Get back here! Stop him.
[GRAHAM] Charlie!
[CHARLIE] She can't stop it now. Those deliveries are going to be teleported out. I'm sorry.
[DOCTOR] Twirly, I need your help.
[TWIRLY] Safe mode off. Hello again. Customers with your current medical symptoms browsed blood pressure medication.
[DOCTOR] This is important. I've linked you into the new System, to all the delivery bots, and I have a request.
[DELIVERY BOTS] How may we help?
[DOCTOR] Change of delivery address for every order about to teleport. New address, right here, this hangar, right where we're standing. I want every Kerblam man to deliver to themselves.
[DELIVERY BOTS] Delivery orders accepted.
[DOCTOR] I want every Kerblam man to open the order they've just delivered to themselves, making sure they do what everybody does with bubble wrap.
[DELIVERY BOTS] Orders confirmed.
[GRAHAM] Charlie! Get back up here, please.
[DELIVERY BOTS] Delivery in process.
[CHARLIE] What's going on?
[DELIVERY BOTS] Delivery received.
[YASMIN] Doctor, they're about to detonate!
[DOCTOR] Charlie, last chance. Get out of there now!
[DELIVERY BOTS] Opening delivery. Activating bubble wrap.
[GRAHAM] Doc, get us out of here.
[DELIVERY BOTS] And remember, if you want it, Kerblam it.

---------------------------------------

(Reception)
[DOCTOR] If you want it, Kerblam it.
[SYSTEM] Kerblam is experiencing a momentary technical difficulty. Our expert engineers are already working to get the systems up and running again as quickly and safely as possible. In the meantime, why not consider a personal mindful moment?

---------------------------------------

(Home Zone)
[SLADE] We're suspending all operations for a month, pending review and while the TeamMates are rebuilding Dispatch.
[JUDY] All our workers have been given two weeks' paid leave, free return shuttle transport. And I'm going to propose that Kerblam becomes a People-Led Company in future. Majority organics. People, I mean. We're always looking for good workers to join our management team.
[DOCTOR] Er, thanks. We're strictly freelance.

---------------------------------------

(Tardis)
[YASMIN] Doctor, can I make a request?
[DOCTOR] Always.
[YASMIN] If Dan hadn't have switched scanners, it would have been me in that test room. He saved my life. I want to take this to his daughter. Tell her how much he loved it.
[YASMIN] How much he loved her.
[DOCTOR] It's the least we can do.
[RYAN] Put it down. It's Kerblam bubble wrap.
[DOCTOR] Er, you sure you want to pop that?
",2018-11-18,Doctor Who - Kerblam!
"Doctor Who (2 Dec 2018; Thirteenth Doctor) - It Takes You Away

[GRAHAM] Ah, nice fjord. That is a fjord, innit? Got your bearings yet, Doc?
[DOCTOR] Norway. Definitely Norway. One of the frilly bits on the top.
[DOCTOR] Stay back!
[DOCTOR] It's fine. It's only 2018. I thought we'd leapt into the Woolly Rebellion.
[YASMIN] Sorry, what?
[DOCTOR] The Woolly Rebellion. In 193 years, there's a total renegotiation of the sheep-human relationship. Utter bloodbath.
[GRAHAM] I've always fancied the idea of Norway. What bit's this?
[DOCTOR] Don't know. (eats some soil) But twenty five miles away, there's an alpaca farm, and gift-shop with a very low TripAdvisor rating. Soil?
[GRAHAM] I'll give it a miss, ta.
[RYAN] There's a nice little house down there.
[DOCTOR] Oh, yeah. A cottage, in Norway, in winter, with a chimney but no smoke.
[GRAHAM] Could be a holiday let.
[DOCTOR] Maybe. Shall we take a walk?
[GRAHAM] Me and your Nan used to talk about coming to Norway.
[RYAN] And what stopped you?
[GRAHAM] Well, just never got round to it, you know?

---------------------------------------

(Outside the cottage)
[GRAHAM] Oh, look at that. Someone got a bit overexcited with the DIY.
[YASMIN] Those panels look more like barricades than repairs. Looks like it's been abandoned.
[RYAN] Hey, did you see that? Someone's in there.
[DOCTOR] Anyone in?
[DOCTOR] Quick look? Set our minds at rest.

---------------------------------------

(Cottage)
[DOCTOR] Three locks on a deserted house in the middle of nowhere.
[RYAN] Maybe we shouldn't be in here.
[YASMIN] There's a child in this house.
[GRAHAM] Or some maniac that collects kids' shoes.
[DOCTOR] You two, go check upstairs.
[GRAHAM] All right.

---------------------------------------

(Upstairs)
[GRAHAM] Ryan, sweet wrappers.
[RYAN] It's okay, it's okay. I'm sorry, we didn't mean to scare you.
[DOCTOR] Hi. We want to help. What's your name?
[GRAHAM] Not hungry, are you? Cos these days I always carry a cheese and pickle sarnie, you know, just for emergencies.

---------------------------------------

(Cottage)
[RYAN] You carry sandwiches with you every time you leave the Tardis?
[GRAHAM] Yes, well, I've learned the hard way, ain't I? I mean, we can go a long time without eating and I get a bit cranky with the old low blood sugar level.Now, I always come prepared.
[HANNE] Who are you people, and how did you get into our house?
[DOCTOR] I'm the Doctor, this is Yaz, Ryan and Graham. We were out walking but we got a bit worried something was wrong here.When you say, our house, who lives here with you? If you don't mind me asking, what's got you so scared?
[HANNE] The thing.
[YASMIN] What thing, sweetheart?
[HANNE] The thing my dad was defending the house from. It got in and took him.
[DOCTOR] What did this thing look like?
[DOCTOR] What's your name?
[HANNE] Hanne.
[DOCTOR] Are you blind, Hanne?
[HANNE] Please, help me find my dad.

---------------------------------------

(Outside the cottage)
[HANNE] I heard the thing out here before I went to sleep and, in the morning, my dad was gone.
[RYAN] You don't know it actually got in? How do you know your dad didn't just pack up and go?
[HANNE] My dad would never just leave me, okay?
[YASMIN] Ryan.
[RYAN] What? How long's he been gone?
[HANNE] Four days.
[RYAN] Okay.
[YASMIN] Love your top. I'm from Sheffield, same as the Arctic Monkeys. My cousin saw their first-ever gig.
[HANNE] My mum saw their first gig in Norway. This T-shirt was hers.
[DOCTOR] Where is your mum, Hanne?
[HANNE] She died.
[DOCTOR] I'm sorry to hear that. You must miss her.
[HANNE] All the time. So does my dad.
[YASMIN] Of course. And I think what Ryan meant to say was, obviously your dad would never want to leave you, but what if he went out to work or something, and got lost, or hurt?
[HANNE] He quit work when we left Oslo. And our boat's still here. I walked down and checked.
[HANNE] We need to get inside. It always comes out around now.
[DOCTOR] The same time every day?
[HANNE] That's when it hunts.
[GRAHAM] Poor kid.
[RYAN] You're not buying that? Her dad's done a runner and she's making this monster stuff up.
[DOCTOR] Let's not make any assumptions. You two, have a look in the shed. Graham, let's check out the house. Don't be out here too long.

---------------------------------------

(Cottage)
[GRAHAM] Do you miss the city?
[HANNE] Sometimes. But my dad wanted a change after my mum died.
[GRAHAM] So, what, he came here, to get away from all the memories?
[HANNE] Yeah. And it had been empty for ages, so it was cheap.
[DOCTOR] Was it your dad who put these boards and locks everywhere?
[HANNE] The day before he disappeared. I told him he was mad. There's nobody for miles. But he just said, there are worse things out there than people.

---------------------------------------

(Outbuilding)
[YASMIN] Urgh! What's that smell?
[RYAN] I don't think I want to know.
[YASMIN] (laughs) Did you just yelp?
[RYAN] A row of dead birds ain't normal.
[YASMIN] Normal for Norway, maybe.
[RYAN] You were great with her back there. I'm rubbish with kids.
[YASMIN] I've had training. You have to reinforce whatever it is that makes them feel safe. Ryan...
[RYAN] What are they? Animal traps?

---------------------------------------

(Cottage)
[HANNE] It's coming!

---------------------------------------

(Outside the cottage)
[RYAN] Doctor! Doctor!
[DOCTOR] Did you see it?
[YASMIN] No. But Hanne's dad did.
[RYAN] He's got a shedload of them in the... shed. And that's not normal, even for Norway.
[DOCTOR] What is that thing?
[RYAN] I dunno, but it sounds like it's coming from the woods.
[DOCTOR] Inside.

---------------------------------------

(Cottage)
[DOCTOR] We need to secure the house. Yaz, Ryan, block the back door. Graham, take look-out from the upstairs window.
[GRAHAM] On it.
[HANNE] It takes you away, it takes you away, it takes you away...
[DOCTOR] Hanne, listen to me. Whatever is out there, we will keep you safe.
[HANNE] But it takes you away.

---------------------------------------

(Upstairs)
[DOCTOR [OC]] See anything?
[GRAHAM] Nothing yet.
[RYAN] Whoa!
[GRAHAM] Argh! Don't do that!
[RYAN] Why are we not in the mirror?
[GRAHAM] I don't know.
[RYAN] We'd know if we were vampires, right?
[GRAHAM] Yeah.
[GRAHAM] Oh, what's that noise?
[DOCTOR] Get away from the mirror, both of you.
[DOCTOR] Keep back.
[GRAHAM] Hey, we're there.
[RYAN] What just happened?
[DOCTOR] Not entirely sure but I really don't like it. Did you see it change? What happened here?
[GRAHAM] I just heard this noise. I come over to the mirror and I wasn't reflected in it.
[GRAHAM] There it is again! And that noise.
[DOCTOR] Nobody move.
[DOCTOR] Locked it, mid-whatever it was doing. Can I just say, I love my sonic. Now. When is a mirror not a mirror?
[DOCTOR] Oh, wow, wow. Oh! I'm okay. Mostly. Bit of a head wonk. Otherwise, I'm totally fine. Solid seven out of ten. Six and a half at a push.
[HANNE] What was the noise?
[YASMIN] The whole house started to vibrate.
[DOCTOR] Hi, Yaz. Hi, Hanne. Lots going on.
[HANNE] Was it the thing outside?
[DOCTOR] No. This mirror in your dad's bedroom seems to be a portal.
[YASMIN] When you say a portal...
[DOCTOR] A doorway to another world, or dimension, or who knows what. But let me tell you, it really messes you up.
[HANNE] What are you talking about?
[DOCTOR] I know. Big thing to find out. I should've broken it to you a bit more gently. But, like I said, head wonk.
[GRAHAM] Whatever's in the woods, could it have come through this portal?
[DOCTOR] Possibly. Don't know. I didn't see much. I need to take a proper look.
[GRAHAM] Hey, Doc. Do you think it's safe?
[DOCTOR] I doubt it. It's a juddering dimensional portal in a mirror in a Norwegian bedroom.
[YASMIN] I'm coming with you.
[GRAHAM] Me too.
[RYAN] So am I.
[HANNE] And me. Whatever's happening, I'm staying with you.
[DOCTOR] I can't let you do that, Hanne. I don't know what's through there. You're safe here. Your dad made sure of that.Also, I need you to keep protecting this house from whatever's outside. Ryan'll stay here with you.
[RYAN] Oh, what?
[HANNE] Not him.
[RYAN] Hey, what's that for?
[DOCTOR] Both of you, stay clear of the mirror. It's already tried to lure in Graham.
[RYAN] Yeah.
[GRAHAM] Eh? I wasn't lured. It's not like I gave it my credit card details.
[DOCTOR] This is a map of the house with its most vulnerable points. Make sure you take care of them.
[RYAN] Yeah.
[DOCTOR] What's your dad's name, Hanne?
[HANNE] Erik. You will find him, won't you?
[DOCTOR] I'll do everything I can.
[GRAHAM] I'm really not sure this is a good idea. Oh, here we go!

---------------------------------------

(Tunnel)
[GRAHAM] I can barely see a thing.
[DOCTOR] Some sort of space-time portal has latched onto that mirror, but it shouldn't look like that, all these weird shards of light. It's like the portal's been pulled in half. By rights, we should've stepped into another world.YASMIN
[DOCTOR] Not according to my readings.
[GRAHAM] Are we still in Norway or not?
[YASMIN] How Nordic does this look to you?
[GRAHAM] Not very.
[DOCTOR] Let's look around, carefully.
[GRAHAM] Hey, Doc, there's some lights around that rock.
[DOCTOR] Nice spot, Graham. Both of you, stay close. Let's make sure we can find our ways back.
[GRAHAM] Is that string? Very hi-tech.
[DOCTOR] Hi. Sorry to bother you. Have you seen either a very loud creature heading that way, or a Norwegian human possibly heading the other way?Name of Erik, the human. His daughter's missing him.
[RIBBONS] Such tragedy. Makes me hungry. No.
[DOCTOR] Fine. If you can't help us, can we have your lantern? Cos you seem to have a monopoly on light here.
[RIBBONS] No charity. Only trade.
[RIBBONS] Away! Lantern not yours.
[GRAHAM] All right. I was only looking.
[YASMIN] Take it easy.
[RIBBONS] Bird is lunch. Maybe codger is tea.
[GRAHAM] Who are you calling a codger? It's you who stinks of your own wee.
[RIBBONS] That's not my wee.(The Doctor holds out the Sheffield sonic as if it is a weapon.)
[DOCTOR] Let him go, cos you do not want those words to be your last ones.
[RIBBONS] Madam, my name is Ribbons of the Seven Stomachs. I so want your tubular. Such a shiny tubular. Because Ribbons did see the man you seek, trade is now possible. With this tubular, you can buy this tasty information. Plus one lantern.
[DOCTOR] What did he look like, this man?
[RIBBONS] No horns, one mouth. So ugly, like you. But such nice big boots.
[DOCTOR] So he's alive. Was anyone with him? Or any thing?
[RIBBONS] You find when I take you. But only with payment. Tubular, please. Now.
[DOCTOR] Payment on delivery. And leave the knife here.
[GRAHAM] Hey, Doc, you're not going to give him the sonic, are you? Look, he's got a belt full of massive dead rats with six legs.
[YASMIN] Graham's right. For all we know, he took Erik. And now you want us to follow that nutter into the dark?
[DOCTOR] No, I want you to follow this nutter into the dark. There's three of us and only one of him. Not counting the rats.
[RIBBONS] Important to stay quiet, friends. Here, light, in good faith. Follow Ribbons to missing Daddy.

---------------------------------------

(Upstairs)
[RYAN] Have you always been blind?
[HANNE] Basically. I can see light if it's super close.
[RYAN] Ah. Must be hard.
[HANNE] I don't need you to feel sorry for me.
[RYAN] Why don't you like me?
[HANNE] You thought my dad would leave me.
[RYAN] Okay, I'm sorry. I was wrong.
[HANNE] Which bit of the house is weakest on the map?
[RYAN] Er, the conservatory. I mean, I mean the porch.
[HANNE] That's not a map, is it? It sounded like she was writing something.
[RYAN] It's totally a map.
[HANNE] What are you hiding from me? I want to go with them.
[RYAN] The Doctor told us to stay here.
[HANNE] I want my dad! Let go of me!
[HANNE] Hey, give me that key. You can't just grab me and drag me around. I could call the police.
[RYAN] What, and tell them about the monster? Or the portal in the mirror? How's that going to help?
[HANNE] It's not cool you lying to me about what she wrote on the wall.
[HANNE] That was closer.
[RYAN] How about we stop arguing and re-check our defences?

---------------------------------------

(Tunnel)
[DOCTOR] Where exactly are you taking us, Ribbons?
[RIBBONS] Relax. Enjoy Ribbons.
[DOCTOR] Oh, we are. So tell us about these lanterns you're so proud of.
[RIBBONS] My design. The only light here.
[DOCTOR] Where is here?
[RIBBONS] Information is sadly so expensive. You don't have such credit.
[DOCTOR] But you live here, presumably? I mean, given there's a portal right where we found you and you've chosen not to use it.
[RIBBONS] Oh, you ask the clever questions. I bet your brain tastes so delicious.
[DOCTOR] What's that?
[RIBBONS] Flesh moth. Your fault. Keep still.
[YASMIN] That is one vicious moth.
[RIBBONS] Won't hurt clothes, but they strip the meat off your bones. Luckily anything can be distracted with a little bit of food.Onwards, friends. Ribbons will clear and follow.

---------------------------------------

(Outside the cottage)
[RYAN] Oh, you've got to be kidding me.
[RYAN] Why would you do that? Hanne!

---------------------------------------

(Cottage)
[RYAN] Hanne, you don't need to be scared, there's no creature out there.

---------------------------------------

(Tunnel)
[YASMIN] I've totally lost my bearings. It's like some kind of maze, this.
[DOCTOR] Is this is where you saw Erik?
[RIBBONS] Oh, no, no, no, no. Ribbons presents your weakest negotiating position.
[DOCTOR] What are you talking about?
[RIBBONS] Sadly, you have no umbilical.
[DOCTOR] No Erik, no sonic.
[RIBBONS] Oh.
[GRAHAM] Argh!
[DOCTOR] Two knives. Of course he's got two knives.
[RIBBONS] All we have here is such renegotiation. You have no way home. I can show you, but such delicious showing costs more.
[GRAHAM] My God, how can you smell worse than last time?
[RIBBONS] Flesh moth is following. We must get rid of it or more will come. Final rat. Not biting.
[YASMIN] Can't we ditch the lantern?
[RIBBONS] No. Dark is worse.
[DOCTOR] What is this place, Ribbons?
[RIBBONS] Antizone.
[DOCTOR] Oh, no.
[YASMIN] Is this a good thing, or a bad thing?
[DOCTOR] An antizone is a thing the universe makes wherever the fabric of Space-Time is threatened. Like a protective buffer zone to keep threats at bay.And we're in the middle of it. How did you even get here, Ribbons?
[RIBBONS] Always been here.
[DOCTOR] Ah!
[YASMIN] What's happening?
[RIBBONS] Flesh moths summoning its swarm. Signal kills my lantern. Too many will come now! You should run. My tubular now!
[GRAHAM] No, you don't, sunshine! How's that for an old codger, hey, two knives?
[RIBBONS] Silence. They are here.
[DOCTOR] Yaz, Graham, do not move a muscle. He wanted us to run. So stay completely still.
[DOCTOR] No, Ribbons, don't!
[RIBBONS] No, not me! Attack the anomalies, not me! Argh!
[DOCTOR] Nice and quiet. Now run!
[YASMIN] Keep going, there's a light ahead.
[GRAHAM] There's the portal.

---------------------------------------

(Bedroom)
[GRAHAM] What was that?
[DOCTOR] I don't know, but I think we're safe for now.
[YASMIN] Hey, have they moved things around in here? Everything looks different.
[DOCTOR] I don't think that was the same portal we came in through.
[GRAHAM] But if that wasn't the same portal, how we are back in this bedroom?
[DOCTOR] Looks to me like we've ended up the other side of the mirror.

---------------------------------------

(Cottage)
[RYAN] Hanne!

---------------------------------------

(Living room)
[DOCTOR] Not interrupting, are we?
[ERIK] Ah!
[DOCTOR] Ah!
[ERIK] What are you doing in my house?
[DOCTOR] What are you doing in your house? And how is this your house, Erik? It can't be, can it?!
[ERIK] Who are you and how do you know my name?
[DOCTOR] Put that down. We just came through an antizone, sent by your abandoned daughter, and it wasn't much fun.
[ERIK] Hanne's not abandoned.
[GRAHAM] Oh, yes, she is, mate. She's scared and hungry and thinks you've been abducted.
[ERIK] She's a teenager. There's food in the freezer. She's fine without me.
[GRAHAM] There's a monster on the loose in the woods outside your house.
[ERIK] No, there isn't.
[DOCTOR] You seem very sure about that.
[ERIK] It's just recordings so she doesn't go out up into the hills.
[DOCTOR] You turned your house into a fortress to keep your daughter scared?
[ERIK] To keep her safe, while I'm gone.
[YASMIN] That is a shocking bit of parenting.
[DOCTOR] You knew you were coming here.
[YASMIN] So why did you make the bear traps?
[ERIK] Because there are bears. No monster, but the occasional bear. Look, thanks for coming. I'll go back soon, but you can go now.
[GRAHAM] I'm going to hit him.
[YASMIN] No you're not. I am.
[DOCTOR] Nobody's going to hit anyone. Long day. Flesh Moths and antizones. Now, who else is here, Erik? Who don't you want us to see?
[ERIK] I don't know what you mean.
[DOCTOR] Yes, you do. Two plates.
[TRINE] Hi. I'm Trine, Erik's wife.
[DOCTOR] Erik! You got mirror married?
[ERIK] No. Trine is Hanne's mum.
[GRAHAM] Hanne's mum's dead.
[TRINE] In your world, I am. But not here.
[TRINE] What are you doing?
[YASMIN] Is this some kind of alternate reality where Trine doesn't die?
[DOCTOR] I don't know what this is.
[TRINE] Neither do I. I mean, I died. I remember it. But here I am.
[ERIK] She can't leave. We've tried, but she can't go through the mirror. I know I stayed away from Hanne too long, but I kept thinking, what if I go and I can't come back? I can't lose Trine again.
[GRAHAM] You've got get your priorities straight, mate. Your daughter needs you. Come on.
[TRINE] Don't you want to see your friend?
[DOCTOR] What are you talking about?
[TRINE] She got here when you did.

---------------------------------------

(Garden)
[DOCTOR] All right?
[GRAHAM] I know that sound.
[GRACE] Graham O'Brien. You'd better tell me right now what's going on.
[GRAHAM] Don't do this to me.

---------------------------------------

(Tunnel)
[RYAN] Don't move. Stand really still. It's me, Ryan. All right, er, I'm just going to sort something. Then we're going to move together. There's a light stashed here.
[RYAN] All right, just hold my sleeve.
[HANNE] Where are we?
[RYAN] No idea. Stay close. All right.
[HANNE] Tell me what you can see.
[RYAN] Well, there's kind of a cave. A nice cave, though. You ever been to the Peak District? Bit like that.
[HANNE] Ryan, you're lying to me. I'm sorry for slamming the door on you. I had to get in here to find my dad.
[RYAN] Fine. You want the truth? The monsters in the woods were just recordings. I reckon your dad did that to keep you inside. He should've just got Wi-Fi.
[HANNE] He lied to me?
[RYAN] Yeah.
[HANNE] And now you're lying to me about how bad it is in here.
[RYAN] I'm trying to look after you.

---------------------------------------

(By the log store)
[GRACE] I know this sounds daft but, am I real? That creature on t'crane. It killed me. But now, I'm here with you. I don't understand.
[GRAHAM] No. Neither do I.
[GRACE] Why are you being so off with me?
[GRAHAM] Because this is isn't possible.
[GRACE] I know. But I'm here, love. I'm real.
[GRAHAM] If you're Grace, tell me everything about this necklace.
[GRACE] It's mine. You gave it to me two Christmases ago. Same year Ryan got me a different frog necklace. Cos I like frogs.And you two didn't check with each other before you went shopping. And you're wearing it as a way of keeping me close.
[GRAHAM] This isn't fair. This has to be a trick. You... you can't be her.
[GRACE] I feel like me.

---------------------------------------

(Garden)
[YASMIN] That can't be Grace. Can it?
[DOCTOR] No. And you can't be Erik's wife.
[TRINE] I know. But we are, aren't we?

---------------------------------------

(Bedroom)
[DOCTOR] All right, no need to panic.
[YASMIN] I wasn't panicking.
[DOCTOR] I know, I was talking to myself. Cos all this is very wrong. Right, what do we know? This mirror is a direct portal between two worlds.We went into it in the real world. We came out of it in this world. But that antizone sprung up in the middle, splitting the portal in two.
[YASMIN] The buffer zone between the two worlds.
[DOCTOR] Exactly, cos antizones only exist where the fabric of the universe is under huge, terrible threat. Oh. So that means that one must be to stop this world and your world from ever touching. Wait, but that means that this world is dangerous. But how can it be dangerous? Also, what even has the power to create a copy world like this? Unless... Oh, no actual way!
[YASMIN] No actual way, what?
[DOCTOR] I've told you about the Solitract, right?
[YASMIN] Literally never heard the word before. Solitract?
[DOCTOR] Solitract! It's a theory, a myth, a bedtime story my gran used to tell me.
[YASMIN] You had a grandmother?
[DOCTOR] I had seven, but Granny Five, my favourite, used to tell me about the Solitract. Cos in the beginning - pre-Time, pre-everything - all the laws and elements and nuts and bolts of the universe were there. Light, matter, maths, and so on. But they couldn't fit together properly, because the Solitract was there.
[YASMIN] So what is the Solitract?
[DOCTOR] A consciousness, an energy. Our reality cannot work with Solitract energy present. The most basic ideas of the universe just get ruined. Think of it like a kid with chicken pox - nuclear chicken pox - who wants to join in but always ends up infecting everyone else. Our universe cannot work with the Solitract in it.
[YASMIN] Your gran told you this as a bedtime story?
[DOCTOR] Only when I had trouble sleeping. So, what did our universe do? It managed to exile the Solitract to a separate, unreachable existence. The Solitract plane.And suddenly, everything makes sense. The universe could finally work because the Solitract had been removed.
[YASMIN] Hang on. Are you saying we're now on the Solitract plane?
[DOCTOR] I wish I wasn't but I think I am. I'm scared. Are you scared? I'm genuinely terrified!
[YASMIN] This is a separate exiled universe that is also a consciousness.
[DOCTOR] That's what Granny Five said. A conscious universe. She also said that Granny Two was a secret agent for the Zygons, but she seems bang on with this one. But why? Why has the Solitract copied your world, including Grace and Trine, and built a doorway to our universe?
[YASMIN] When you put it like that, it sounds like a trap.

---------------------------------------

(By the log store)
[GRACE] What are you doing in Norway?
[GRAHAM] It's the Doc's ship. Oh, you'd love it, Grace. It's this old police box, and inside it's like a massive spaceship. It goes everywhere and anywhere.
[GRACE] She were telling the truth that night.
[GRAHAM] You remember everything, right?
[GRACE] Course I remember everything.
[GRAHAM] Yeah. I've been to an alien planet, Grace. Me. And I've met Rosa Parks.
[GRACE] Rosa Parks?
[GRAHAM] I know!
[GRACE] Sounds like you're doing fine without me.
[GRAHAM] I'm lost, Grace. I miss you. All my life, I was looking for you. Then I found you and I was so happy.
[GRACE] That makes two of us.
[GRAHAM] And then I lost you.
[GRACE] I'm here.
[GRAHAM] Yeah. I miss you so much. I miss you so much, Grace.
[DOCTOR] Graham, we're off. Now.
[GRAHAM] Fine. Yeah. Come on, Grace.
[DOCTOR] Yeah, sorry to be blunt. Hi, Grace. That's not Grace. No offence, Grace.
[GRACE] None taken, love.
[DOCTOR] She can't come, Graham. She's not real.
[GRAHAM] Oh, I think you're wrong.
[DOCTOR] I'm not wrong.
[GRAHAM] She remembers everything.
[DOCTOR] I know this is difficult.
[GRAHAM] I mean, all the crazy things you've seen, Doc, I mean, you can't tell me that you know it's not her.
[DOCTOR] This whole thing is a con. I don't think even Grace knows it. I think this whole world is a trap, and she's part of it. Listen to me. It's her or the real world. You can't have both. Please, get inside. We're going.

---------------------------------------

(Bedroom)
[DOCTOR] I need to get this open and get Graham and Erik out of here. Oh, it won't budge! It must be controlled by the Solitract. Oh, and I can't force it with the sonic like before, because it's clever and it's adapting.
[YASMIN] What if you do something it hasn't dealt with before, like reverse the polarity or something?
[DOCTOR] Yasmin Khan, you speak my language.

---------------------------------------

(Tunnel)
[RYAN] Keep running, Hanne! In here! In here! Get down. Get down.

---------------------------------------

(Bedroom)
[DOCTOR] I think we're good to go.
[YASMIN] Nice work, Doctor.
[DOCTOR] Thank you, I do my best. Graham, Erik, time to go!
[GRAHAM] Come on, love.
[YASMIN] Graham, you heard what the Doctor said.
[GRAHAM] Grace, come on.
[GRACE] I'm not sure.
[DOCTOR] I can't hold it open much longer. Graham, Yaz, Erik, now please!

---------------------------------------

(Tunnel)
[RYAN] Run! There's the portal straight ahead. I'll distract them!

---------------------------------------

(Bedroom)
[DOCTOR] What are you doing here?
[ERIK] Hanne, it's me.
[HANNE] I heard my dad!
[ERIK] It's okay. It's okay. I'm here.
[HANNE] Where are we? What's happening?
[DOCTOR] The portal's adapted again. I can't open it.
[ERIK] I've got a surprise for you. It's your mum, Hanne. She's alive.
[HANNE] What?
[TRINNE] Hanne. Oh, my gorgeous girl.
[HANNE] I don't know who you are, but you are not my mum.
[HANNE] Ryan? Ryan!
[YASMIN] Ryan's not here. Wait, was he in the antizone with you?
[HANNE] He's still in there with those things.
[DOCTOR] The portal's shut and Ryan's still in there.
[GRAHAM] Well, get it... get it open. We've got to help him.
[GRACE] No!
[GRAHAM] What you mean, no?
[DOCTOR] This world is falling apart because of us still being here. You and us are still totally incompatible. Erik being here may have been manageable, but five of us? That's a lot more incompatible stuff! You've gone over capacity. You need to let us go now.
[TRINE] Is it me or is this woman completely mad?
[GRAHAM] Grace and Trine aren't doing this.
[DOCTOR] Of course they are. They're made of Solitract energy. Hanne can sense it, why can't you? Why? What did you build this all for? Oh, I'm dumb. Of course. You want the same thing you've always wanted. To be with us. So you've built a world you thought we'd like, and taken forms we won't reject.
[GRACE] Don't listen to her, love.
[YASMIN] Don't take advantage of him. You're not Grace. The real Grace was a beautiful smiling superstar. And you know what she was above all else? She was brave. And she'd be leading the charge through that mirror.
[DOCTOR] Yaz!

---------------------------------------

(Tunnel)
[YASMIN] Argh! Ryan! Ryan!

---------------------------------------

(Bedroom)
[TRINE] How did I do that?
[DOCTOR] Oh, I think you know.
[HANNE] I want to go home.
[TRINE] Hanne. Don't be scared. Erik, tell her it's okay.
[ERIK] Hanne, we're in a place, and it's close enough to home. We can stay. I wouldn't ask you to stay if it wasn't safe.
[HANNE] You would, Dad. You're not well. You haven't been since Mum died. You're not my mum. Whatever you are, I hate you. Now, let me out!
[DOCTOR] Graham, Yaz and Hanne have shown us how to do this. Ryan is out there in danger, and this place is collapsing in.
[GRAHAM] Doc, I know what you're asking me to do. I just... I just can't do it.
[DOCTOR] She's not your wife. She's furniture with a pulse.
[GRACE] She doesn't know. She can't know.
[DOCTOR] Graham, please. I know how hard this is for you. But let her go or we're all going to die.
[DOCTOR] I know, deep down, you still blame yourself for what happened to Grace. It was not your fault. Please, reject her, because you know that is not Grace.
[GRACE] Don't leave me, love. Not again.
[GRAHAM] What about Ryan? He's in trouble out there, love.
[GRACE] He'll be fine. He's a smart lad.
[DOCTOR] This reality's collapsing, Graham!
[GRAHAM] So close. You were so close. You see, Grace would never let me leave Ryan in danger. You're a fake. I wish you weren't, but you are.
[DOCTOR] Oh, Grace.
[ERIK] What happened to her?
[DOCTOR] Surplus to requirements. Now do you believe me? Erik, this woman is clearly an alien force collapsing two realities and impersonating your dead wife. Time to move on, mate.
[ERIK] But I can't.
[DOCTOR] No. Of course you can't. Fine. Congratulations. Erik wants you. Just one thing. This world is falling apart. I reckon you can only keep one of us. You sure he's your best option? Cos the Solitract doesn't want a husband, you want a whole universe. Someone who has seen it all, and that's me. I've lived longer, seen more, loved more and lost more. I can share it all with you. Anything you want to know about what you never had. Cos he's an idiot with a daughter who needs him. So let him go and I will give you everything.
[ERIK] You're not Trine.
[DOCTOR] Finally, Erik.
[DOCTOR] You can stop being Trine now, cos this universe is going critical. If it blows, it'll take out the antizone and my universe too!
[DOCTOR] Er, why is there a frog in here?
[SOLITRACT] You said I could stop being Trine.
[DOCTOR] The Solitract is a frog? Who talks like Grace?
[SOLITRACT] My own form is endless, but this frog is a form that delights me, as it once delighted Grace.
[DOCTOR] Ah, and there's me thinking the day had no more surprises left.
[SOLITRACT] Now, please, tell me of your universe.
[DOCTOR] You think words can do it justice? It's really big... and incredibly beautiful. And, apparently, I've just said goodbye to it. But the thing I'm going to miss the most is the people. My friends.
[SOLITRACT] I will be that. We will be that. Friends!
[DOCTOR] Right, me and a conscious universe masquerading as a frog, BFFs.
[DOCTOR] Whoa! Did you just see that? Cos I wouldn't be much of a friend to you if I didn't point out you're not in control of this.
[SOLITRACT] You're wrong. This is my plane. I control everything here.
[DOCTOR] So you can see that it's still destabilising? Me being here is going to kill us both. You may want us to be together, but it's not working. It can never work.
[SOLITRACT] You're lying to me because you want to leave.
[DOCTOR] No. I'm your friend. But friends help each other face up to their problems, not avoid them. This is... You are the maddest, most beautiful thing I've ever experienced, and I haven't even scratched the surface. I wish I could stay. But if either of us are going to survive, you're going to have to let me go and keep on being brilliant by yourself.
[SOLITRACT] I miss you. I miss it all so much.
[DOCTOR] I know. But if you do this, I promise, you and I will be friends forever. You have to let me go.
[SOLITRACT] I will dream of you out there without me.
[DOCTOR] Goodbye.

---------------------------------------

(Tunnel)
[DOCTOR] Ah! Thrown by a frog! Brilliant! Oh, er.
[GRAHAM] Flaming rocks! I'm never coming here again!
[RYAN] Graham!
[GRAHAM] Ryan, you're safe!
[RYAN] I got you, Graham.
[GRAHAM] The whole place is disintegrating! Keep going! There's the portal!
[RYAN] What about the Doctor? Where's the Doctor?
[DOCTOR] Coming through!

---------------------------------------

(Upstairs)
[HANNE] Are we safe?
[DOCTOR] From the Solitract, yes. Don't know if it survived. But it won't be coming back here. Shame. Made a new friend, a whole conscious universe, then I had to say goodbye.

---------------------------------------

(By the log store)
[DOCTOR] What do you think you'll do?
[ERIK] It's time we went home. It's not good for any one of us to be here now.
[HANNE] To Oslo?
[ERIK] Oslo, yes. To our flat, and some Wi-Fi, and friends.
[HANNE] Thank you.
[DOCTOR] Any time.
[YASMIN] Bye.
[RYAN] Bye, Hanne.
[DOCTOR] Come on, Graham. (walking off) It is a very nice fjord.

---------------------------------------

(Mountainside)
[DOCTOR] I see the sheep have moved on, probably off plotting. Come on!
[RYAN] All right?
[GRAHAM] All right.
[RYAN] Yaz said you saw Nan in there.
[GRAHAM] Yeah. I thought, maybe... But it wasn't her. Not really.
[RYAN] Must hurt.
[GRAHAM] Yeah.
[RYAN] I miss her, too. All the time. But at least we've got each other, eh? Grandad.
[GRAHAM] What did you just call me?
[RYAN] Why, you going deaf in your old age? Come on. Tardis.
",2018-12-02,Doctor Who - It Takes You Away
